m_name,m_surname,m_email,m_birth_year,m_birth_month,m_birth_day,m_group,m_rating,m_phone_number
Іван,Кравченко,ivan.kravchenko@student.org,1970,8,13,NXE-49,94.23,38(050)76-70-965
Дмитро,Гладко,dmytro.hladko@student.org,1995,8,9,LTJ-55,27.34,38(063)74-58-940
Остап,Король,ostap.korol@student.org,1985,1,14,WWU-13,4.91,38(096)10-61-977
Любов,Марченко,lyubov.marchenko@student.org,1986,7,2,VET-47,40.85,38(066)19-82-831
Павло,Гайдук,pavlo.hayduk@student.org,1975,4,9,DHS-92,8.53,38(068)12-34-790
Віталій,Новік,vitaliy.novik@student.org,1977,12,4,EJE-20,1.29,38(098)76-16-556
Юлія,Рибак,yuliya.rybak@student.org,2005,10,19,UFI-24,96.8,38(068)96-90-907
Костянтин,Поліщук,kostyantyn.polishchuk@student.org,1977,8,21,WMT-69,82.48,38(063)91-64-891
Юлія,Дорошенко,yuliya.doroshenko@student.org,1963,4,9,TDY-78,88.48,38(073)51-85-527
Андрій,Ковальчук,andriy.kovalchuk@student.org,1958,10,8,XBO-96,58.01,38(067)59-10-760
Юлія,Демченко,yuliya.demchenko@student.org,1980,10,22,CJW-21,3.9,38(099)67-49-709
Ярослав,Король,yaroslav.korol@student.org,1955,10,18,IBG-59,65.64,38(073)72-68-530
Денис,Шевчук,denys.shevchuk@student.org,2002,5,15,GNN-28,16.71,38(066)62-33-620
Галина,Бойко,halyna.boyko@student.org,1979,6,12,DYS-79,65.9,38(098)77-66-918
Богдан,Білоус,bohdan.bilous@student.org,1993,4,21,EIO-63,20.92,38(098)22-82-551
Олександр,Демченко,oleksandr.demchenko@student.org,1976,5,19,OGM-36,5.68,38(095)83-21-430
Костянтин,Новік,kostyantyn.novik@student.org,1952,7,13,EHH-99,12.01,38(063)31-73-386
Віталій,Демченко,vitaliy.demchenko@student.org,1994,1,1,MNR-34,13.3,38(063)51-18-602
Михайло,Рибак,mykhaylo.rybak@student.org,2010,5,18,DTJ-21,20.68,38(098)78-49-610
Інна,Гайдук,inna.hayduk@student.org,1978,11,23,QSA-67,97.65,38(067)44-59-867
Вікторія,Король,viktoriya.korol@student.org,2006,1,31,ZEV-93,81.56,38(066)74-87-785
Тарас,Дорошенко,taras.doroshenko@student.org,1970,8,15,PIK-23,5.51,38(095)15-10-468
Андрій,Лебедь,andriy.lebed@student.org,1956,4,2,BSF-26,17.5,38(096)87-17-243
Тарас,Левченко,taras.levchenko@student.org,1958,1,11,XAP-70,42.97,38(097)88-40-557
Лілія,Гордієнко,liliya.hordiyenko@student.org,1991,6,29,WCV-17,61.38,38(095)40-39-966
Раїса,Гордієнко,rayisa.hordiyenko@student.org,1992,6,23,SWH-53,30.63,38(050)26-42-493
Алла,Гриценко,alla.hrytsenko@student.org,1969,2,20,WXL-20,13.55,38(096)80-10-660
Оксана,Білоус,oksana.bilous@student.org,1980,9,12,QIP-28,21.73,38(050)25-10-896
Дмитро,Шевчук,dmytro.shevchuk@student.org,1981,3,6,DKM-25,70.09,38(067)58-26-909
Денис,Бойко,denys.boyko@student.org,1985,7,8,BXF-92,49.96,38(073)80-90-275
Михайло,Романенко,mykhaylo.romanenko@student.org,1990,1,19,FOZ-92,31.91,38(067)96-65-689
Сергій,Руденко,serhiy.rudenko@student.org,1950,7,18,BRN-71,69.2,38(066)72-43-110
Надія,Демченко,nadiya.demchenko@student.org,1974,3,19,FOG-44,98.61,38(068)84-71-237
Станіслав,Гладко,stanislav.hladko@student.org,1958,12,13,QCK-38,66.48,38(096)63-36-382
Петро,Шевченко,petro.shevchenko@student.org,1956,12,7,IHT-89,28.21,38(073)26-46-946
Вера,Шевченко,vera.shevchenko@student.org,1965,7,14,UDA-50,63.56,38(096)25-62-240
Вера,Іваненко,vera.ivanenko@student.org,2010,11,19,YFX-15,75.08,38(068)36-81-827
Роман,Король,roman.korol@student.org,1988,7,5,ETZ-41,86.52,38(073)57-90-803
Анна,Литвин,anna.lytvyn@student.org,1994,11,16,IAZ-42,75.25,38(066)43-21-944
Лариса,Стельмах,larysa.stelmakh@student.org,1958,3,17,ZXE-12,47.1,38(068)55-50-930
Іван,Василенко,ivan.vasylenko@student.org,1995,3,30,JBK-13,70.05,38(095)87-27-223
Іван,Мельник,ivan.melnyk@student.org,2006,4,19,SIH-56,8.52,38(050)68-13-538
Валентина,Цимбал,valentyna.tsymbal@student.org,2004,11,13,ITD-13,74.91,38(067)80-41-226
Андрій,Панченко,andriy.panchenko@student.org,1957,8,2,SHY-12,98.76,38(066)89-25-355
Галина,Ковальчук,halyna.kovalchuk@student.org,1966,9,22,IRD-30,40.81,38(095)19-14-497
Андрій,Коваль,andriy.koval@student.org,1966,11,11,FKP-80,66.84,38(068)95-36-644
Інна,Кузьменко,inna.kuzmenko@student.org,1987,3,26,QXQ-62,13.34,38(098)81-85-275
Михайло,Коваль,mykhaylo.koval@student.org,1957,2,15,TTW-81,40.22,38(063)89-66-748
Станіслав,Зайцев,stanislav.zaytsev@student.org,1980,2,2,VCH-57,74.8,38(095)10-48-687
Максим,Лисенко,maksym.lysenko@student.org,1984,4,20,YYU-56,96.6,38(093)26-60-958
Світлана,Гриценко,svitlana.hrytsenko@student.org,1962,3,7,RFI-24,44.5,38(097)32-61-398
Ярослав,Левченко,yaroslav.levchenko@student.org,1971,5,9,XWJ-48,41.74,38(097)25-46-287
Надія,Гладко,nadiya.hladko@student.org,1986,6,6,KFS-31,56.11,38(073)71-88-122
Галина,Павленко,halyna.pavlenko@student.org,1965,10,31,KQI-14,36.6,38(066)32-43-795
Василь,Кравченко,vasyl.kravchenko@student.org,1975,9,15,IDL-49,16.62,38(096)16-35-468
Юрій,Савченко,yuriy.savchenko@student.org,1963,1,2,YDG-56,23.06,38(066)64-44-954
Світлана,Литвин,svitlana.lytvyn@student.org,1971,12,18,QIP-62,95.64,38(067)70-71-455
Богдан,Лисенко,bohdan.lysenko@student.org,2002,3,4,OMS-69,21.9,38(096)44-44-751
Богдан,Марченко,bohdan.marchenko@student.org,1950,9,7,HXP-30,30.8,38(063)25-92-103
Артем,Новік,artem.novik@student.org,2000,6,15,JDK-31,14.49,38(099)39-50-305
Ірина,Василенко,iryna.vasylenko@student.org,1984,9,24,IQP-64,61.67,38(093)77-23-458
Ірина,Омельченко,iryna.omelchenko@student.org,1983,5,18,GCU-67,44.23,38(073)76-97-876
Наталія,Левченко,nataliya.levchenko@student.org,1959,7,30,RQA-27,64.29,38(068)12-78-304
Олександр,Лебедь,oleksandr.lebed@student.org,1967,3,14,ZAI-54,11.71,38(066)44-24-117
Любов,Поліщук,lyubov.polishchuk@student.org,1982,2,11,BBC-63,31.21,38(093)55-47-181
Анна,Гриценко,anna.hrytsenko@student.org,1991,6,10,SMK-44,30.81,38(098)77-29-871
Роман,Дорошенко,roman.doroshenko@student.org,1969,2,6,MAD-27,79.81,38(073)50-20-683
Сергій,Зайцев,serhiy.zaytsev@student.org,1952,11,4,CGY-87,15.57,38(093)99-80-239
Тарас,Бойко,taras.boyko@student.org,1976,2,19,BSQ-40,83.33,38(050)71-37-402
Людмила,Савченко,lyudmyla.savchenko@student.org,1959,7,11,FKA-97,93.35,38(093)51-37-903
Оксана,Кравченко,oksana.kravchenko@student.org,1986,7,22,EUU-86,71.7,38(073)15-42-636
Олена,Панченко,olena.panchenko@student.org,1974,11,18,FKK-11,43.48,38(097)14-79-891
Анна,Руденко,anna.rudenko@student.org,1978,3,6,SSC-58,7.78,38(098)28-92-503
Денис,Поліщук,denys.polishchuk@student.org,1995,2,15,IFY-76,53.59,38(095)49-33-224
Остап,Макаренко,ostap.makarenko@student.org,1955,10,16,QLZ-84,16.78,38(093)55-65-528
Катерина,Лебедь,kateryna.lebed@student.org,1998,10,9,PBP-16,85.93,38(096)58-28-471
Любов,Дорошенко,lyubov.doroshenko@student.org,1977,7,6,ICV-97,45.21,38(098)76-49-563
Віктор,Гладко,viktor.hladko@student.org,1961,3,21,BGB-34,87.91,38(098)40-15-969
Євгенія,Білоус,yevheniya.bilous@student.org,1974,9,29,JCV-77,22.93,38(097)36-87-873
Федір,Демченко,fedir.demchenko@student.org,2002,10,1,WGM-82,19.74,38(096)92-43-536
Остап,Ткаченко,ostap.tkachenko@student.org,1992,7,15,MKC-39,83.51,38(067)51-33-759
Любов,Лебедь,lyubov.lebed@student.org,1970,11,15,ASK-84,50.72,38(096)95-13-299
Оксана,Лисенко,oksana.lysenko@student.org,1991,10,9,LUE-73,62.11,38(093)36-52-143
Валентина,Костенко,valentyna.kostenko@student.org,1963,9,12,SQB-29,75.31,38(093)72-54-137
Інна,Гайдук,inna.hayduk1@student.org,1980,7,1,GGX-20,81.11,38(099)83-19-145
Андрій,Захарченко,andriy.zakharchenko@student.org,2010,7,30,FHJ-12,41.11,38(068)33-22-674
Костянтин,Козлов,kostyantyn.kozlov@student.org,2008,8,24,ZSJ-70,72.53,38(066)36-14-527
Роман,Лисенко,roman.lysenko@student.org,1996,11,16,QPT-83,41.04,38(099)93-54-806
Михайло,Дорошенко,mykhaylo.doroshenko@student.org,1951,7,2,SQY-98,57.34,38(099)31-34-487
Іван,Савченко,ivan.savchenko@student.org,1950,11,9,EAJ-77,23.39,38(099)71-78-851
Вера,Шевченко,vera.shevchenko1@student.org,1985,9,14,AQW-53,16.32,38(099)59-92-319
Світлана,Панченко,svitlana.panchenko@student.org,1965,4,5,FBM-40,46.0,38(063)59-29-893
Станіслав,Шевченко,stanislav.shevchenko@student.org,1953,6,14,GLI-36,67.8,38(066)36-97-920
Станіслав,Поліщук,stanislav.polishchuk@student.org,1996,8,20,IXU-95,90.85,38(067)13-50-558
Вера,Гончаренко,vera.honcharenko@student.org,1950,1,18,XUB-80,95.1,38(097)81-92-341
Володимир,Лебедь,volodymyr.lebed@student.org,1984,3,19,GNP-66,96.43,38(068)55-13-302
Сергій,Король,serhiy.korol@student.org,1988,4,6,VOW-77,56.53,38(068)59-54-724
Людмила,Скрипка,lyudmyla.skrypka@student.org,1995,4,22,DCS-11,32.2,38(095)11-18-440
Олена,Костенко,olena.kostenko@student.org,2006,11,16,ZZL-26,33.01,38(066)97-10-148
Богдан,Левченко,bohdan.levchenko@student.org,1959,11,9,VRS-53,30.77,38(073)26-43-439
Денис,Кузьменко,denys.kuzmenko@student.org,1985,6,6,RTU-72,60.13,38(098)50-55-159
Богдан,Зайцев,bohdan.zaytsev@student.org,1994,11,1,WOJ-61,39.57,38(066)43-51-932
Станіслав,Цимбал,stanislav.tsymbal@student.org,1983,6,24,CFS-77,61.07,38(073)85-81-784
Григорій,Козлов,hryhoriy.kozlov@student.org,1960,12,13,UPF-31,78.81,38(097)70-33-199
Вікторія,Цимбал,viktoriya.tsymbal@student.org,1969,1,27,ITI-56,33.43,38(096)61-92-975
Володимир,Кравченко,volodymyr.kravchenko@student.org,1950,12,20,JMT-40,48.52,38(073)36-84-164
Тарас,Рибак,taras.rybak@student.org,1988,4,12,QJZ-38,19.02,38(095)92-77-169
Ярослав,Руденко,yaroslav.rudenko@student.org,1979,2,4,CXY-75,93.93,38(093)14-70-242
Раїса,Романенко,rayisa.romanenko@student.org,1991,11,16,KFV-94,98.33,38(068)29-55-959
Денис,Зайцев,denys.zaytsev@student.org,2007,12,2,UNH-31,12.43,38(050)48-68-828
Григорій,Романенко,hryhoriy.romanenko@student.org,1974,2,17,IFO-79,69.91,38(096)85-46-571
Вікторія,Лисенко,viktoriya.lysenko@student.org,1982,5,21,TCE-54,97.68,38(095)29-50-144
Надія,Гордієнко,nadiya.hordiyenko@student.org,1997,7,23,ACB-43,86.29,38(067)80-31-224
Ірина,Павленко,iryna.pavlenko@student.org,1975,8,13,KGO-40,55.22,38(068)68-35-479
Євгенія,Лисенко,yevheniya.lysenko@student.org,1954,3,21,SJF-89,94.88,38(099)88-58-466
Богдан,Гайдук,bohdan.hayduk@student.org,1994,8,19,SJT-73,97.84,38(098)28-49-600
Анна,Білоус,anna.bilous@student.org,1965,5,17,WGP-30,64.6,38(067)22-36-760
Віктор,Коваль,viktor.koval@student.org,1982,8,19,BGD-91,89.81,38(097)86-94-397
Роман,Білоус,roman.bilous@student.org,1979,12,26,XCO-19,43.63,38(099)37-30-233
Роман,Рибак,roman.rybak@student.org,2005,8,21,DLN-14,3.86,38(097)41-68-780
Олена,Дорошенко,olena.doroshenko@student.org,1955,7,15,XOD-78,17.47,38(066)76-96-656
Олена,Шевченко,olena.shevchenko@student.org,2010,3,16,OMJ-29,31.54,38(068)71-35-258
Ярослав,Гайдук,yaroslav.hayduk@student.org,1974,11,29,EHL-32,15.66,38(095)23-82-679
Ігор,Бойко,ihor.boyko@student.org,1986,9,12,OVL-88,77.34,38(050)17-40-490
Петро,Левченко,petro.levchenko@student.org,1959,2,23,IBZ-57,29.59,38(050)42-89-673
Артем,Мельник,artem.melnyk@student.org,2000,2,15,WSV-75,23.7,38(097)16-35-614
Дмитро,Литвин,dmytro.lytvyn@student.org,1951,2,26,BWV-10,78.9,38(068)74-78-432
Сергій,Коваленко,serhiy.kovalenko@student.org,1983,11,5,PWO-81,31.32,38(093)85-33-274
Євгенія,Цимбал,yevheniya.tsymbal@student.org,1992,5,2,ZYA-14,42.98,38(096)31-59-747
Марія,Захарченко,mariya.zakharchenko@student.org,1990,10,9,OFD-84,46.05,38(050)21-15-385
Вікторія,Кравченко,viktoriya.kravchenko@student.org,2001,2,28,LBO-71,1.19,38(063)54-31-817
Олександр,Михайленко,oleksandr.mykhaylenko@student.org,1984,10,4,TRY-78,80.09,38(050)95-19-860
Валентина,Костенко,valentyna.kostenko1@student.org,1990,1,27,DKW-52,14.0,38(050)95-26-309
Надія,Василенко,nadiya.vasylenko@student.org,1962,5,29,RDK-66,21.03,38(096)49-51-514
Роман,Цимбал,roman.tsymbal@student.org,2006,6,19,TGC-61,21.3,38(063)89-86-861
Наталія,Романенко,nataliya.romanenko@student.org,1983,7,17,NNG-38,9.51,38(063)53-18-867
Роман,Кравченко,roman.kravchenko@student.org,1955,12,25,EGG-91,55.6,38(073)85-96-363
Любов,Шевченко,lyubov.shevchenko@student.org,1982,2,3,VGF-50,55.26,38(063)25-20-404
Тетяна,Король,tetyana.korol@student.org,1975,1,22,EGB-60,48.32,38(099)14-69-710
Лариса,Василенко,larysa.vasylenko@student.org,2010,5,27,DUP-41,16.21,38(068)44-52-284
Тарас,Білоус,taras.bilous@student.org,1959,2,9,NAW-33,77.16,38(068)34-79-555
Марія,Омельченко,mariya.omelchenko@student.org,1968,10,10,SJL-57,83.03,38(098)67-69-910
Ганна,Цимбал,hanna.tsymbal@student.org,2001,2,3,NXE-49,31.69,38(099)73-46-476
Ганна,Гордієнко,hanna.hordiyenko@student.org,1954,10,16,UGG-87,87.65,38(093)65-73-667
Віталій,Романенко,vitaliy.romanenko@student.org,1951,10,8,XKB-28,31.52,38(095)35-81-991
Оксана,Панченко,oksana.panchenko@student.org,1964,8,15,NSK-85,14.65,38(097)66-73-870
Надія,Авраменко,nadiya.avramenko@student.org,1987,1,18,OSH-85,28.67,38(099)91-75-666
Лариса,Лисенко,larysa.lysenko@student.org,1991,8,7,OGZ-47,54.1,38(096)32-55-103
Євгенія,Омельченко,yevheniya.omelchenko@student.org,1987,11,6,RTX-70,37.12,38(066)48-75-587
Лілія,Панченко,liliya.panchenko@student.org,1997,11,21,EVP-88,87.0,38(063)42-13-233
Олександр,Бойко,oleksandr.boyko@student.org,2000,7,29,KPN-18,11.6,38(073)62-24-145
Інна,Гриценко,inna.hrytsenko@student.org,1981,8,29,YWU-86,64.34,38(096)22-69-620
Ігор,Коваленко,ihor.kovalenko@student.org,1969,4,2,BJY-31,89.74,38(097)54-68-817
Дмитро,Романенко,dmytro.romanenko@student.org,1995,10,6,KCY-24,9.82,38(095)53-96-204
Катерина,Михайленко,kateryna.mykhaylenko@student.org,1958,8,5,HLM-48,94.93,38(068)53-43-993
Богдан,Шевченко,bohdan.shevchenko@student.org,2007,12,24,NCP-23,59.48,38(095)42-96-214
Вера,Авраменко,vera.avramenko@student.org,1984,12,27,CRH-38,94.18,38(066)43-61-993
Федір,Цимбал,fedir.tsymbal@student.org,1962,7,29,ECM-82,66.69,38(095)98-25-807
Раїса,Макаренко,rayisa.makarenko@student.org,1967,4,1,TOC-81,76.83,38(066)18-93-746
Ярослав,Гордієнко,yaroslav.hordiyenko@student.org,2006,1,5,MLX-37,73.93,38(067)98-26-185
Інна,Коваль,inna.koval@student.org,1979,11,17,SUW-14,96.75,38(097)42-29-102
Анна,Лебедь,anna.lebed@student.org,1987,12,18,BSV-64,4.44,38(050)31-59-607
Ганна,Омельченко,hanna.omelchenko@student.org,1960,10,21,YXT-15,30.42,38(066)78-60-287
Юрій,Литвин,yuriy.lytvyn@student.org,2007,12,4,CGL-49,10.34,38(099)27-38-460
Раїса,Шевченко,rayisa.shevchenko@student.org,1990,3,1,QMJ-52,78.91,38(097)12-83-475
Оксана,Коваль,oksana.koval@student.org,1952,4,1,KDU-86,51.19,38(073)26-76-817
Ярослав,Демченко,yaroslav.demchenko@student.org,1995,6,29,DRS-37,98.2,38(098)10-86-942
Максим,Шевчук,maksym.shevchuk@student.org,1997,5,4,GSS-31,93.62,38(095)11-77-564
Марія,Коваленко,mariya.kovalenko@student.org,1961,7,6,CXZ-31,36.38,38(067)27-58-795
Петро,Петренко,petro.petrenko@student.org,1988,11,23,CYX-11,73.54,38(095)24-91-670
Олена,Михайленко,olena.mykhaylenko@student.org,1965,7,10,IZM-98,17.42,38(099)89-91-225
Любов,Коваленко,lyubov.kovalenko@student.org,2001,3,16,HHC-96,6.46,38(066)32-23-180
Лариса,Василенко,larysa.vasylenko1@student.org,1992,3,23,ZKH-86,77.47,38(095)11-98-865
Ірина,Шевченко,iryna.shevchenko@student.org,2000,2,16,UYV-51,78.98,38(095)52-84-275
Костянтин,Гриценко,kostyantyn.hrytsenko@student.org,1965,2,19,FQA-61,11.51,38(096)64-38-320
Станіслав,Гриценко,stanislav.hrytsenko@student.org,2001,4,7,XHB-14,68.49,38(068)97-95-560
Дмитро,Захарченко,dmytro.zakharchenko@student.org,1980,3,18,PUO-74,84.45,38(097)46-44-162
Галина,Ткаченко,halyna.tkachenko@student.org,1997,4,27,EZY-88,10.32,38(050)66-10-266
Віктор,Король,viktor.korol@student.org,1997,1,30,BDU-11,93.35,38(050)10-80-910
Лариса,Білоус,larysa.bilous@student.org,1953,1,13,ZPJ-44,51.26,38(097)33-33-952
Дмитро,Захарченко,dmytro.zakharchenko1@student.org,1959,12,28,CMO-77,38.06,38(093)92-88-694
Віктор,Павленко,viktor.pavlenko@student.org,1956,9,10,IEY-46,54.4,38(050)83-16-714
Людмила,Омельченко,lyudmyla.omelchenko@student.org,1992,3,16,MMI-15,15.72,38(067)72-55-747
Світлана,Кравченко,svitlana.kravchenko@student.org,2004,12,28,JTT-24,6.16,38(098)50-59-705
Остап,Панченко,ostap.panchenko@student.org,1969,6,8,NWJ-27,37.12,38(096)73-62-722
Любов,Гайдук,lyubov.hayduk@student.org,1985,1,4,CAA-51,75.09,38(093)44-83-993
Олександр,Король,oleksandr.korol@student.org,1997,10,2,GYI-76,74.14,38(050)96-88-216
Федір,Лебедь,fedir.lebed@student.org,2000,11,24,GPN-15,33.64,38(098)48-74-563
Сергій,Шевченко,serhiy.shevchenko@student.org,1984,11,29,XPH-46,60.9,38(063)51-35-698
Петро,Павленко,petro.pavlenko@student.org,1962,4,26,GCX-91,69.79,38(063)38-60-593
Олеся,Король,olesya.korol@student.org,1995,9,4,XES-22,61.35,38(096)59-93-817
Дмитро,Марченко,dmytro.marchenko@student.org,1951,8,25,ZNW-40,22.81,38(073)47-74-162
Валентина,Гайдук,valentyna.hayduk@student.org,1985,4,24,HEG-68,41.69,38(066)85-20-932
Максим,Лисенко,maksym.lysenko1@student.org,1997,5,6,YCX-14,97.24,38(063)63-83-221
Юрій,Авраменко,yuriy.avramenko@student.org,1976,1,21,ZGH-40,0.43,38(099)32-74-480
Лариса,Коваль,larysa.koval@student.org,1990,9,13,UHB-87,38.2,38(097)31-34-376
Надія,Литвин,nadiya.lytvyn@student.org,1953,7,12,FVW-14,64.74,38(099)26-19-432
Тарас,Шаповал,taras.shapoval@student.org,2001,6,17,JKA-80,6.19,38(068)47-98-624
Марія,Іваненко,mariya.ivanenko@student.org,2008,9,9,XPL-24,29.15,38(050)93-48-895
Володимир,Лисенко,volodymyr.lysenko@student.org,1985,11,12,GTU-63,13.84,38(063)55-16-550
Максим,Ковальчук,maksym.kovalchuk@student.org,1970,1,2,IBD-78,85.83,38(050)73-55-291
Раїса,Кравченко,rayisa.kravchenko@student.org,1995,12,7,UGG-87,63.35,38(068)58-18-791
Людмила,Романенко,lyudmyla.romanenko@student.org,1996,3,20,KIR-57,4.86,38(098)46-65-183
Станіслав,Ковальчук,stanislav.kovalchuk@student.org,1971,4,11,RUA-99,31.57,38(066)50-83-622
Віталій,Панченко,vitaliy.panchenko@student.org,2004,9,25,HPC-77,32.87,38(093)63-42-281
Анна,Захарченко,anna.zakharchenko@student.org,1967,7,14,EDJ-33,1.27,38(096)60-74-942
Лариса,Козлов,larysa.kozlov@student.org,1996,10,1,GTS-75,46.87,38(063)39-20-349
Анна,Скрипка,anna.skrypka@student.org,1966,9,20,YXS-87,18.54,38(068)71-88-440
Людмила,Павленко,lyudmyla.pavlenko@student.org,1957,4,30,QML-41,4.16,38(093)95-20-929
Олеся,Мельник,olesya.melnyk@student.org,1957,8,16,KGY-95,84.25,38(066)69-21-537
Катерина,Руденко,kateryna.rudenko@student.org,2002,7,16,ENS-86,81.71,38(073)17-23-249
Максим,Макаренко,maksym.makarenko@student.org,1990,4,24,HNV-49,9.1,38(098)69-31-259
Лілія,Захарченко,liliya.zakharchenko@student.org,2007,2,19,IEY-46,56.31,38(073)20-16-414
Артем,Панченко,artem.panchenko@student.org,2003,3,9,BOY-38,37.34,38(093)67-82-467
Артем,Костенко,artem.kostenko@student.org,2000,12,12,YLO-95,27.33,38(067)83-29-601
Олександр,Петренко,oleksandr.petrenko@student.org,1963,9,29,EUU-86,28.33,38(096)91-37-576
Станіслав,Василенко,stanislav.vasylenko@student.org,1976,11,21,OSV-93,17.16,38(063)12-21-707
Марія,Король,mariya.korol@student.org,1992,1,3,BKY-24,2.92,38(068)48-52-559
Лариса,Білоус,larysa.bilous1@student.org,1992,2,10,BHV-58,30.78,38(073)35-27-622
Вера,Козлов,vera.kozlov@student.org,1963,9,11,JMA-58,53.58,38(068)59-60-537
Костянтин,Петренко,kostyantyn.petrenko@student.org,1952,12,13,QYI-41,8.04,38(073)35-65-261
Надія,Панченко,nadiya.panchenko@student.org,1996,2,13,SII-42,0.72,38(099)56-87-351
Любов,Новік,lyubov.novik@student.org,1977,1,28,KIR-57,76.18,38(093)16-17-239
Наталія,Ткаченко,nataliya.tkachenko@student.org,1990,11,23,YRC-12,66.24,38(093)62-94-530
Вера,Романенко,vera.romanenko@student.org,1992,10,31,WWU-13,90.63,38(093)20-92-745
Анна,Демченко,anna.demchenko@student.org,1974,6,25,ING-26,82.28,38(095)49-28-481
Андрій,Лисенко,andriy.lysenko@student.org,1998,9,25,VIB-80,71.78,38(066)71-50-900
Михайло,Шевчук,mykhaylo.shevchuk@student.org,1996,6,7,TLU-87,25.2,38(068)76-20-147
Дмитро,Романенко,dmytro.romanenko1@student.org,1976,4,30,XLO-76,84.69,38(066)94-31-577
Олеся,Коваль,olesya.koval@student.org,2002,3,23,RSM-38,82.95,38(050)75-66-376
Валентина,Савченко,valentyna.savchenko@student.org,1965,6,30,UVC-75,57.2,38(050)83-98-761
Людмила,Зайцев,lyudmyla.zaytsev@student.org,1959,12,27,PAI-55,89.56,38(093)61-64-574
Сергій,Романенко,serhiy.romanenko@student.org,1967,11,2,MFJ-28,28.48,38(098)29-78-656
Надія,Гриценко,nadiya.hrytsenko@student.org,1986,9,19,LQU-46,15.26,38(095)46-52-460
Костянтин,Левченко,kostyantyn.levchenko@student.org,1976,9,1,QQY-15,63.65,38(099)49-26-758
Вера,Коваль,vera.koval@student.org,1970,9,8,YZE-36,6.26,38(066)89-60-207
Віктор,Козлов,viktor.kozlov@student.org,1994,6,27,YFT-65,30.8,38(099)29-65-616
Роман,Павленко,roman.pavlenko@student.org,1953,12,29,XSL-92,37.56,38(067)99-59-823
Віктор,Рибак,viktor.rybak@student.org,1979,5,4,PZX-54,89.71,38(073)50-14-610
Денис,Мельник,denys.melnyk@student.org,2007,9,26,NNG-38,31.01,38(063)23-26-535
Лілія,Лисенко,liliya.lysenko@student.org,1997,6,1,OAJ-53,39.54,38(095)16-94-118
Павло,Дорошенко,pavlo.doroshenko@student.org,1957,10,26,GDS-92,49.73,38(099)91-11-114
Валентина,Мельник,valentyna.melnyk@student.org,1984,12,3,MAD-27,83.13,38(093)12-25-568
Сергій,Скрипка,serhiy.skrypka@student.org,1987,6,27,RQV-53,62.69,38(093)74-38-105
Павло,Зайцев,pavlo.zaytsev@student.org,1959,9,8,OIR-30,76.24,38(066)34-27-530
Наталія,Савченко,nataliya.savchenko@student.org,1990,1,1,MVS-14,12.19,38(067)64-59-695
Вікторія,Романенко,viktoriya.romanenko@student.org,1964,1,19,OYY-63,18.2,38(098)45-33-828
Василь,Лебедь,vasyl.lebed@student.org,1971,5,16,WQW-96,9.58,38(098)15-42-117
Євгенія,Дорошенко,yevheniya.doroshenko@student.org,1976,4,29,HDZ-60,66.56,38(096)59-33-550
Євгенія,Марченко,yevheniya.marchenko@student.org,1952,9,11,LUE-73,44.22,38(097)76-73-399
Юлія,Панченко,yuliya.panchenko@student.org,1952,6,18,HXP-30,28.41,38(066)39-63-901
Інна,Козлов,inna.kozlov@student.org,1962,3,17,WCT-29,1.25,38(093)41-17-954
Григорій,Кузьменко,hryhoriy.kuzmenko@student.org,1953,2,25,TMQ-57,76.86,38(050)69-87-346
Валентина,Гончаренко,valentyna.honcharenko@student.org,1963,9,11,WEL-33,34.52,38(098)79-29-976
Ігор,Романенко,ihor.romanenko@student.org,2009,4,25,VQU-12,12.41,38(098)30-28-206
Тарас,Цимбал,taras.tsymbal@student.org,2001,10,15,DTP-85,35.2,38(095)88-42-238
Віктор,Левченко,viktor.levchenko@student.org,1960,6,27,EKF-82,96.11,38(098)56-17-321
Інна,Левченко,inna.levchenko@student.org,1975,10,17,LEG-28,61.87,38(097)89-21-936
Віктор,Макаренко,viktor.makarenko@student.org,1972,10,3,NAW-33,48.96,38(068)52-45-478
Алла,Петренко,alla.petrenko@student.org,1989,11,17,DHI-18,0.0,38(066)76-74-873
Юрій,Шаповал,yuriy.shapoval@student.org,1972,9,17,XML-10,24.06,38(093)66-33-373
Василь,Лебедь,vasyl.lebed1@student.org,1988,6,22,BTW-65,83.15,38(068)29-35-700
Юрій,Гончаренко,yuriy.honcharenko@student.org,1965,2,8,RRB-11,8.9,38(099)29-58-840
Людмила,Іваненко,lyudmyla.ivanenko@student.org,1967,4,27,QEU-60,47.34,38(063)97-88-358
Раїса,Романенко,rayisa.romanenko1@student.org,1971,5,8,IAD-16,7.28,38(095)32-12-407
Валентина,Лебедь,valentyna.lebed@student.org,1977,4,16,RAD-85,9.65,38(095)82-41-192
Максим,Ткаченко,maksym.tkachenko@student.org,1954,2,20,FCY-37,92.31,38(067)14-25-549
Павло,Авраменко,pavlo.avramenko@student.org,1982,7,11,EHN-27,36.03,38(099)12-97-212
Алла,Гордієнко,alla.hordiyenko@student.org,2009,10,5,UIH-37,5.34,38(063)10-43-512
Олександр,Гладко,oleksandr.hladko@student.org,1979,4,1,OMJ-33,55.35,38(096)51-21-772
Оксана,Панченко,oksana.panchenko1@student.org,1962,2,7,YHS-66,39.06,38(067)72-19-139
Валентина,Дорошенко,valentyna.doroshenko@student.org,1980,4,26,JTT-24,28.38,38(063)54-38-828
Олена,Кузьменко,olena.kuzmenko@student.org,1980,1,6,OEL-19,28.17,38(068)50-71-761
Тарас,Романенко,taras.romanenko@student.org,1966,4,1,GKV-72,10.54,38(068)63-37-897
Богдан,Павленко,bohdan.pavlenko@student.org,1990,4,11,ISV-28,79.91,38(050)87-24-247
Оксана,Стельмах,oksana.stelmakh@student.org,2000,7,29,NMQ-51,99.14,38(068)64-75-256
Юрій,Лебедь,yuriy.lebed@student.org,2000,9,19,FNS-25,77.55,38(095)37-12-565
Алла,Шевчук,alla.shevchuk@student.org,1981,2,15,AEM-33,90.23,38(097)44-80-406
Ганна,Зайцев,hanna.zaytsev@student.org,1990,2,26,XDN-81,95.71,38(097)51-48-790
Роман,Петренко,roman.petrenko@student.org,1979,3,11,RGA-36,16.81,38(095)71-27-397
Максим,Іваненко,maksym.ivanenko@student.org,1955,10,18,FWH-88,53.67,38(050)24-91-548
Ігор,Кузьменко,ihor.kuzmenko@student.org,1953,4,9,MFA-70,3.39,38(099)26-13-455
Наталія,Бойко,nataliya.boyko@student.org,1967,7,11,QTK-28,35.52,38(099)50-20-491
Сергій,Гайдук,serhiy.hayduk@student.org,1952,1,13,AEC-17,4.76,38(093)17-30-185
Ігор,Шевчук,ihor.shevchuk@student.org,2001,2,17,QFX-72,33.28,38(073)32-61-817
Ірина,Демченко,iryna.demchenko@student.org,1980,11,9,FBM-40,20.66,38(095)64-26-239
Артем,Коваленко,artem.kovalenko@student.org,1967,3,5,QLR-17,45.3,38(097)61-10-632
Раїса,Демченко,rayisa.demchenko@student.org,1968,3,3,KTO-68,94.82,38(073)40-33-677
Раїса,Марченко,rayisa.marchenko@student.org,2008,12,24,YRX-72,18.13,38(095)76-52-490
Олеся,Ковальчук,olesya.kovalchuk@student.org,2005,12,26,BHC-41,90.72,38(063)22-67-304
Михайло,Захарченко,mykhaylo.zakharchenko@student.org,1957,4,30,NZS-69,84.44,38(050)44-96-986
Дмитро,Литвин,dmytro.lytvyn1@student.org,2010,5,8,ALQ-41,27.45,38(098)72-54-444
Тарас,Гладко,taras.hladko@student.org,1985,6,7,KMM-78,37.22,38(097)57-90-796
Інна,Макаренко,inna.makarenko@student.org,1970,4,21,AMQ-21,60.47,38(095)92-89-490
Раїса,Марченко,rayisa.marchenko1@student.org,1967,7,3,PSD-85,7.34,38(097)40-93-310
Марія,Никоненко,mariya.nykonenko@student.org,2002,5,30,XIS-37,83.74,38(067)49-12-803
Лілія,Мельник,liliya.melnyk@student.org,1957,2,18,TLS-86,37.8,38(073)84-52-106
Максим,Захарченко,maksym.zakharchenko@student.org,1950,1,9,WPM-14,89.02,38(096)23-68-449
Віталій,Макаренко,vitaliy.makarenko@student.org,1959,12,6,AWY-22,14.38,38(073)25-82-137
Анна,Шевченко,anna.shevchenko@student.org,1966,2,2,NGD-30,15.72,38(095)82-59-866
Алла,Гончаренко,alla.honcharenko@student.org,1970,6,26,MLC-25,70.1,38(063)33-54-889
Михайло,Гайдук,mykhaylo.hayduk@student.org,1990,7,1,EWS-22,85.27,38(068)16-81-995
Денис,Петренко,denys.petrenko@student.org,1978,6,10,JAC-63,41.58,38(063)23-92-594
Наталія,Макаренко,nataliya.makarenko@student.org,1984,5,8,ZMI-70,2.72,38(096)98-91-603
Віктор,Лебедь,viktor.lebed@student.org,1982,2,1,QWX-14,50.38,38(097)81-49-176
Остап,Авраменко,ostap.avramenko@student.org,2005,10,20,TWY-17,85.4,38(067)23-24-661
Ярослав,Ткаченко,yaroslav.tkachenko@student.org,1987,3,3,XPL-24,54.35,38(098)65-15-328
Станіслав,Василенко,stanislav.vasylenko1@student.org,1955,4,20,ODW-23,55.12,38(073)21-31-691
Денис,Ковальчук,denys.kovalchuk@student.org,1976,8,5,EXU-68,23.15,38(063)12-19-267
Надія,Гладко,nadiya.hladko1@student.org,2001,8,11,YDF-37,96.07,38(098)71-97-424
Станіслав,Гладко,stanislav.hladko1@student.org,1968,6,18,DOJ-88,69.98,38(063)82-89-619
Ірина,Панченко,iryna.panchenko@student.org,1950,12,31,WPM-14,70.01,38(097)76-36-735
Петро,Стельмах,petro.stelmakh@student.org,1987,10,30,MAL-97,25.14,38(093)52-74-945
Василь,Білоус,vasyl.bilous@student.org,1972,7,27,XCF-76,81.43,38(095)45-45-582
Тарас,Романенко,taras.romanenko1@student.org,2008,1,28,SEH-55,83.35,38(050)60-32-157
Алла,Іваненко,alla.ivanenko@student.org,2010,4,5,EKG-59,16.69,38(068)93-27-670
Дмитро,Шевченко,dmytro.shevchenko@student.org,1952,5,26,AKZ-13,92.13,38(093)24-88-570
Іван,Костенко,ivan.kostenko@student.org,1991,1,16,FUS-53,73.05,38(095)55-38-253
Іван,Руденко,ivan.rudenko@student.org,1984,9,11,DSB-37,74.98,38(068)84-22-775
Надія,Михайленко,nadiya.mykhaylenko@student.org,1995,7,30,AKB-43,68.03,38(063)87-95-803
Михайло,Білоус,mykhaylo.bilous@student.org,1959,7,14,JTA-69,10.72,38(067)11-83-248
Віктор,Кравченко,viktor.kravchenko@student.org,1981,4,17,WDA-80,4.82,38(073)17-98-404
Світлана,Шевчук,svitlana.shevchuk@student.org,1977,2,13,YBG-25,68.59,38(098)52-15-632
Віктор,Гордієнко,viktor.hordiyenko@student.org,1962,4,14,LXP-12,73.33,38(095)55-61-776
Юлія,Литвин,yuliya.lytvyn@student.org,2007,10,4,TTB-62,71.5,38(063)11-52-237
Володимир,Іваненко,volodymyr.ivanenko@student.org,1999,12,30,MWC-58,95.58,38(067)60-53-658
Вера,Шевчук,vera.shevchuk@student.org,1999,10,17,RSV-65,19.54,38(063)23-45-373
Богдан,Кузьменко,bohdan.kuzmenko@student.org,1992,10,10,ADQ-50,17.3,38(097)70-21-919
Галина,Левченко,halyna.levchenko@student.org,2008,10,20,MUQ-59,98.05,38(095)64-35-514
Федір,Руденко,fedir.rudenko@student.org,2008,11,22,JWF-94,25.9,38(096)36-73-100
Вера,Шаповал,vera.shapoval@student.org,1969,8,4,FGE-15,89.0,38(050)45-96-319
Юрій,Демченко,yuriy.demchenko@student.org,1989,9,12,QMZ-96,51.88,38(095)79-84-481
Володимир,Кузьменко,volodymyr.kuzmenko@student.org,1959,3,29,QPU-55,91.94,38(066)47-70-789
Денис,Руденко,denys.rudenko@student.org,2008,3,27,NRZ-94,18.49,38(067)34-23-384
Ганна,Гордієнко,hanna.hordiyenko1@student.org,1966,6,27,ZTK-81,31.13,38(098)34-40-120
Віталій,Кузьменко,vitaliy.kuzmenko@student.org,1971,10,3,GVM-62,21.34,38(067)22-15-452
Надія,Рибак,nadiya.rybak@student.org,1997,3,3,WCT-29,8.77,38(098)26-10-770
Костянтин,Ткаченко,kostyantyn.tkachenko@student.org,1979,11,10,TXK-54,12.74,38(096)84-15-253
Валентина,Лисенко,valentyna.lysenko@student.org,1971,4,22,QSU-92,36.77,38(073)79-80-119
Роман,Авраменко,roman.avramenko@student.org,1963,10,21,ETU-62,33.19,38(066)58-81-884
Лілія,Павленко,liliya.pavlenko@student.org,1978,1,20,OZQ-93,39.13,38(067)29-15-530
Катерина,Шевчук,kateryna.shevchuk@student.org,1992,11,23,OTJ-88,42.56,38(068)20-42-199
Роман,Козлов,roman.kozlov@student.org,1998,8,15,XML-10,75.87,38(050)77-49-911
Анна,Рибак,anna.rybak@student.org,1963,5,25,FFA-25,8.85,38(098)67-42-687
Тетяна,Мельник,tetyana.melnyk@student.org,1986,4,27,CJO-50,55.88,38(067)74-65-365
Людмила,Кравченко,lyudmyla.kravchenko@student.org,1974,9,7,WWY-68,26.56,38(095)53-93-367
Роман,Михайленко,roman.mykhaylenko@student.org,1999,12,4,YFO-13,29.42,38(066)11-86-286
Раїса,Лебедь,rayisa.lebed@student.org,2004,4,18,ZUM-66,66.67,38(095)67-19-142
Федір,Кузьменко,fedir.kuzmenko@student.org,1956,8,7,OMJ-33,35.7,38(068)34-69-608
Юрій,Павленко,yuriy.pavlenko@student.org,1989,11,17,MGA-91,58.38,38(068)40-23-552
Федір,Коваленко,fedir.kovalenko@student.org,1967,8,2,XNG-77,6.58,38(063)66-85-843
Катерина,Гриценко,kateryna.hrytsenko@student.org,1966,2,12,PZC-90,74.55,38(097)17-87-850
Іван,Лисенко,ivan.lysenko@student.org,2002,4,4,XEW-63,5.85,38(068)63-89-994
Павло,Новік,pavlo.novik@student.org,1974,5,16,OSV-93,46.72,38(068)15-14-346
Олеся,Цимбал,olesya.tsymbal@student.org,1958,9,23,FQJ-88,33.5,38(093)36-14-948
Інна,Романенко,inna.romanenko@student.org,1981,1,29,IBG-59,64.93,38(050)94-96-900
Катерина,Никоненко,kateryna.nykonenko@student.org,1989,11,9,UIG-21,31.08,38(066)95-59-900
Юлія,Рибак,yuliya.rybak1@student.org,1967,1,26,IUI-63,90.65,38(067)13-55-533
Ігор,Король,ihor.korol@student.org,1980,9,14,VNJ-35,44.97,38(095)77-68-287
Оксана,Марченко,oksana.marchenko@student.org,1992,8,30,MLE-18,65.75,38(067)84-28-919
Юлія,Макаренко,yuliya.makarenko@student.org,1991,6,29,PBI-43,13.03,38(093)50-73-181
Артем,Марченко,artem.marchenko@student.org,1961,3,29,BGV-92,99.0,38(067)10-54-958
Ірина,Зайцев,iryna.zaytsev@student.org,1963,9,15,NLD-85,66.93,38(097)80-74-917
Віталій,Шевченко,vitaliy.shevchenko@student.org,1963,2,19,AKF-35,26.96,38(073)61-13-348
Галина,Павленко,halyna.pavlenko1@student.org,2004,5,2,HLR-46,20.15,38(096)62-35-717
Володимир,Кузьменко,volodymyr.kuzmenko1@student.org,1994,6,11,BRW-62,41.51,38(099)45-41-952
Роман,Коваль,roman.koval@student.org,1957,11,2,CXZ-31,78.34,38(097)66-78-285
Євгенія,Іваненко,yevheniya.ivanenko@student.org,2004,5,29,ZGR-70,98.42,38(096)93-60-210
Людмила,Гайдук,lyudmyla.hayduk@student.org,1954,10,9,DZM-24,34.81,38(098)72-73-329
Валентина,Романенко,valentyna.romanenko@student.org,1981,12,5,QML-41,64.81,38(096)48-27-217
Олеся,Петренко,olesya.petrenko@student.org,1978,12,27,TGI-36,93.03,38(098)70-21-866
Василь,Никоненко,vasyl.nykonenko@student.org,1967,3,25,QLQ-18,54.5,38(096)91-78-350
Світлана,Стельмах,svitlana.stelmakh@student.org,2000,11,5,PWO-81,53.57,38(099)15-12-324
Валентина,Панченко,valentyna.panchenko@student.org,1968,2,19,UZN-67,61.57,38(067)44-27-230
Любов,Кузьменко,lyubov.kuzmenko@student.org,1957,1,1,HSE-22,19.67,38(096)35-50-564
Роман,Михайленко,roman.mykhaylenko1@student.org,1999,6,6,RQG-36,57.17,38(099)47-29-355
Сергій,Михайленко,serhiy.mykhaylenko@student.org,1981,10,24,VGZ-43,2.92,38(098)57-33-232
Ярослав,Бойко,yaroslav.boyko@student.org,1955,6,22,UGM-37,67.74,38(098)88-49-505
Ярослав,Стельмах,yaroslav.stelmakh@student.org,1966,8,27,ZSR-39,62.77,38(095)52-85-494
Іван,Іваненко,ivan.ivanenko@student.org,1984,10,20,VFY-51,11.43,38(067)35-62-144
Ігор,Новік,ihor.novik@student.org,1985,7,22,BMK-84,48.57,38(096)97-83-828
Інна,Авраменко,inna.avramenko@student.org,1981,4,19,RLZ-14,81.28,38(093)75-68-655
Богдан,Костенко,bohdan.kostenko@student.org,1990,12,5,SAL-91,54.41,38(098)78-37-503
Лілія,Шаповал,liliya.shapoval@student.org,1950,11,26,QPU-55,19.88,38(066)63-84-508
Станіслав,Білоус,stanislav.bilous@student.org,2003,1,15,GYI-76,32.74,38(068)42-43-980
Василь,Шаповал,vasyl.shapoval@student.org,1978,8,15,OUP-47,88.48,38(050)50-97-558
Артем,Авраменко,artem.avramenko@student.org,2007,2,27,SZQ-62,60.96,38(099)70-91-928
Інна,Омельченко,inna.omelchenko@student.org,1962,4,15,HOQ-58,32.13,38(073)32-38-235
Лариса,Зайцев,larysa.zaytsev@student.org,1971,7,11,ETM-58,26.79,38(098)81-83-917
Станіслав,Бойко,stanislav.boyko@student.org,1998,10,20,XCJ-59,44.7,38(073)28-36-456
Марія,Романенко,mariya.romanenko@student.org,1969,1,23,GAY-11,84.1,38(050)84-13-989
Юрій,Панченко,yuriy.panchenko@student.org,1962,9,9,OKS-97,87.58,38(099)46-93-211
Костянтин,Лисенко,kostyantyn.lysenko@student.org,1965,12,26,TGY-18,92.98,38(050)36-74-713
Станіслав,Авраменко,stanislav.avramenko@student.org,1952,12,23,MDS-81,79.18,38(099)91-47-396
Любов,Лебедь,lyubov.lebed1@student.org,2007,1,1,KFF-44,76.99,38(097)51-80-319
Анна,Ковальчук,anna.kovalchuk@student.org,2005,12,10,OFD-84,33.08,38(066)52-73-536
Марія,Бойко,mariya.boyko@student.org,1974,11,26,QVI-89,11.01,38(068)39-15-849
Лариса,Гончаренко,larysa.honcharenko@student.org,2009,4,30,CLA-41,25.93,38(093)62-50-162
Михайло,Гладко,mykhaylo.hladko@student.org,1981,7,28,IZM-98,29.96,38(098)76-58-556
Ганна,Авраменко,hanna.avramenko@student.org,1993,10,11,KPN-91,36.89,38(096)99-84-696
Сергій,Стельмах,serhiy.stelmakh@student.org,1986,12,22,BCU-41,96.37,38(066)15-89-128
Дмитро,Литвин,dmytro.lytvyn2@student.org,1957,2,5,TTT-16,54.33,38(095)68-90-356
Костянтин,Козлов,kostyantyn.kozlov1@student.org,2009,2,20,JPN-25,87.32,38(093)13-11-659
Павло,Марченко,pavlo.marchenko@student.org,2003,1,17,FRL-14,98.0,38(093)78-68-961
Іван,Гайдук,ivan.hayduk@student.org,1955,6,8,OND-76,55.67,38(093)40-37-297
Павло,Петренко,pavlo.petrenko@student.org,1963,7,9,ADQ-50,50.42,38(099)41-44-887
Оксана,Шаповал,oksana.shapoval@student.org,1966,4,29,PSL-21,82.83,38(063)70-87-743
Михайло,Коваленко,mykhaylo.kovalenko@student.org,1988,1,18,XJN-17,80.98,38(097)35-18-758
Іван,Скрипка,ivan.skrypka@student.org,1963,3,12,FST-51,0.53,38(099)85-16-562
Максим,Омельченко,maksym.omelchenko@student.org,1983,1,10,OKG-48,10.85,38(093)62-17-414
Ірина,Стельмах,iryna.stelmakh@student.org,1958,2,3,ZRS-78,93.47,38(095)45-13-413
Андрій,Шевчук,andriy.shevchuk@student.org,1971,5,26,MMS-77,28.47,38(050)86-57-257
Роман,Ткаченко,roman.tkachenko@student.org,1988,4,23,HPV-40,70.76,38(096)63-87-705
Ярослав,Демченко,yaroslav.demchenko1@student.org,1963,12,8,OZJ-69,63.16,38(098)69-75-931
Юлія,Авраменко,yuliya.avramenko@student.org,1959,10,7,WWY-68,67.8,38(063)58-53-273
Андрій,Король,andriy.korol@student.org,2001,4,25,XTY-33,17.58,38(050)86-85-421
Наталія,Гриценко,nataliya.hrytsenko@student.org,1956,8,21,XIJ-37,4.84,38(068)12-15-203
Ірина,Савченко,iryna.savchenko@student.org,2002,10,26,ASK-84,80.34,38(073)85-77-263
Оксана,Литвин,oksana.lytvyn@student.org,1975,12,31,TIX-34,32.03,38(095)65-55-659
Юрій,Руденко,yuriy.rudenko@student.org,1969,4,9,PCB-54,84.99,38(096)65-10-528
Роман,Савченко,roman.savchenko@student.org,1950,7,28,RFV-22,30.72,38(066)35-88-471
Лілія,Кузьменко,liliya.kuzmenko@student.org,1965,6,22,VUL-76,8.87,38(063)75-39-233
Лариса,Коваль,larysa.koval1@student.org,2000,12,7,GCF-89,28.6,38(073)94-67-197
Богдан,Гайдук,bohdan.hayduk1@student.org,1987,5,26,MYY-84,28.96,38(098)29-11-601
Федір,Авраменко,fedir.avramenko@student.org,1952,8,11,RQG-63,19.39,38(050)59-39-245
Ярослав,Король,yaroslav.korol1@student.org,1994,7,1,AFT-23,94.26,38(098)63-55-751
Людмила,Шаповал,lyudmyla.shapoval@student.org,2001,10,27,UPF-31,59.95,38(097)77-19-500
Олександр,Лисенко,oleksandr.lysenko@student.org,1984,12,1,EIN-35,67.5,38(050)39-27-142
Артем,Петренко,artem.petrenko@student.org,1980,4,3,WYK-90,7.45,38(097)52-65-305
Марія,Цимбал,mariya.tsymbal@student.org,1996,5,2,TLU-87,64.98,38(099)94-86-930
Олеся,Авраменко,olesya.avramenko@student.org,1963,12,24,EGK-32,99.91,38(098)41-17-110
Остап,Руденко,ostap.rudenko@student.org,1956,12,21,QVH-94,56.42,38(097)94-33-111
Дмитро,Руденко,dmytro.rudenko@student.org,1980,4,13,IAJ-70,11.37,38(098)70-39-202
Галина,Авраменко,halyna.avramenko@student.org,1967,11,5,CZT-77,35.93,38(097)43-41-380
Анна,Стельмах,anna.stelmakh@student.org,1988,10,24,IJH-38,39.28,38(050)22-36-142
Андрій,Лебедь,andriy.lebed1@student.org,1976,7,9,UAU-76,97.56,38(066)63-38-878
Іван,Рибак,ivan.rybak@student.org,1993,3,21,OMM-27,86.64,38(068)23-42-319
Людмила,Новік,lyudmyla.novik@student.org,1955,2,17,AKZ-49,37.49,38(098)54-12-211
Павло,Цимбал,pavlo.tsymbal@student.org,1977,7,30,WSY-69,41.08,38(098)52-37-848
Ярослав,Поліщук,yaroslav.polishchuk@student.org,1973,2,22,CCY-53,20.25,38(095)26-13-227
Світлана,Савченко,svitlana.savchenko@student.org,1956,9,15,KPN-91,37.4,38(073)72-23-749
Олеся,Коваленко,olesya.kovalenko@student.org,2010,7,9,ZVA-10,61.0,38(073)90-71-569
Віталій,Василенко,vitaliy.vasylenko@student.org,1977,12,16,MFS-33,75.48,38(095)87-34-253
Алла,Новік,alla.novik@student.org,1982,12,20,REF-72,68.77,38(067)69-68-159
Ігор,Руденко,ihor.rudenko@student.org,2008,3,26,BFB-61,56.54,38(098)19-90-627
Лілія,Никоненко,liliya.nykonenko@student.org,1996,9,25,FVK-51,58.49,38(096)78-87-253
Іван,Никоненко,ivan.nykonenko@student.org,1975,10,9,DUL-34,71.77,38(099)80-39-148
Іван,Литвин,ivan.lytvyn@student.org,2008,9,22,UXN-48,82.47,38(066)86-75-918
Дмитро,Костенко,dmytro.kostenko@student.org,2001,4,11,HEQ-64,49.71,38(068)83-94-442
Тарас,Іваненко,taras.ivanenko@student.org,1968,8,9,RBQ-29,36.98,38(067)22-14-268
Роман,Дорошенко,roman.doroshenko1@student.org,1971,6,10,ZKM-78,55.07,38(050)94-59-836
Людмила,Дорошенко,lyudmyla.doroshenko@student.org,1969,4,12,OYN-14,33.48,38(050)74-18-272
Григорій,Захарченко,hryhoriy.zakharchenko@student.org,1951,7,22,WDM-93,77.41,38(066)48-57-896
Ганна,Савченко,hanna.savchenko@student.org,1962,6,4,FYE-57,98.86,38(099)54-64-281
Денис,Ткаченко,denys.tkachenko@student.org,1953,9,11,QMR-88,49.62,38(073)60-71-102
Катерина,Гайдук,kateryna.hayduk@student.org,1990,10,19,APE-99,91.75,38(066)64-21-876
Любов,Гладко,lyubov.hladko@student.org,1997,10,25,WDW-53,25.79,38(093)30-24-812
Вікторія,Поліщук,viktoriya.polishchuk@student.org,1987,3,13,GQT-79,95.18,38(067)78-77-430
Віктор,Литвин,viktor.lytvyn@student.org,1964,11,29,IVI-74,85.67,38(096)35-23-754
Оксана,Стельмах,oksana.stelmakh1@student.org,2008,4,7,RIG-89,16.57,38(097)13-89-288
Світлана,Дорошенко,svitlana.doroshenko@student.org,1965,6,26,EEZ-62,23.68,38(066)69-32-865
Петро,Стельмах,petro.stelmakh1@student.org,1958,1,25,UMH-63,59.06,38(096)84-98-204
Ігор,Цимбал,ihor.tsymbal@student.org,2000,3,28,TCQ-17,89.76,38(066)84-14-465
Любов,Макаренко,lyubov.makarenko@student.org,1964,4,24,SLR-72,98.37,38(050)82-22-260
Євгенія,Дорошенко,yevheniya.doroshenko1@student.org,2001,5,27,RRU-45,41.22,38(066)69-46-651
Олена,Зайцев,olena.zaytsev@student.org,2000,2,18,WOU-49,4.04,38(099)27-69-820
Галина,Шевчук,halyna.shevchuk@student.org,2004,5,6,ILJ-46,52.83,38(093)51-42-226
Олена,Зайцев,olena.zaytsev1@student.org,1985,4,21,EHZ-91,48.49,38(068)33-68-212
Павло,Ткаченко,pavlo.tkachenko@student.org,1967,9,6,VOY-11,73.78,38(099)41-48-406
Сергій,Козлов,serhiy.kozlov@student.org,2006,5,7,DUG-21,55.52,38(095)66-89-895
Євгенія,Петренко,yevheniya.petrenko@student.org,2003,5,4,QQX-87,44.48,38(066)48-14-361
Сергій,Гончаренко,serhiy.honcharenko@student.org,1960,3,18,HAM-20,83.06,38(099)97-93-516
Костянтин,Панченко,kostyantyn.panchenko@student.org,1952,6,26,QDP-86,21.78,38(098)20-24-735
Анна,Король,anna.korol@student.org,1995,8,1,TPS-12,24.51,38(096)65-25-112
Анна,Гладко,anna.hladko@student.org,2000,6,18,JNG-93,45.64,38(097)58-42-297
Артем,Кравченко,artem.kravchenko@student.org,1956,12,7,IHM-97,39.46,38(066)60-12-584
Олександр,Ковальчук,oleksandr.kovalchuk@student.org,1996,12,27,NDB-33,27.37,38(066)28-49-399
Ярослав,Петренко,yaroslav.petrenko@student.org,1960,3,18,OCB-38,4.79,38(097)12-22-237
Юлія,Литвин,yuliya.lytvyn1@student.org,1969,1,30,LSV-57,35.51,38(097)11-66-534
Олеся,Левченко,olesya.levchenko@student.org,1997,3,18,DCZ-35,70.17,38(093)72-32-121
Вера,Шаповал,vera.shapoval1@student.org,1976,9,14,MFE-90,37.29,38(068)39-20-533
Надія,Шевченко,nadiya.shevchenko@student.org,1989,5,3,UKE-75,42.2,38(093)59-30-191
Алла,Шевчук,alla.shevchuk1@student.org,1975,1,2,PDP-47,0.71,38(098)87-64-106
Артем,Гайдук,artem.hayduk@student.org,1987,7,2,TMK-79,96.35,38(050)33-20-280
Марія,Гончаренко,mariya.honcharenko@student.org,1999,7,24,GLS-59,30.92,38(096)84-26-844
Раїса,Савченко,rayisa.savchenko@student.org,1994,4,24,LFM-68,47.76,38(098)88-72-890
Раїса,Стельмах,rayisa.stelmakh@student.org,1973,7,10,QQI-98,84.61,38(099)42-28-179
Ірина,Кравченко,iryna.kravchenko@student.org,1973,10,3,AQO-20,23.72,38(096)45-40-830
Ганна,Панченко,hanna.panchenko@student.org,1992,3,9,EZK-31,1.67,38(067)24-41-479
Роман,Коваль,roman.koval1@student.org,1992,1,26,QDV-28,53.71,38(068)74-79-831
Остап,Литвин,ostap.lytvyn@student.org,1968,1,31,WIC-44,74.08,38(068)93-66-463
Віталій,Стельмах,vitaliy.stelmakh@student.org,2007,8,29,UKC-88,64.5,38(067)81-56-487
Любов,Гриценко,lyubov.hrytsenko@student.org,1963,9,27,QVO-64,95.81,38(097)89-23-944
Інна,Шаповал,inna.shapoval@student.org,1994,7,20,VRJ-77,6.74,38(099)13-85-253
Вікторія,Шаповал,viktoriya.shapoval@student.org,1970,7,12,EKH-95,63.95,38(095)24-77-748
Тетяна,Шевченко,tetyana.shevchenko@student.org,1961,12,21,RFI-24,96.91,38(067)59-31-450
Дмитро,Шаповал,dmytro.shapoval@student.org,1952,7,8,FNY-72,16.67,38(050)62-64-599
Людмила,Рибак,lyudmyla.rybak@student.org,1988,12,23,RCC-22,77.05,38(099)25-96-360
Надія,Коваленко,nadiya.kovalenko@student.org,1971,8,12,NHX-85,0.85,38(068)91-39-757
Інна,Шевченко,inna.shevchenko@student.org,2009,4,1,TER-76,19.97,38(067)23-42-354
Вера,Петренко,vera.petrenko@student.org,1956,1,10,WWU-13,7.05,38(066)52-79-718
Тетяна,Кравченко,tetyana.kravchenko@student.org,1987,4,4,HXP-30,13.2,38(093)51-88-967
Юлія,Цимбал,yuliya.tsymbal@student.org,1975,8,10,BRN-71,73.51,38(066)12-67-388
Раїса,Литвин,rayisa.lytvyn@student.org,1981,10,27,GSC-64,55.4,38(096)91-40-120
Вера,Кравченко,vera.kravchenko@student.org,1989,9,16,SQW-75,60.74,38(073)74-90-463
Роман,Марченко,roman.marchenko@student.org,1985,2,2,FCY-33,88.48,38(097)36-18-610
Ігор,Дорошенко,ihor.doroshenko@student.org,1957,12,18,AKJ-64,63.16,38(067)89-26-930
Галина,Іваненко,halyna.ivanenko@student.org,1964,7,5,LBO-71,76.24,38(096)67-52-644
Наталія,Петренко,nataliya.petrenko@student.org,1995,1,22,SEA-19,35.15,38(063)89-23-895
Максим,Шаповал,maksym.shapoval@student.org,1980,2,10,VGF-50,34.59,38(067)30-55-141
Володимир,Павленко,volodymyr.pavlenko@student.org,1974,12,8,MCT-69,59.56,38(098)62-90-261
Василь,Кузьменко,vasyl.kuzmenko@student.org,1969,4,2,NLU-30,22.06,38(096)96-88-391
Василь,Панченко,vasyl.panchenko@student.org,1995,6,10,XEU-77,98.33,38(073)89-82-422
Інна,Марченко,inna.marchenko@student.org,1984,6,28,MKE-54,67.38,38(067)80-97-847
Наталія,Петренко,nataliya.petrenko1@student.org,1999,10,8,HPC-77,97.29,38(096)82-58-464
Олеся,Шаповал,olesya.shapoval@student.org,2010,8,14,QMZ-96,87.41,38(067)40-38-891
Артем,Мельник,artem.melnyk1@student.org,1959,1,6,GKD-58,22.48,38(097)91-82-917
Артем,Романенко,artem.romanenko@student.org,1967,1,6,NNX-96,39.07,38(063)37-54-259
Максим,Король,maksym.korol@student.org,1952,5,30,BKI-52,73.79,38(093)30-80-697
Станіслав,Рибак,stanislav.rybak@student.org,1972,5,5,RGG-24,16.52,38(093)82-53-182
Вера,Савченко,vera.savchenko@student.org,1968,1,1,QWF-31,6.51,38(099)52-78-835
Дмитро,Литвин,dmytro.lytvyn3@student.org,1982,3,8,FZZ-61,94.12,38(068)96-31-369
Олександр,Литвин,oleksandr.lytvyn@student.org,2010,8,30,ZWS-20,38.49,38(097)36-84-248
Ганна,Шевчук,hanna.shevchuk@student.org,1983,8,2,XKQ-72,6.83,38(096)31-72-508
Михайло,Марченко,mykhaylo.marchenko@student.org,1990,5,18,ARH-17,9.98,38(068)24-17-118
Сергій,Демченко,serhiy.demchenko@student.org,1953,5,25,ZBI-49,42.73,38(098)94-75-449
Віталій,Кравченко,vitaliy.kravchenko@student.org,1952,10,18,QYH-96,64.99,38(097)77-35-316
Інна,Коваленко,inna.kovalenko@student.org,2001,4,15,MGZ-69,87.3,38(068)98-98-766
Любов,Марченко,lyubov.marchenko1@student.org,1967,10,11,VCU-53,89.9,38(068)96-49-994
Тетяна,Омельченко,tetyana.omelchenko@student.org,1954,6,1,FOZ-92,19.21,38(050)95-16-876
Алла,Коваль,alla.koval@student.org,1985,12,13,IVT-59,52.41,38(095)17-20-219
Вера,Кузьменко,vera.kuzmenko@student.org,2005,2,18,VHY-90,43.82,38(073)28-80-314
Марія,Марченко,mariya.marchenko@student.org,1963,10,13,GOA-66,49.68,38(067)45-12-883
Віталій,Ткаченко,vitaliy.tkachenko@student.org,1955,4,19,SOV-93,3.81,38(096)12-51-161
Роман,Білоус,roman.bilous1@student.org,1982,10,22,CTC-32,8.57,38(066)26-29-575
Олеся,Левченко,olesya.levchenko1@student.org,1987,7,23,KIQ-96,0.27,38(093)99-77-928
Ярослав,Цимбал,yaroslav.tsymbal@student.org,1962,3,15,DEP-23,88.52,38(099)32-56-934
Ярослав,Козлов,yaroslav.kozlov@student.org,2010,10,3,OCE-48,16.05,38(050)92-49-700
Богдан,Павленко,bohdan.pavlenko1@student.org,1986,9,4,LCW-17,21.44,38(063)51-83-201
Юлія,Гордієнко,yuliya.hordiyenko@student.org,2006,2,10,OZY-52,94.79,38(097)21-32-101
Вера,Никоненко,vera.nykonenko@student.org,1955,5,5,PDN-66,78.5,38(068)87-55-856
Богдан,Макаренко,bohdan.makarenko@student.org,1968,10,11,ZDW-22,77.5,38(096)76-49-654
Лариса,Василенко,larysa.vasylenko2@student.org,2007,10,20,WXP-26,35.69,38(096)18-18-187
Роман,Коваленко,roman.kovalenko@student.org,1954,8,17,FVG-62,68.9,38(098)37-28-147
Станіслав,Стельмах,stanislav.stelmakh@student.org,1952,3,7,GAS-34,44.57,38(093)85-79-822
Ігор,Стельмах,ihor.stelmakh@student.org,1974,7,22,OUA-64,44.84,38(098)87-44-303
Раїса,Кравченко,rayisa.kravchenko1@student.org,1974,2,28,ZQG-21,30.19,38(095)51-30-316
Олена,Стельмах,olena.stelmakh@student.org,1963,10,23,DMQ-35,5.62,38(093)81-51-354
Алла,Литвин,alla.lytvyn@student.org,2009,6,21,ECL-63,1.25,38(050)65-41-359
Лілія,Бойко,liliya.boyko@student.org,1978,7,11,EKF-82,13.4,38(093)41-92-434
Людмила,Костенко,lyudmyla.kostenko@student.org,1961,5,9,SJP-83,12.65,38(095)53-48-425
Григорій,Скрипка,hryhoriy.skrypka@student.org,1989,6,15,KQV-25,28.07,38(096)17-59-101
Надія,Панченко,nadiya.panchenko1@student.org,1978,4,8,TZM-70,28.32,38(050)28-24-374
Тетяна,Козлов,tetyana.kozlov@student.org,1963,8,7,ZPK-31,21.03,38(050)85-59-480
Олександр,Мельник,oleksandr.melnyk@student.org,1970,12,20,VEK-46,8.86,38(095)50-32-797
Наталія,Омельченко,nataliya.omelchenko@student.org,1991,10,27,KHT-45,31.05,38(093)88-92-954
Роман,Поліщук,roman.polishchuk@student.org,1963,10,8,BPN-77,12.8,38(066)33-54-630
Анна,Поліщук,anna.polishchuk@student.org,2003,1,18,OVJ-46,48.93,38(073)78-99-428
Надія,Авраменко,nadiya.avramenko1@student.org,2003,10,29,VOW-77,9.79,38(063)80-64-784
Вера,Романенко,vera.romanenko1@student.org,1992,9,20,IPH-66,62.34,38(068)68-30-116
Валентина,Кравченко,valentyna.kravchenko@student.org,1953,6,3,QTX-24,24.06,38(050)14-34-990
Роман,Руденко,roman.rudenko@student.org,1958,12,29,RQL-70,56.59,38(066)25-65-414
Анна,Рибак,anna.rybak1@student.org,1966,11,22,UCM-25,43.51,38(097)88-18-359
Костянтин,Іваненко,kostyantyn.ivanenko@student.org,1952,12,4,UIF-76,39.42,38(095)36-44-635
Олена,Король,olena.korol@student.org,2001,1,5,CHC-43,23.75,38(067)43-90-359
Іван,Іваненко,ivan.ivanenko1@student.org,2005,9,29,HPQ-88,54.62,38(073)68-97-803
Павло,Іваненко,pavlo.ivanenko@student.org,1972,7,10,GFI-92,76.19,38(098)24-70-751
Остап,Ковальчук,ostap.kovalchuk@student.org,1977,6,8,YAM-78,97.16,38(066)92-13-400
Світлана,Зайцев,svitlana.zaytsev@student.org,1981,11,15,PBP-16,81.64,38(068)93-40-609
Світлана,Костенко,svitlana.kostenko@student.org,2006,4,11,GGQ-99,60.69,38(096)65-80-949
Юлія,Руденко,yuliya.rudenko@student.org,1959,5,1,PNT-95,88.54,38(099)19-40-708
Максим,Михайленко,maksym.mykhaylenko@student.org,2001,2,2,MIR-56,32.39,38(073)64-26-501
Костянтин,Шевченко,kostyantyn.shevchenko@student.org,1963,8,18,PIN-84,88.4,38(093)78-57-696
Станіслав,Авраменко,stanislav.avramenko1@student.org,2007,9,27,XEW-63,27.92,38(096)94-79-710
Роман,Коваль,roman.koval2@student.org,1985,1,20,WDW-53,72.69,38(066)62-13-944
Роман,Панченко,roman.panchenko@student.org,1953,2,8,KIY-99,66.24,38(098)97-46-189
Вера,Гладко,vera.hladko@student.org,1997,7,7,CSZ-46,85.15,38(050)14-87-776
Федір,Лебедь,fedir.lebed1@student.org,2004,12,10,CCJ-10,44.87,38(099)44-14-465
Максим,Гончаренко,maksym.honcharenko@student.org,1958,1,12,SHW-97,55.4,38(096)14-11-309
Володимир,Коваленко,volodymyr.kovalenko@student.org,1997,6,5,VWL-62,97.95,38(067)58-15-521
Юлія,Мельник,yuliya.melnyk@student.org,1980,1,26,FCC-48,54.97,38(099)97-47-484
Юлія,Гладко,yuliya.hladko@student.org,1989,6,30,RMP-28,77.72,38(073)37-23-797
Роман,Бойко,roman.boyko@student.org,1995,6,29,IDD-87,93.95,38(067)24-61-736
Віталій,Кузьменко,vitaliy.kuzmenko1@student.org,1976,11,27,NIZ-63,62.13,38(093)73-72-133
Станіслав,Марченко,stanislav.marchenko@student.org,1971,8,28,PXN-74,58.5,38(067)37-46-114
Роман,Ковальчук,roman.kovalchuk@student.org,1955,8,16,STE-30,41.82,38(073)14-22-872
Валентина,Панченко,valentyna.panchenko1@student.org,2004,11,26,GSW-97,1.91,38(097)78-96-628
Вікторія,Дорошенко,viktoriya.doroshenko@student.org,1978,2,26,QMV-16,99.43,38(093)51-93-788
Галина,Макаренко,halyna.makarenko@student.org,1996,9,24,NJX-28,5.78,38(067)77-86-350
Олена,Мельник,olena.melnyk@student.org,1951,11,23,WAV-91,93.14,38(098)22-31-833
Інна,Никоненко,inna.nykonenko@student.org,1976,2,27,UUU-50,75.08,38(096)73-40-409
Раїса,Лисенко,rayisa.lysenko@student.org,2001,2,21,YUV-88,36.62,38(068)41-81-882
Віталій,Захарченко,vitaliy.zakharchenko@student.org,1975,11,21,HUN-85,61.26,38(097)89-23-689
Григорій,Гриценко,hryhoriy.hrytsenko@student.org,2004,7,31,GYF-14,59.23,38(095)20-91-195
Вікторія,Білоус,viktoriya.bilous@student.org,1990,6,7,GOZ-17,65.77,38(073)82-59-461
Богдан,Шевчук,bohdan.shevchuk@student.org,1998,1,14,UKR-89,16.08,38(073)62-56-180
Вера,Поліщук,vera.polishchuk@student.org,2001,8,25,KQO-24,6.81,38(066)90-51-654
Валентина,Шаповал,valentyna.shapoval@student.org,1968,12,9,IUS-82,47.67,38(095)81-47-704
Ярослав,Гриценко,yaroslav.hrytsenko@student.org,1995,12,10,UYV-51,42.89,38(067)44-26-518
Любов,Литвин,lyubov.lytvyn@student.org,1953,9,16,TEN-97,89.96,38(098)80-94-727
Віталій,Михайленко,vitaliy.mykhaylenko@student.org,1968,9,14,WTU-82,52.56,38(093)62-68-452
Світлана,Шевченко,svitlana.shevchenko@student.org,1972,12,12,CXH-54,27.24,38(098)32-11-841
Іван,Рибак,ivan.rybak1@student.org,1986,10,18,FCI-21,81.45,38(067)18-93-880
Катерина,Цимбал,kateryna.tsymbal@student.org,1977,9,6,FXL-53,65.07,38(073)42-50-542
Оксана,Гордієнко,oksana.hordiyenko@student.org,1952,2,11,XEM-21,12.68,38(066)72-86-624
Людмила,Гладко,lyudmyla.hladko@student.org,1979,1,12,SBT-22,4.64,38(095)37-51-187
Денис,Кравченко,denys.kravchenko@student.org,1979,10,10,FYE-82,43.09,38(067)66-29-929
Лариса,Костенко,larysa.kostenko@student.org,2008,2,29,YWM-96,61.51,38(063)28-69-504
Алла,Бойко,alla.boyko@student.org,2001,4,5,DJW-19,98.64,38(066)32-24-361
Василь,Захарченко,vasyl.zakharchenko@student.org,1990,10,31,PGD-43,67.33,38(099)17-12-583
Володимир,Поліщук,volodymyr.polishchuk@student.org,1966,8,1,TGU-88,18.83,38(095)35-70-331
Ірина,Рибак,iryna.rybak@student.org,1952,3,27,XWR-70,1.15,38(050)77-50-238
Тарас,Никоненко,taras.nykonenko@student.org,1966,10,4,BXO-83,63.37,38(093)38-73-749
Раїса,Шевченко,rayisa.shevchenko1@student.org,1963,3,25,JBB-45,9.78,38(099)58-28-729
Петро,Гриценко,petro.hrytsenko@student.org,1955,12,15,RFI-89,79.77,38(068)23-57-602
Денис,Руденко,denys.rudenko1@student.org,1990,7,7,UFU-44,74.49,38(098)88-18-694
Артем,Василенко,artem.vasylenko@student.org,1969,1,25,FVV-26,8.5,38(067)83-20-615
Вікторія,Бойко,viktoriya.boyko@student.org,1990,1,3,WBI-42,89.59,38(066)94-10-344
Анна,Ковальчук,anna.kovalchuk1@student.org,1988,9,10,ZCV-16,12.09,38(073)51-24-954
Євгенія,Бойко,yevheniya.boyko@student.org,2007,4,8,LIZ-63,29.28,38(063)45-46-994
Наталія,Макаренко,nataliya.makarenko1@student.org,1959,2,25,LUA-50,94.04,38(050)49-29-499
Надія,Левченко,nadiya.levchenko@student.org,1958,9,28,GYI-76,19.11,38(095)38-79-926
Тарас,Шевчук,taras.shevchuk@student.org,1952,8,14,EHK-17,14.39,38(097)42-25-220
Олеся,Литвин,olesya.lytvyn@student.org,1959,6,15,GKV-72,77.89,38(096)69-25-340
Станіслав,Никоненко,stanislav.nykonenko@student.org,1951,10,28,PHN-70,76.44,38(096)57-91-941
Петро,Король,petro.korol@student.org,1991,9,14,YUF-60,96.79,38(067)81-19-214
Людмила,Лисенко,lyudmyla.lysenko@student.org,1959,3,19,ZYX-81,18.32,38(073)47-23-261
Максим,Гриценко,maksym.hrytsenko@student.org,1991,2,26,CMO-77,66.71,38(073)52-32-914
Алла,Литвин,alla.lytvyn1@student.org,2002,5,23,LQG-43,26.02,38(097)62-94-709
Вікторія,Литвин,viktoriya.lytvyn@student.org,1982,7,10,PRQ-98,8.29,38(096)36-31-311
Григорій,Козлов,hryhoriy.kozlov1@student.org,1981,5,24,IDF-74,56.05,38(093)34-37-855
Тетяна,Ткаченко,tetyana.tkachenko@student.org,1953,7,20,ZKH-86,94.95,38(068)30-75-365
Денис,Цимбал,denys.tsymbal@student.org,1967,9,18,XXU-15,99.63,38(066)53-65-444
Надія,Поліщук,nadiya.polishchuk@student.org,1993,12,9,ZWQ-41,43.16,38(096)21-52-355
Юрій,Поліщук,yuriy.polishchuk@student.org,1957,2,27,HCX-10,20.81,38(099)26-86-964
Іван,Левченко,ivan.levchenko@student.org,1971,11,4,IAJ-70,76.71,38(099)32-29-807
Остап,Ковальчук,ostap.kovalchuk1@student.org,1978,5,6,WSN-52,39.78,38(098)79-28-389
Людмила,Никоненко,lyudmyla.nykonenko@student.org,1961,12,22,TTW-81,86.61,38(050)81-30-416
Галина,Захарченко,halyna.zakharchenko@student.org,1989,2,18,OEZ-68,28.34,38(066)36-73-858
Олена,Лебедь,olena.lebed@student.org,1985,5,21,XDG-74,79.21,38(095)27-66-512
Роман,Коваль,roman.koval3@student.org,2004,8,20,OPF-84,19.93,38(098)64-33-409
Костянтин,Дорошенко,kostyantyn.doroshenko@student.org,1957,3,12,AIU-95,78.73,38(096)86-46-627
Олена,Поліщук,olena.polishchuk@student.org,1971,4,14,IMU-30,56.41,38(073)62-94-278
Сергій,Білоус,serhiy.bilous@student.org,1988,7,22,IHQ-63,22.22,38(097)11-71-576
Юрій,Гриценко,yuriy.hrytsenko@student.org,1968,11,3,RXR-62,98.69,38(066)89-68-511
Максим,Поліщук,maksym.polishchuk@student.org,1982,11,9,LUG-40,79.85,38(063)46-28-314
Євгенія,Омельченко,yevheniya.omelchenko1@student.org,1976,1,20,DZP-49,48.66,38(097)86-54-702
Василь,Ткаченко,vasyl.tkachenko@student.org,1998,3,1,KZF-99,95.06,38(099)88-43-574
Олеся,Шевченко,olesya.shevchenko@student.org,1961,6,24,QLH-54,38.4,38(066)37-55-297
Галина,Скрипка,halyna.skrypka@student.org,1964,9,28,IQY-14,71.06,38(097)78-71-166
Федір,Василенко,fedir.vasylenko@student.org,1978,11,14,WJF-17,98.76,38(067)65-10-709
Михайло,Бойко,mykhaylo.boyko@student.org,1986,8,25,DHS-92,54.05,38(099)12-63-508
Світлана,Руденко,svitlana.rudenko@student.org,2001,5,22,QTK-28,58.04,38(050)48-34-468
Іван,Василенко,ivan.vasylenko1@student.org,2006,2,11,PSL-21,7.67,38(097)54-31-649
Інна,Макаренко,inna.makarenko1@student.org,1960,5,15,LCU-65,33.84,38(063)68-80-296
Надія,Цимбал,nadiya.tsymbal@student.org,1999,1,25,RMA-94,86.24,38(050)73-48-139
Віталій,Авраменко,vitaliy.avramenko@student.org,1993,12,27,WUH-91,85.53,38(097)11-47-966
Роман,Новік,roman.novik@student.org,1967,5,25,ITM-95,52.87,38(095)64-47-841
Михайло,Марченко,mykhaylo.marchenko1@student.org,1992,4,8,NJV-76,87.17,38(063)73-75-745
Ярослав,Коваленко,yaroslav.kovalenko@student.org,2009,3,28,JTW-97,63.59,38(098)97-90-350
Алла,Романенко,alla.romanenko@student.org,1977,3,25,RXO-11,3.63,38(098)36-17-717
Роман,Левченко,roman.levchenko@student.org,1980,3,11,USJ-99,41.25,38(067)39-10-890
Катерина,Литвин,kateryna.lytvyn@student.org,1986,9,28,XMQ-18,27.71,38(095)97-34-645
Наталія,Литвин,nataliya.lytvyn@student.org,1952,9,24,EJE-20,5.92,38(098)58-50-614
Сергій,Козлов,serhiy.kozlov1@student.org,2003,7,12,EEZ-62,35.39,38(050)54-88-116
Дмитро,Руденко,dmytro.rudenko1@student.org,1978,3,8,RQG-63,23.4,38(073)79-44-506
Сергій,Захарченко,serhiy.zakharchenko@student.org,1977,8,18,OGM-36,71.71,38(096)10-87-258
Раїса,Гладко,rayisa.hladko@student.org,1983,7,14,UTC-83,99.53,38(095)85-82-536
Роман,Руденко,roman.rudenko1@student.org,2007,6,16,UHJ-67,69.83,38(095)48-50-946
Михайло,Дорошенко,mykhaylo.doroshenko1@student.org,1964,5,2,GUB-39,65.04,38(096)57-29-944
Надія,Руденко,nadiya.rudenko@student.org,1999,8,10,VMG-17,47.68,38(096)66-27-639
Євгенія,Лебедь,yevheniya.lebed@student.org,1970,5,18,FBC-33,22.74,38(073)78-91-461
Костянтин,Козлов,kostyantyn.kozlov2@student.org,1988,9,28,XBQ-96,88.4,38(097)85-54-134
Сергій,Кузьменко,serhiy.kuzmenko@student.org,1983,8,26,EAR-78,83.85,38(063)62-80-871
Лілія,Панченко,liliya.panchenko1@student.org,2007,2,27,WRR-34,36.2,38(068)76-41-411
Любов,Шевчук,lyubov.shevchuk@student.org,2002,1,1,BAV-54,64.06,38(063)72-89-918
Олеся,Романенко,olesya.romanenko@student.org,1991,4,15,PAK-57,16.58,38(098)37-93-719
Юлія,Цимбал,yuliya.tsymbal1@student.org,1950,5,29,ZDY-54,42.21,38(073)40-64-462
Світлана,Петренко,svitlana.petrenko@student.org,1961,5,16,NWJ-27,30.49,38(096)17-38-341
Вера,Гриценко,vera.hrytsenko@student.org,1985,8,15,GPN-15,42.99,38(099)99-14-376
Віталій,Авраменко,vitaliy.avramenko1@student.org,1982,6,21,CBQ-48,79.29,38(095)34-29-127
Денис,Литвин,denys.lytvyn@student.org,1965,11,29,HVZ-31,35.66,38(093)24-86-150
Василь,Демченко,vasyl.demchenko@student.org,1966,10,15,OZL-65,14.81,38(093)11-82-408
Юрій,Савченко,yuriy.savchenko1@student.org,2009,11,29,LXD-42,90.35,38(093)12-35-742
Юрій,Авраменко,yuriy.avramenko1@student.org,1977,11,17,STJ-26,66.62,38(096)94-98-859
Галина,Макаренко,halyna.makarenko1@student.org,1985,6,28,YFP-79,10.34,38(093)98-71-481
Федір,Савченко,fedir.savchenko@student.org,1960,2,13,SWR-68,3.45,38(099)73-71-340
Віктор,Шаповал,viktor.shapoval@student.org,1961,8,21,RLS-67,1.2,38(050)75-52-454
Вікторія,Стельмах,viktoriya.stelmakh@student.org,1961,11,27,SXG-84,88.11,38(093)69-18-191
Людмила,Білоус,lyudmyla.bilous@student.org,1961,10,22,SKG-95,37.52,38(066)69-31-819
Алла,Лисенко,alla.lysenko@student.org,1997,5,24,XTC-76,8.99,38(063)64-38-256
Денис,Омельченко,denys.omelchenko@student.org,1998,10,16,XHT-86,31.88,38(097)42-22-404
Богдан,Шевченко,bohdan.shevchenko1@student.org,1950,3,1,FQU-44,40.23,38(098)77-30-338
Сергій,Стельмах,serhiy.stelmakh1@student.org,1976,2,17,AKB-43,36.03,38(050)68-40-541
Валентина,Мельник,valentyna.melnyk1@student.org,2006,7,16,XWR-81,80.79,38(093)72-77-354
Людмила,Лебедь,lyudmyla.lebed@student.org,1971,2,1,ROV-23,35.59,38(050)74-88-886
Григорій,Гончаренко,hryhoriy.honcharenko@student.org,2000,11,26,MYC-53,66.65,38(096)18-63-267
Олеся,Лебедь,olesya.lebed@student.org,1951,3,14,AAB-44,16.91,38(067)88-53-252
Володимир,Костенко,volodymyr.kostenko@student.org,1970,2,17,MIR-56,69.22,38(073)95-41-778
Михайло,Поліщук,mykhaylo.polishchuk@student.org,2001,10,23,ZGK-45,73.94,38(095)59-68-142
Денис,Мельник,denys.melnyk1@student.org,1987,4,13,OWS-73,48.03,38(068)27-60-882
Валентина,Кравченко,valentyna.kravchenko1@student.org,1978,5,3,RHH-30,99.69,38(097)28-30-102
Віктор,Литвин,viktor.lytvyn1@student.org,1957,1,21,MAD-27,31.18,38(067)57-68-144
Світлана,Лисенко,svitlana.lysenko@student.org,1989,8,5,FUX-87,39.67,38(068)29-97-359
Василь,Козлов,vasyl.kozlov@student.org,1973,2,20,YXB-70,66.04,38(098)86-80-139
Ірина,Козлов,iryna.kozlov@student.org,1999,2,17,QDF-53,7.66,38(095)14-19-708
Світлана,Мельник,svitlana.melnyk@student.org,1977,8,21,TTW-81,11.3,38(099)71-27-363
Ірина,Білоус,iryna.bilous@student.org,2006,4,16,WWQ-97,77.7,38(095)16-86-314
Тарас,Демченко,taras.demchenko@student.org,1982,4,21,BJY-31,96.96,38(095)61-14-799
Віктор,Поліщук,viktor.polishchuk@student.org,1988,3,29,HFZ-53,37.4,38(073)35-66-140
Людмила,Гордієнко,lyudmyla.hordiyenko@student.org,1988,1,16,EZL-53,77.14,38(093)63-40-657
Анна,Лебедь,anna.lebed1@student.org,1984,5,11,MRZ-93,44.14,38(068)40-59-523
Роман,Павленко,roman.pavlenko1@student.org,1975,6,28,YVA-94,2.76,38(098)96-41-262
Ігор,Гайдук,ihor.hayduk@student.org,1977,12,10,DJK-42,57.17,38(097)10-29-234
Сергій,Скрипка,serhiy.skrypka1@student.org,1957,11,28,SAM-83,14.24,38(099)10-91-368
Віктор,Панченко,viktor.panchenko@student.org,1985,5,13,NZU-67,2.64,38(099)76-12-734
Роман,Гриценко,roman.hrytsenko@student.org,1999,8,14,YLI-69,39.26,38(067)77-87-395
Михайло,Шевченко,mykhaylo.shevchenko@student.org,1992,6,18,ONG-95,64.06,38(097)55-76-434
Євгенія,Лисенко,yevheniya.lysenko1@student.org,1997,6,6,AIY-82,62.95,38(098)94-38-534
Тарас,Білоус,taras.bilous1@student.org,2008,2,18,ARM-43,18.87,38(095)99-48-430
Олеся,Макаренко,olesya.makarenko@student.org,1962,5,10,EKG-59,44.47,38(050)65-66-738
Любов,Новік,lyubov.novik1@student.org,1964,11,15,RVV-58,90.33,38(067)22-66-772
Галина,Гончаренко,halyna.honcharenko@student.org,1979,12,24,HEE-44,5.25,38(098)21-70-688
Василь,Бойко,vasyl.boyko@student.org,1958,2,12,WVO-62,75.03,38(098)68-18-352
Володимир,Петренко,volodymyr.petrenko@student.org,1956,11,26,LXD-42,11.52,38(095)82-85-886
Оксана,Руденко,oksana.rudenko@student.org,1989,2,18,OPH-12,13.57,38(095)11-56-600
Дмитро,Кравченко,dmytro.kravchenko@student.org,1969,6,8,TME-57,99.78,38(063)52-24-538
Марія,Никоненко,mariya.nykonenko1@student.org,1985,6,2,MNN-42,9.95,38(096)89-66-412
Михайло,Шевчук,mykhaylo.shevchuk1@student.org,1982,5,24,PIK-23,93.23,38(066)65-56-968
Іван,Лебедь,ivan.lebed@student.org,1961,6,10,IAD-16,69.04,38(098)55-21-777
Тетяна,Зайцев,tetyana.zaytsev@student.org,1984,8,31,ABQ-59,73.77,38(063)36-33-220
Михайло,Шевченко,mykhaylo.shevchenko1@student.org,2001,1,9,SOV-93,9.23,38(067)82-81-159
Сергій,Гладко,serhiy.hladko@student.org,1990,1,20,OKG-48,11.68,38(066)12-75-905
Петро,Гончаренко,petro.honcharenko@student.org,1985,11,2,URC-81,61.25,38(066)72-67-484
Павло,Стельмах,pavlo.stelmakh@student.org,2010,2,16,KWO-32,78.83,38(067)83-64-248
Сергій,Кузьменко,serhiy.kuzmenko1@student.org,1980,12,19,ZPJ-44,29.81,38(066)77-27-464
Федір,Гайдук,fedir.hayduk@student.org,1976,4,25,TCE-54,91.91,38(068)89-58-165
Катерина,Демченко,kateryna.demchenko@student.org,1992,5,31,RQV-53,50.34,38(066)98-54-603
Сергій,Новік,serhiy.novik@student.org,1958,8,16,IQX-90,84.63,38(067)66-17-900
Михайло,Никоненко,mykhaylo.nykonenko@student.org,1987,2,18,ZYZ-10,3.02,38(095)43-95-258
Олеся,Поліщук,olesya.polishchuk@student.org,1980,5,20,DZP-49,33.09,38(097)52-99-121
Богдан,Ткаченко,bohdan.tkachenko@student.org,1950,8,12,LQU-51,71.79,38(099)32-61-513
Костянтин,Ковальчук,kostyantyn.kovalchuk@student.org,1950,6,29,ELD-34,33.02,38(095)93-98-996
Юрій,Гладко,yuriy.hladko@student.org,1950,12,17,XHT-86,24.61,38(095)17-93-693
Вікторія,Ткаченко,viktoriya.tkachenko@student.org,1991,5,15,OGM-36,79.93,38(096)58-42-438
Надія,Ткаченко,nadiya.tkachenko@student.org,1985,10,6,DJK-48,42.86,38(097)69-23-405
Максим,Цимбал,maksym.tsymbal@student.org,1980,11,30,BNC-22,47.68,38(073)71-73-566
Світлана,Панченко,svitlana.panchenko1@student.org,1977,4,15,FOR-58,46.89,38(063)17-81-882
Павло,Ткаченко,pavlo.tkachenko1@student.org,1996,8,25,NCO-96,41.07,38(098)87-50-104
Віктор,Василенко,viktor.vasylenko@student.org,2007,6,17,TSG-56,27.02,38(099)30-83-403
Інна,Новік,inna.novik@student.org,1971,2,9,VJA-95,46.36,38(067)81-49-178
Остап,Демченко,ostap.demchenko@student.org,1966,11,21,VVK-45,62.14,38(097)76-10-797
Ганна,Мельник,hanna.melnyk@student.org,1997,10,9,GNT-12,33.0,38(066)85-79-319
Ігор,Дорошенко,ihor.doroshenko1@student.org,1985,12,20,CYP-39,63.73,38(068)29-46-458
Костянтин,Павленко,kostyantyn.pavlenko@student.org,1995,6,15,ONO-63,45.87,38(093)54-65-174
Петро,Петренко,petro.petrenko1@student.org,1997,1,27,RDO-77,75.4,38(066)97-87-394
Іван,Цимбал,ivan.tsymbal@student.org,1950,3,16,DGG-73,40.93,38(097)30-49-419
Володимир,Рибак,volodymyr.rybak@student.org,1975,6,18,SIH-56,86.7,38(096)84-61-735
Наталія,Левченко,nataliya.levchenko1@student.org,1997,3,26,ASQ-34,76.89,38(095)50-43-843
Віктор,Гладко,viktor.hladko1@student.org,1996,3,22,YZE-36,86.04,38(097)33-62-843
Вера,Литвин,vera.lytvyn@student.org,1982,5,23,TSJ-44,70.88,38(097)99-32-753
Володимир,Гриценко,volodymyr.hrytsenko@student.org,1950,9,6,ITH-31,46.84,38(073)26-19-976
Михайло,Гончаренко,mykhaylo.honcharenko@student.org,2000,6,23,BUL-27,58.36,38(068)49-62-928
Оксана,Новік,oksana.novik@student.org,1994,5,9,RWX-14,53.6,38(067)19-37-390
Любов,Мельник,lyubov.melnyk@student.org,1962,8,2,DPJ-44,25.57,38(066)85-97-190
Федір,Руденко,fedir.rudenko1@student.org,1967,12,13,YVC-86,49.39,38(073)18-77-268
Станіслав,Павленко,stanislav.pavlenko@student.org,1981,8,3,WSQ-76,70.58,38(073)47-60-157
Андрій,Авраменко,andriy.avramenko@student.org,1975,5,14,OLL-27,3.33,38(095)23-17-243
Станіслав,Костенко,stanislav.kostenko@student.org,1996,12,2,RCP-89,33.46,38(067)40-73-497
Роман,Литвин,roman.lytvyn@student.org,1999,2,3,XXC-37,99.66,38(067)38-13-330
Наталія,Шевченко,nataliya.shevchenko@student.org,1953,2,12,ADN-74,59.97,38(067)76-68-934
Надія,Коваленко,nadiya.kovalenko1@student.org,1950,2,1,OOK-97,83.62,38(099)99-69-796
Григорій,Авраменко,hryhoriy.avramenko@student.org,2001,7,16,PYA-61,53.13,38(097)40-70-219
Марія,Гладко,mariya.hladko@student.org,1989,2,13,NON-18,97.18,38(063)82-51-171
Юрій,Мельник,yuriy.melnyk@student.org,1971,8,14,AIY-82,52.25,38(068)92-89-784
Артем,Павленко,artem.pavlenko@student.org,1973,11,23,EMN-14,40.33,38(073)31-48-331
Ірина,Іваненко,iryna.ivanenko@student.org,1954,6,23,WEL-33,2.03,38(050)55-54-918
Василь,Захарченко,vasyl.zakharchenko1@student.org,1965,6,28,FQU-44,47.16,38(098)16-28-336
Богдан,Костенко,bohdan.kostenko1@student.org,1997,1,10,EZR-42,50.51,38(067)14-91-989
Олена,Никоненко,olena.nykonenko@student.org,1989,3,24,BBY-57,69.79,38(050)51-64-968
Катерина,Козлов,kateryna.kozlov@student.org,1950,12,30,VNJ-35,85.9,38(073)26-28-281
Євгенія,Гайдук,yevheniya.hayduk@student.org,1962,2,26,PZX-65,18.02,38(063)46-59-726
Роман,Захарченко,roman.zakharchenko@student.org,1980,4,5,EPE-94,49.22,38(095)66-69-426
Вікторія,Рибак,viktoriya.rybak@student.org,1962,2,15,SHR-81,26.15,38(050)33-52-860
Станіслав,Гриценко,stanislav.hrytsenko1@student.org,1975,12,4,UIH-37,68.58,38(098)44-25-140
Юлія,Зайцев,yuliya.zaytsev@student.org,1977,4,9,HLR-46,39.25,38(096)39-79-987
Іван,Левченко,ivan.levchenko1@student.org,1997,10,7,BOU-17,5.01,38(098)68-17-852
Тетяна,Скрипка,tetyana.skrypka@student.org,1988,11,14,SVM-70,21.28,38(067)62-97-836
Раїса,Макаренко,rayisa.makarenko1@student.org,1953,10,4,OCQ-25,63.25,38(073)82-12-951
Тарас,Мельник,taras.melnyk@student.org,1961,7,14,XNP-12,60.04,38(096)58-26-900
Олеся,Кравченко,olesya.kravchenko@student.org,1958,5,22,MNU-19,11.07,38(097)73-16-675
Артем,Гончаренко,artem.honcharenko@student.org,1995,6,5,FBI-82,98.52,38(050)45-97-889
Олена,Демченко,olena.demchenko@student.org,1999,2,25,AZX-78,62.66,38(063)48-17-144
Сергій,Павленко,serhiy.pavlenko@student.org,1971,12,23,TPZ-52,98.83,38(093)92-60-379
Людмила,Скрипка,lyudmyla.skrypka1@student.org,1968,5,15,VVC-95,37.9,38(097)50-60-606
Віктор,Панченко,viktor.panchenko1@student.org,1979,1,1,RQL-70,23.24,38(097)73-24-455
Артем,Коваль,artem.koval@student.org,2006,6,25,OFZ-66,38.75,38(050)76-28-749
Віктор,Кравченко,viktor.kravchenko1@student.org,1973,6,21,PWS-37,62.11,38(096)19-99-959
Тарас,Коваленко,taras.kovalenko@student.org,1959,4,13,GCP-93,60.33,38(050)43-76-719
Вікторія,Захарченко,viktoriya.zakharchenko@student.org,1972,3,24,BYT-28,15.8,38(068)20-41-346
Тарас,Дорошенко,taras.doroshenko1@student.org,2007,2,10,GWY-95,80.47,38(050)14-88-714
Надія,Новік,nadiya.novik@student.org,1973,5,25,UYV-51,46.13,38(096)94-84-215
Петро,Кузьменко,petro.kuzmenko@student.org,1983,9,29,IJF-13,4.32,38(093)96-49-305
Оксана,Шевченко,oksana.shevchenko@student.org,1992,6,2,SXY-10,58.37,38(099)20-68-437
Алла,Кузьменко,alla.kuzmenko@student.org,1985,8,10,HLT-67,50.63,38(099)36-42-905
Раїса,Лисенко,rayisa.lysenko1@student.org,1993,7,25,QWC-36,66.46,38(066)57-83-187
Галина,Шаповал,halyna.shapoval@student.org,1963,4,6,MLI-89,36.43,38(073)93-20-425
Віктор,Коваль,viktor.koval1@student.org,1960,3,28,MLM-68,97.34,38(098)31-95-433
Тарас,Скрипка,taras.skrypka@student.org,1970,9,24,KYA-34,48.98,38(095)44-58-614
Вера,Авраменко,vera.avramenko1@student.org,1996,3,5,HZY-67,6.75,38(066)14-48-856
Вера,Скрипка,vera.skrypka@student.org,2007,9,15,CWL-86,45.54,38(067)15-82-906
Олена,Коваль,olena.koval@student.org,1974,3,10,IJP-76,98.14,38(093)47-99-364
Ганна,Лебедь,hanna.lebed@student.org,1950,4,6,ZTV-62,90.75,38(095)18-45-558
Олександр,Коваленко,oleksandr.kovalenko@student.org,1977,3,15,GJT-56,92.62,38(098)14-19-894
Іван,Литвин,ivan.lytvyn1@student.org,1972,1,21,PTY-23,1.77,38(098)55-56-915
Михайло,Поліщук,mykhaylo.polishchuk1@student.org,1984,6,21,KQV-25,82.37,38(095)78-92-773
Ганна,Скрипка,hanna.skrypka@student.org,1962,3,1,OQL-77,89.78,38(097)83-82-217
Раїса,Поліщук,rayisa.polishchuk@student.org,1984,3,19,OJN-28,88.44,38(068)81-73-146
Алла,Лисенко,alla.lysenko1@student.org,1952,6,11,SYH-35,11.31,38(096)63-59-391
Оксана,Козлов,oksana.kozlov@student.org,2001,2,27,FVC-98,58.29,38(098)28-88-463
Марія,Іваненко,mariya.ivanenko1@student.org,1991,4,12,GQS-67,29.28,38(068)29-71-550
Лариса,Білоус,larysa.bilous2@student.org,1987,5,19,DFF-47,10.42,38(093)19-16-442
Олександр,Никоненко,oleksandr.nykonenko@student.org,2006,3,3,KHV-79,13.54,38(063)95-82-276
Андрій,Захарченко,andriy.zakharchenko1@student.org,1996,1,15,JNM-47,16.72,38(093)14-21-870
Марія,Король,mariya.korol1@student.org,1960,12,14,FDK-50,54.46,38(093)97-57-209
Павло,Поліщук,pavlo.polishchuk@student.org,1992,10,19,QHI-33,13.51,38(073)35-82-616
Михайло,Шевчук,mykhaylo.shevchuk2@student.org,1971,9,5,UWW-97,96.84,38(093)68-43-301
Ірина,Ковальчук,iryna.kovalchuk@student.org,1956,6,27,QDV-28,65.95,38(066)36-15-842
Роман,Скрипка,roman.skrypka@student.org,1984,1,29,LJF-34,21.26,38(066)92-74-787
Володимир,Шевченко,volodymyr.shevchenko@student.org,2000,3,23,LVH-68,50.61,38(095)20-69-987
Вера,Никоненко,vera.nykonenko1@student.org,2009,8,30,FYC-58,86.78,38(073)29-97-943
Світлана,Цимбал,svitlana.tsymbal@student.org,1958,12,31,ZCT-40,19.5,38(097)16-10-233
Тарас,Руденко,taras.rudenko@student.org,1995,7,6,USX-62,8.92,38(073)43-64-217
Григорій,Мельник,hryhoriy.melnyk@student.org,2008,7,29,IYJ-53,19.68,38(063)20-35-192
Віталій,Козлов,vitaliy.kozlov@student.org,1968,2,8,UUR-19,69.68,38(093)19-82-326
Михайло,Стельмах,mykhaylo.stelmakh@student.org,1950,2,13,YDU-80,86.05,38(097)17-37-309
Костянтин,Ткаченко,kostyantyn.tkachenko1@student.org,1963,6,17,AZY-20,89.55,38(068)88-56-355
Ірина,Кравченко,iryna.kravchenko1@student.org,1976,3,16,NEA-27,16.16,38(095)62-87-103
Віктор,Іваненко,viktor.ivanenko@student.org,1959,7,17,HDZ-60,39.62,38(063)94-47-112
Павло,Шевчук,pavlo.shevchuk@student.org,1976,6,2,QMZ-96,5.68,38(067)68-83-918
Михайло,Василенко,mykhaylo.vasylenko@student.org,1963,4,30,TQQ-72,98.32,38(093)20-67-107
Юлія,Мельник,yuliya.melnyk1@student.org,1984,3,1,SBT-22,13.87,38(099)85-65-600
Ганна,Новік,hanna.novik@student.org,1998,3,10,TYM-75,53.07,38(099)81-86-872
Тетяна,Омельченко,tetyana.omelchenko1@student.org,1992,3,27,CCJ-10,90.43,38(098)86-37-908
Григорій,Гайдук,hryhoriy.hayduk@student.org,1985,1,4,QYI-73,47.98,38(050)32-54-998
Ірина,Мельник,iryna.melnyk@student.org,1985,1,26,QOB-17,34.2,38(066)12-27-597
Василь,Шевченко,vasyl.shevchenko@student.org,1958,1,24,OWF-50,61.87,38(097)23-74-467
Оксана,Зайцев,oksana.zaytsev@student.org,1961,7,24,SKS-73,68.86,38(093)97-28-325
Максим,Гриценко,maksym.hrytsenko1@student.org,1973,10,10,KBR-82,81.42,38(093)41-58-239
Дмитро,Новік,dmytro.novik@student.org,1970,10,3,ZXE-12,47.22,38(066)52-82-783
Вера,Никоненко,vera.nykonenko2@student.org,1969,2,20,JBB-45,23.69,38(096)78-37-933
Ірина,Михайленко,iryna.mykhaylenko@student.org,1971,9,3,RGE-82,4.13,38(050)39-82-360
Марія,Петренко,mariya.petrenko@student.org,2008,7,6,PKK-25,36.82,38(063)31-18-925
Володимир,Литвин,volodymyr.lytvyn@student.org,2009,6,16,FRN-20,62.42,38(067)71-25-815
Ярослав,Шаповал,yaroslav.shapoval@student.org,1961,10,8,POZ-58,48.84,38(098)55-20-867
Станіслав,Шевченко,stanislav.shevchenko1@student.org,1979,3,30,QJV-17,38.68,38(097)35-68-588
Павло,Білоус,pavlo.bilous@student.org,1997,6,12,FYY-69,63.7,38(098)74-57-946
Ірина,Литвин,iryna.lytvyn@student.org,2000,5,24,WMG-91,31.1,38(096)74-25-106
Ірина,Гайдук,iryna.hayduk@student.org,1968,12,13,FDW-31,10.35,38(063)87-11-449
Любов,Омельченко,lyubov.omelchenko@student.org,1970,3,13,PTV-58,65.76,38(099)38-18-362
Тетяна,Гордієнко,tetyana.hordiyenko@student.org,1977,10,1,RDO-77,2.95,38(097)92-67-822
Богдан,Марченко,bohdan.marchenko1@student.org,1985,9,4,JFZ-77,47.91,38(073)43-34-942
Вера,Гордієнко,vera.hordiyenko@student.org,1975,6,25,HQD-15,3.44,38(067)86-44-222
Олена,Новік,olena.novik@student.org,1950,7,26,JCT-72,12.34,38(066)23-50-690
Ганна,Дорошенко,hanna.doroshenko@student.org,1967,12,26,BYD-52,63.42,38(067)84-95-266
Вікторія,Білоус,viktoriya.bilous1@student.org,1955,10,31,DWC-72,31.93,38(066)51-82-737
Тетяна,Іваненко,tetyana.ivanenko@student.org,1977,7,28,HGY-24,73.11,38(095)16-13-675
Євгенія,Шевченко,yevheniya.shevchenko@student.org,1969,8,13,PYA-61,79.85,38(099)92-91-512
Ірина,Скрипка,iryna.skrypka@student.org,1965,2,9,NBG-43,38.03,38(098)53-99-730
Лариса,Шаповал,larysa.shapoval@student.org,1986,9,7,ZNU-80,3.23,38(073)20-11-125
Денис,Никоненко,denys.nykonenko@student.org,1984,9,22,ZYA-14,10.94,38(068)19-29-566
Володимир,Литвин,volodymyr.lytvyn1@student.org,1986,4,2,ONP-18,64.12,38(099)36-59-172
Лілія,Білоус,liliya.bilous@student.org,1997,8,4,GSQ-60,45.65,38(095)87-96-484
Максим,Петренко,maksym.petrenko@student.org,1997,6,1,GQB-11,14.77,38(063)62-91-788
Павло,Шаповал,pavlo.shapoval@student.org,1960,11,8,IRP-89,82.3,38(067)20-97-815
Юрій,Василенко,yuriy.vasylenko@student.org,1986,10,26,JPD-79,78.51,38(050)63-18-980
Оксана,Ткаченко,oksana.tkachenko@student.org,1952,7,26,XGK-58,59.61,38(067)45-70-662
Ігор,Демченко,ihor.demchenko@student.org,1950,2,16,MHP-37,23.87,38(073)46-83-569
Марія,Білоус,mariya.bilous@student.org,1991,2,25,XXY-69,16.08,38(050)93-13-237
Юлія,Романенко,yuliya.romanenko@student.org,1995,3,20,KDT-98,11.48,38(099)74-62-727
Раїса,Рибак,rayisa.rybak@student.org,1984,12,30,IGA-50,32.41,38(096)41-41-526
Тетяна,Бойко,tetyana.boyko@student.org,1970,2,28,VFJ-78,80.83,38(050)12-84-362
Ірина,Іваненко,iryna.ivanenko1@student.org,2007,2,19,FJM-71,35.08,38(068)23-66-495
Віталій,Кузьменко,vitaliy.kuzmenko2@student.org,1970,1,3,OYX-91,90.78,38(097)12-41-710
Інна,Дорошенко,inna.doroshenko@student.org,1965,7,11,KFJ-57,22.46,38(097)48-64-329
Дмитро,Никоненко,dmytro.nykonenko@student.org,1978,3,5,JKY-48,2.69,38(050)68-83-506
Роман,Левченко,roman.levchenko1@student.org,2002,7,19,RDJ-77,55.64,38(095)50-46-856
Петро,Бойко,petro.boyko@student.org,1984,2,24,RBH-55,67.07,38(096)71-36-411
Лілія,Король,liliya.korol@student.org,1954,9,28,JZF-19,2.32,38(066)19-60-779
Роман,Шевченко,roman.shevchenko@student.org,1987,3,6,DGG-73,81.15,38(099)61-27-575
Максим,Марченко,maksym.marchenko@student.org,1975,4,3,TTY-83,25.04,38(068)71-44-503
Алла,Цимбал,alla.tsymbal@student.org,2010,8,4,BIP-34,62.95,38(073)42-16-498
Остап,Коваль,ostap.koval@student.org,2007,1,7,EVP-88,97.03,38(097)56-87-477
Іван,Савченко,ivan.savchenko1@student.org,1994,10,30,GSH-49,70.43,38(098)76-77-273
Юлія,Кузьменко,yuliya.kuzmenko@student.org,1965,3,18,HAF-32,93.27,38(063)57-27-327
Лариса,Павленко,larysa.pavlenko@student.org,2004,2,16,LBZ-19,95.49,38(063)70-97-483
Станіслав,Романенко,stanislav.romanenko@student.org,1991,10,25,KQQ-67,9.61,38(095)13-84-972
Раїса,Гордієнко,rayisa.hordiyenko1@student.org,1964,2,1,RID-11,50.98,38(093)38-16-515
Ігор,Скрипка,ihor.skrypka@student.org,1994,7,28,VQS-43,30.52,38(096)39-85-627
Валентина,Бойко,valentyna.boyko@student.org,1953,9,24,KUD-36,63.64,38(099)64-15-722
Григорій,Стельмах,hryhoriy.stelmakh@student.org,2010,2,3,HOM-64,17.96,38(066)45-79-476
Василь,Марченко,vasyl.marchenko@student.org,1979,10,18,VUG-62,3.01,38(097)24-66-577
Юлія,Василенко,yuliya.vasylenko@student.org,1975,7,4,GMZ-76,22.93,38(095)56-31-512
Марія,Шевченко,mariya.shevchenko@student.org,1959,5,11,CLA-41,82.47,38(068)17-68-425
Марія,Руденко,mariya.rudenko@student.org,1962,5,17,KSW-61,80.79,38(067)81-53-782
Лілія,Цимбал,liliya.tsymbal@student.org,1968,11,30,IFB-80,47.05,38(066)22-21-756
Вікторія,Коваленко,viktoriya.kovalenko@student.org,1973,11,12,TEN-40,95.67,38(098)87-12-824
Вера,Новік,vera.novik@student.org,1982,6,16,XHT-86,82.72,38(066)16-94-234
Павло,Ткаченко,pavlo.tkachenko2@student.org,1953,1,14,KGU-90,29.97,38(093)73-32-100
Тарас,Ковальчук,taras.kovalchuk@student.org,1953,9,30,LKQ-13,63.33,38(067)53-77-998
Марія,Левченко,mariya.levchenko@student.org,1965,5,28,AKJ-64,91.0,38(096)31-31-832
Раїса,Литвин,rayisa.lytvyn1@student.org,1963,1,21,SGP-10,8.05,38(066)52-18-688
Артем,Коваль,artem.koval1@student.org,1996,4,2,QDF-53,10.48,38(098)31-55-794
Іван,Ковальчук,ivan.kovalchuk@student.org,1958,3,3,RGT-40,62.68,38(099)72-11-388
Марія,Кравченко,mariya.kravchenko@student.org,1981,1,20,OTJ-88,55.07,38(093)24-19-779
Лариса,Ткаченко,larysa.tkachenko@student.org,1964,4,22,RSL-29,87.2,38(050)89-38-190
Олександр,Руденко,oleksandr.rudenko@student.org,1979,10,16,VSB-27,86.81,38(073)15-60-883
Віталій,Руденко,vitaliy.rudenko@student.org,1980,3,19,YSS-92,64.57,38(073)39-65-745
Лілія,Гордієнко,liliya.hordiyenko1@student.org,1992,7,31,NNG-38,82.97,38(073)57-18-801
Федір,Никоненко,fedir.nykonenko@student.org,1978,2,25,WXD-22,47.57,38(099)74-58-236
Лілія,Лисенко,liliya.lysenko1@student.org,1972,2,24,KSD-19,77.61,38(093)64-72-228
Лілія,Лебедь,liliya.lebed@student.org,1992,5,28,YSS-92,21.65,38(098)53-13-193
Олександр,Мельник,oleksandr.melnyk1@student.org,1981,7,10,RZI-27,97.02,38(063)50-24-881
Вера,Гриценко,vera.hrytsenko1@student.org,1974,5,9,BWW-44,80.97,38(096)71-10-133
Роман,Костенко,roman.kostenko@student.org,1977,4,16,GIP-79,93.12,38(068)84-70-221
Григорій,Захарченко,hryhoriy.zakharchenko1@student.org,1959,8,16,YSB-53,21.15,38(093)94-73-857
Ярослав,Шаповал,yaroslav.shapoval1@student.org,1954,1,1,VAP-36,4.97,38(096)95-92-725
Тетяна,Гладко,tetyana.hladko@student.org,1999,11,24,NFE-51,14.92,38(093)20-15-173
Олеся,Цимбал,olesya.tsymbal1@student.org,1978,6,7,NJX-28,52.23,38(066)82-82-401
Віталій,Лисенко,vitaliy.lysenko@student.org,1979,4,18,KJV-15,85.55,38(068)69-19-704
Роман,Авраменко,roman.avramenko1@student.org,1996,7,11,JBK-13,52.7,38(050)77-74-970
Людмила,Лебедь,lyudmyla.lebed1@student.org,2001,1,22,HPD-87,14.77,38(050)95-33-202
Роман,Демченко,roman.demchenko@student.org,2004,1,7,PTH-45,35.55,38(096)14-54-835
Любов,Захарченко,lyubov.zakharchenko@student.org,1961,12,29,DYW-54,82.65,38(066)66-35-343
Роман,Макаренко,roman.makarenko@student.org,2002,6,4,DEZ-88,54.81,38(073)71-52-515
Максим,Цимбал,maksym.tsymbal1@student.org,1997,11,10,NHQ-59,92.48,38(095)54-97-255
Марія,Омельченко,mariya.omelchenko1@student.org,1968,8,24,MCS-42,26.94,38(099)59-70-115
Василь,Кравченко,vasyl.kravchenko1@student.org,2001,7,15,ZDY-54,74.59,38(099)16-87-772
Валентина,Коваленко,valentyna.kovalenko@student.org,1955,6,6,BNS-92,22.01,38(095)98-94-587
Юлія,Ковальчук,yuliya.kovalchuk@student.org,1971,3,24,AWJ-64,4.33,38(063)55-93-325
Павло,Левченко,pavlo.levchenko@student.org,1960,7,23,WIC-44,3.02,38(093)35-35-496
Інна,Савченко,inna.savchenko@student.org,1951,5,24,LQU-46,22.66,38(050)63-77-164
Роман,Василенко,roman.vasylenko@student.org,2009,12,27,UAU-76,85.95,38(063)98-68-305
Світлана,Левченко,svitlana.levchenko@student.org,1954,8,22,YHT-16,8.26,38(067)13-65-644
Світлана,Гордієнко,svitlana.hordiyenko@student.org,1968,2,4,LPL-23,9.77,38(073)58-57-161
Костянтин,Мельник,kostyantyn.melnyk@student.org,1993,6,27,BUL-27,66.95,38(068)61-40-188
Станіслав,Кравченко,stanislav.kravchenko@student.org,2003,6,16,VEK-46,60.45,38(098)76-21-507
Тетяна,Авраменко,tetyana.avramenko@student.org,2008,9,29,PKK-25,87.93,38(067)95-74-251
Сергій,Зайцев,serhiy.zaytsev1@student.org,1956,2,21,XML-35,9.39,38(098)69-34-689
Ігор,Гладко,ihor.hladko@student.org,1955,7,16,VGR-80,11.69,38(050)14-14-822
Людмила,Дорошенко,lyudmyla.doroshenko1@student.org,1953,1,6,NNS-51,71.59,38(067)49-74-764
Надія,Кравченко,nadiya.kravchenko@student.org,1979,10,27,VNJ-35,48.6,38(050)82-89-900
Григорій,Гайдук,hryhoriy.hayduk1@student.org,1988,3,15,MCI-65,63.08,38(096)20-50-225
Лілія,Макаренко,liliya.makarenko@student.org,1955,12,1,ITM-95,63.64,38(099)10-75-616
Вера,Романенко,vera.romanenko2@student.org,1985,3,23,UEQ-73,3.23,38(067)31-66-728
Віталій,Петренко,vitaliy.petrenko@student.org,2010,4,15,CHK-82,57.14,38(096)23-52-116
Ярослав,Дорошенко,yaroslav.doroshenko@student.org,1986,9,7,ONO-63,10.75,38(093)39-90-747
Людмила,Романенко,lyudmyla.romanenko1@student.org,1960,4,1,KBP-62,81.44,38(098)60-42-277
Лілія,Демченко,liliya.demchenko@student.org,1971,10,26,UEF-21,55.15,38(099)59-41-196
Ганна,Скрипка,hanna.skrypka1@student.org,1999,10,7,DKM-25,52.16,38(073)41-81-728
Анна,Панченко,anna.panchenko@student.org,1970,6,18,RHT-51,34.1,38(099)64-58-505
Інна,Савченко,inna.savchenko1@student.org,2009,2,22,UGJ-20,44.14,38(098)59-23-441
Юлія,Литвин,yuliya.lytvyn2@student.org,2004,4,22,AEG-31,88.04,38(068)47-75-143
Ганна,Панченко,hanna.panchenko1@student.org,2007,10,3,UGJ-29,39.27,38(063)14-18-791
Роман,Панченко,roman.panchenko1@student.org,1969,11,26,EPU-92,68.24,38(063)38-45-391
Тетяна,Никоненко,tetyana.nykonenko@student.org,1979,11,22,CYP-39,16.38,38(073)33-96-732
Тетяна,Литвин,tetyana.lytvyn@student.org,1977,3,17,PTN-58,44.76,38(099)94-83-579
Андрій,Стельмах,andriy.stelmakh@student.org,1996,5,19,VMR-66,51.52,38(096)63-21-802
Федір,Петренко,fedir.petrenko@student.org,2005,8,14,IRS-63,71.09,38(097)19-83-450
Анна,Гриценко,anna.hrytsenko1@student.org,1977,9,22,YQU-70,59.54,38(098)71-82-709
Василь,Гриценко,vasyl.hrytsenko@student.org,1980,6,14,QGS-78,0.95,38(093)51-99-967
Богдан,Король,bohdan.korol@student.org,1953,1,22,ZAR-80,87.2,38(097)88-31-927
Олена,Білоус,olena.bilous@student.org,1978,6,20,ZME-55,94.8,38(093)41-32-893
Раїса,Демченко,rayisa.demchenko1@student.org,1952,4,13,SUH-39,88.8,38(098)80-94-398
Надія,Авраменко,nadiya.avramenko2@student.org,1954,12,31,HAF-75,35.41,38(097)70-73-834
Наталія,Гриценко,nataliya.hrytsenko1@student.org,1984,8,11,MQE-76,77.85,38(097)17-11-954
Федір,Василенко,fedir.vasylenko1@student.org,2007,5,28,PCD-39,77.98,38(063)56-26-796
Володимир,Костенко,volodymyr.kostenko1@student.org,2005,11,29,OVL-88,84.17,38(098)94-66-765
Остап,Руденко,ostap.rudenko1@student.org,1976,9,12,NKJ-58,71.27,38(073)68-94-134
Павло,Гордієнко,pavlo.hordiyenko@student.org,1975,9,24,IRH-88,45.12,38(097)41-81-988
Богдан,Марченко,bohdan.marchenko2@student.org,1989,2,8,SFC-97,16.15,38(095)98-16-621
Іван,Ковальчук,ivan.kovalchuk1@student.org,1980,2,13,COK-52,26.88,38(099)69-71-901
Денис,Гордієнко,denys.hordiyenko@student.org,1975,1,19,QDZ-87,57.44,38(099)33-60-248
Юрій,Бойко,yuriy.boyko@student.org,1954,10,24,XTC-76,2.18,38(098)95-71-258
Максим,Лисенко,maksym.lysenko2@student.org,1972,3,19,WOU-49,8.03,38(095)49-59-305
Тарас,Білоус,taras.bilous2@student.org,2000,4,20,SXV-80,21.22,38(067)67-23-946
Артем,Кузьменко,artem.kuzmenko@student.org,2004,2,28,LIS-99,48.99,38(073)12-23-772
Тарас,Омельченко,taras.omelchenko@student.org,1999,12,28,KVM-65,14.48,38(093)40-29-698
Оксана,Козлов,oksana.kozlov1@student.org,1976,4,5,EVG-32,93.5,38(097)34-72-772
Олеся,Скрипка,olesya.skrypka@student.org,1993,11,28,JXZ-83,56.69,38(066)89-37-446
Вікторія,Петренко,viktoriya.petrenko@student.org,1989,7,19,NPR-51,6.97,38(063)59-10-659
Павло,Іваненко,pavlo.ivanenko1@student.org,1972,12,5,JCM-58,14.73,38(093)96-70-516
Анна,Кравченко,anna.kravchenko@student.org,1959,12,3,YYJ-89,70.67,38(097)89-11-885
Юлія,Василенко,yuliya.vasylenko1@student.org,1973,11,13,DHC-48,85.6,38(073)73-46-858
Роман,Омельченко,roman.omelchenko@student.org,1961,9,25,NCH-24,94.96,38(073)81-17-719
Алла,Гриценко,alla.hrytsenko1@student.org,2002,1,8,TGD-46,35.62,38(063)84-43-633
Оксана,Авраменко,oksana.avramenko@student.org,1951,9,15,NEG-89,87.1,38(096)62-31-466
Лілія,Цимбал,liliya.tsymbal1@student.org,1956,5,11,IAU-55,84.23,38(093)19-18-851
Григорій,Захарченко,hryhoriy.zakharchenko2@student.org,1970,10,30,EHN-27,75.59,38(063)12-93-994
Сергій,Дорошенко,serhiy.doroshenko@student.org,1953,3,12,TCE-54,39.52,38(093)15-68-809
Марія,Михайленко,mariya.mykhaylenko@student.org,2009,3,25,RDP-91,18.62,38(093)59-70-610
Оксана,Кузьменко,oksana.kuzmenko@student.org,2007,2,21,XGK-58,73.56,38(050)97-12-685
Володимир,Шевчук,volodymyr.shevchuk@student.org,1977,10,12,OGW-26,42.6,38(098)55-90-688
Роман,Стельмах,roman.stelmakh@student.org,1975,3,1,LDD-93,54.2,38(095)97-89-347
Іван,Цимбал,ivan.tsymbal1@student.org,1998,3,2,GTR-88,52.15,38(067)94-15-338
Юлія,Петренко,yuliya.petrenko@student.org,1970,12,26,GSS-31,10.25,38(093)14-53-564
Олександр,Марченко,oleksandr.marchenko@student.org,1956,9,5,VHE-92,24.57,38(050)19-75-505
Віталій,Кравченко,vitaliy.kravchenko1@student.org,2000,2,4,YVA-94,8.12,38(050)41-93-981
Віталій,Стельмах,vitaliy.stelmakh1@student.org,1993,12,13,XDN-81,57.51,38(099)80-40-765
Алла,Бойко,alla.boyko1@student.org,1989,8,1,PNB-94,14.9,38(073)89-86-309
Світлана,Гайдук,svitlana.hayduk@student.org,1951,8,7,WCT-29,8.13,38(068)80-13-745
Василь,Павленко,vasyl.pavlenko@student.org,1970,3,16,WRI-10,2.51,38(099)37-47-512
Максим,Костенко,maksym.kostenko@student.org,1952,12,23,ZNV-90,47.56,38(067)72-69-121
Ярослав,Ткаченко,yaroslav.tkachenko1@student.org,1996,1,7,RQI-66,54.54,38(066)15-24-668
Юрій,Поліщук,yuriy.polishchuk1@student.org,1961,5,7,OXZ-98,56.65,38(093)79-31-886
Сергій,Лисенко,serhiy.lysenko@student.org,1973,3,20,WTU-82,71.09,38(096)16-27-522
Максим,Савченко,maksym.savchenko@student.org,2002,1,24,ZMH-93,48.89,38(068)72-89-394
Анна,Білоус,anna.bilous1@student.org,1999,6,22,YDF-37,87.56,38(067)93-30-964
Ігор,Коваль,ihor.koval@student.org,2004,11,2,WJO-24,20.25,38(067)41-13-862
Юлія,Романенко,yuliya.romanenko1@student.org,1989,4,11,TEY-59,25.38,38(067)50-58-987
Денис,Поліщук,denys.polishchuk1@student.org,1963,11,26,BVL-74,97.2,38(093)51-51-592
Денис,Новік,denys.novik@student.org,2010,7,20,LSK-20,68.94,38(093)66-71-446
Наталія,Демченко,nataliya.demchenko@student.org,1973,6,24,IRV-99,54.42,38(067)36-99-679
Галина,Марченко,halyna.marchenko@student.org,1996,2,22,NFD-22,83.04,38(096)13-22-592
Тарас,Левченко,taras.levchenko1@student.org,2001,4,27,VCD-70,91.88,38(063)62-23-828
Іван,Шевчук,ivan.shevchuk@student.org,1974,6,2,XJN-17,94.48,38(093)49-61-226
Оксана,Петренко,oksana.petrenko@student.org,1978,8,6,SOW-35,53.18,38(068)73-35-943
Роман,Рибак,roman.rybak1@student.org,1983,10,26,POJ-12,36.42,38(095)70-53-528
Олена,Ковальчук,olena.kovalchuk@student.org,1996,2,1,YHK-72,42.45,38(097)92-51-715
Оксана,Шевчук,oksana.shevchuk@student.org,2010,6,1,UTB-40,26.92,38(097)37-87-534
Василь,Литвин,vasyl.lytvyn@student.org,1984,8,13,AOA-59,5.94,38(098)82-20-228
Юрій,Макаренко,yuriy.makarenko@student.org,2002,7,12,GLI-36,12.03,38(097)11-64-867
Раїса,Козлов,rayisa.kozlov@student.org,1981,8,21,PDP-47,18.39,38(063)13-74-550
Денис,Петренко,denys.petrenko1@student.org,1955,2,27,ARZ-63,38.87,38(093)85-21-226
Олександр,Бойко,oleksandr.boyko1@student.org,1956,4,17,NDM-14,89.19,38(066)51-40-583
Олена,Михайленко,olena.mykhaylenko1@student.org,1993,9,14,KTX-32,86.06,38(095)18-19-304
Лілія,Зайцев,liliya.zaytsev@student.org,1950,8,11,DDK-37,12.04,38(093)53-95-280
Олена,Захарченко,olena.zakharchenko@student.org,1973,4,12,EEZ-62,12.0,38(096)19-74-946
Любов,Макаренко,lyubov.makarenko1@student.org,1954,7,16,REC-53,64.76,38(093)69-13-774
Остап,Лисенко,ostap.lysenko@student.org,1980,6,13,MZQ-33,54.98,38(093)36-73-506
Валентина,Демченко,valentyna.demchenko@student.org,1981,11,10,EAK-62,12.7,38(098)60-16-809
Раїса,Стельмах,rayisa.stelmakh1@student.org,2006,12,20,SCO-24,72.92,38(063)32-27-534
Тарас,Романенко,taras.romanenko2@student.org,1997,7,14,PRL-38,87.98,38(097)24-50-841
Ярослав,Скрипка,yaroslav.skrypka@student.org,2006,6,8,QPN-10,61.05,38(066)23-62-732
Станіслав,Дорошенко,stanislav.doroshenko@student.org,1996,1,25,KIW-53,80.79,38(095)37-54-510
Марія,Гриценко,mariya.hrytsenko@student.org,1987,9,30,BMK-84,84.02,38(093)27-49-264
Петро,Лебедь,petro.lebed@student.org,1971,12,27,HNV-49,18.6,38(063)49-12-555
Олеся,Ткаченко,olesya.tkachenko@student.org,1967,10,17,DVO-33,4.79,38(063)81-43-842
Василь,Дорошенко,vasyl.doroshenko@student.org,1967,5,21,KNA-88,32.72,38(095)83-40-194
Юрій,Цимбал,yuriy.tsymbal@student.org,1990,2,9,PNL-77,86.56,38(063)77-64-625
Федір,Рибак,fedir.rybak@student.org,1976,10,26,ITA-23,57.07,38(066)92-60-670
Сергій,Гриценко,serhiy.hrytsenko@student.org,1961,1,4,ADF-88,57.16,38(066)70-55-137
Тарас,Ковальчук,taras.kovalchuk1@student.org,1968,3,19,OCN-70,15.3,38(073)66-56-341
Алла,Іваненко,alla.ivanenko1@student.org,2000,12,23,AIB-70,92.3,38(050)81-32-307
Артем,Захарченко,artem.zakharchenko@student.org,1997,12,26,PGA-94,68.77,38(050)30-96-215
Федір,Василенко,fedir.vasylenko2@student.org,1971,1,20,JYG-63,20.4,38(073)71-62-580
Федір,Романенко,fedir.romanenko@student.org,2008,11,6,RGV-24,79.99,38(095)27-10-408
Михайло,Ковальчук,mykhaylo.kovalchuk@student.org,1995,3,29,THM-68,12.78,38(096)79-89-291
Дмитро,Поліщук,dmytro.polishchuk@student.org,1968,6,15,RVS-74,47.11,38(095)40-63-510
Людмила,Левченко,lyudmyla.levchenko@student.org,1953,3,15,ERU-29,72.65,38(095)44-19-654
Марія,Ковальчук,mariya.kovalchuk@student.org,1985,5,30,NKU-85,43.02,38(097)62-32-684
Артем,Панченко,artem.panchenko1@student.org,1967,6,10,UVR-69,44.2,38(098)86-44-559
Галина,Бойко,halyna.boyko1@student.org,1972,11,25,QEU-60,85.53,38(073)14-77-294
Дмитро,Кравченко,dmytro.kravchenko1@student.org,1979,10,14,FSM-99,54.33,38(066)44-63-813
Валентина,Бойко,valentyna.boyko1@student.org,1971,6,10,ASM-65,20.67,38(063)63-98-974
Олена,Захарченко,olena.zakharchenko1@student.org,1983,6,30,NNX-96,93.3,38(066)91-48-829
Богдан,Рибак,bohdan.rybak@student.org,2000,1,20,VVX-28,85.02,38(096)32-58-414
Сергій,Панченко,serhiy.panchenko@student.org,1993,11,17,LCU-65,91.13,38(098)36-44-561
Катерина,Коваленко,kateryna.kovalenko@student.org,1987,11,7,FWH-88,90.49,38(068)27-34-720
Андрій,Лисенко,andriy.lysenko1@student.org,1983,10,18,EVG-32,49.86,38(068)24-27-369
Роман,Гладко,roman.hladko@student.org,1952,6,24,AIK-11,12.22,38(096)29-75-533
Павло,Коваль,pavlo.koval@student.org,2001,10,12,JZQ-79,87.31,38(073)94-77-351
Петро,Дорошенко,petro.doroshenko@student.org,1977,7,24,BAV-28,11.4,38(096)19-45-406
Андрій,Гордієнко,andriy.hordiyenko@student.org,1979,8,8,NSK-85,84.13,38(096)10-22-686
Тетяна,Гайдук,tetyana.hayduk@student.org,1972,5,7,LEI-16,6.8,38(050)31-13-857
Лілія,Король,liliya.korol1@student.org,1969,3,27,UKG-23,90.52,38(067)78-30-373
Катерина,Шевчук,kateryna.shevchuk1@student.org,1977,2,14,ZEI-90,66.51,38(066)91-24-318
Костянтин,Шевчук,kostyantyn.shevchuk@student.org,1965,6,10,ZKP-56,44.98,38(073)81-43-388
Надія,Дорошенко,nadiya.doroshenko@student.org,2003,6,15,CGV-49,73.41,38(096)63-55-207
Лілія,Демченко,liliya.demchenko1@student.org,1998,1,27,QYH-96,59.27,38(097)24-39-711
Михайло,Павленко,mykhaylo.pavlenko@student.org,2006,10,22,UHM-69,62.13,38(095)50-72-433
Людмила,Шевченко,lyudmyla.shevchenko@student.org,2003,9,21,QQM-96,51.33,38(068)94-99-970
Марія,Романенко,mariya.romanenko1@student.org,1973,3,7,GIZ-94,10.07,38(068)85-68-123
Ірина,Костенко,iryna.kostenko@student.org,1978,1,20,WNK-68,21.2,38(095)44-78-459
Ярослав,Панченко,yaroslav.panchenko@student.org,1999,7,23,PSD-85,70.55,38(096)43-46-807
Андрій,Білоус,andriy.bilous@student.org,1959,1,1,ZQR-35,98.04,38(097)46-70-735
Любов,Василенко,lyubov.vasylenko@student.org,1980,11,12,ZSQ-31,5.12,38(099)26-59-800
Лілія,Кузьменко,liliya.kuzmenko1@student.org,1996,1,29,PCD-39,84.73,38(093)71-95-415
Артем,Кузьменко,artem.kuzmenko1@student.org,1979,6,21,HLR-46,60.6,38(097)81-67-910
Раїса,Поліщук,rayisa.polishchuk1@student.org,1963,5,11,GTR-88,68.88,38(099)78-11-772
Володимир,Король,volodymyr.korol@student.org,1960,3,21,UCH-20,95.63,38(063)96-70-954
Марія,Никоненко,mariya.nykonenko2@student.org,1994,3,7,VYC-70,3.82,38(073)44-10-159
Сергій,Захарченко,serhiy.zakharchenko1@student.org,1966,10,27,GFG-99,72.79,38(073)51-38-118
Ярослав,Костенко,yaroslav.kostenko@student.org,1998,3,19,BBY-57,51.61,38(067)97-40-232
Вікторія,Василенко,viktoriya.vasylenko@student.org,1960,11,19,WMT-69,34.63,38(095)89-51-495
Юлія,Литвин,yuliya.lytvyn3@student.org,1994,3,28,ZQV-93,86.9,38(067)67-61-120
Андрій,Павленко,andriy.pavlenko@student.org,1964,3,7,KGN-46,1.84,38(050)38-19-973
Наталія,Зайцев,nataliya.zaytsev@student.org,1973,11,1,QPN-10,93.3,38(073)91-93-201
Андрій,Білоус,andriy.bilous1@student.org,1968,10,21,JNF-33,2.61,38(097)61-41-414
Іван,Никоненко,ivan.nykonenko1@student.org,2005,8,13,PTV-58,90.75,38(050)48-27-414
Галина,Лебедь,halyna.lebed@student.org,1981,2,12,APE-99,56.94,38(068)82-79-454
Тетяна,Новік,tetyana.novik@student.org,2009,4,9,HMS-89,5.1,38(050)62-70-390
Григорій,Савченко,hryhoriy.savchenko@student.org,1965,4,15,ZAM-25,44.61,38(093)85-12-592
Тарас,Руденко,taras.rudenko1@student.org,1953,8,6,JAD-16,21.65,38(096)80-71-334
Максим,Макаренко,maksym.makarenko1@student.org,1970,1,14,DOQ-19,53.46,38(099)66-48-701
Людмила,Лебедь,lyudmyla.lebed2@student.org,2004,12,16,GLM-91,68.29,38(063)80-83-281
Денис,Ковальчук,denys.kovalchuk1@student.org,1995,4,30,NNQ-52,35.19,38(096)42-71-609
Максим,Дорошенко,maksym.doroshenko@student.org,1954,8,27,RQQ-60,49.8,38(068)15-96-642
Віталій,Романенко,vitaliy.romanenko1@student.org,1963,8,6,IVT-59,29.72,38(067)33-87-653
Іван,Панченко,ivan.panchenko@student.org,2010,1,28,UMH-63,31.69,38(050)11-48-502
Артем,Поліщук,artem.polishchuk@student.org,1995,9,3,TJO-38,99.98,38(066)98-54-965
Остап,Руденко,ostap.rudenko2@student.org,1990,6,22,QJZ-38,32.58,38(073)95-61-340
Павло,Панченко,pavlo.panchenko@student.org,1981,12,7,AEX-67,94.14,38(063)21-71-320
Сергій,Михайленко,serhiy.mykhaylenko1@student.org,1994,5,14,VVA-57,10.14,38(093)75-78-791
Катерина,Петренко,kateryna.petrenko@student.org,1990,10,1,WZP-70,67.51,38(068)41-31-338
Дмитро,Гордієнко,dmytro.hordiyenko@student.org,1981,2,6,ICV-97,4.32,38(095)77-61-426
Олександр,Гончаренко,oleksandr.honcharenko@student.org,1977,1,8,WSV-75,38.35,38(097)27-13-159
Тетяна,Новік,tetyana.novik1@student.org,1969,8,18,GQF-41,14.9,38(050)58-37-214
Любов,Шевчук,lyubov.shevchuk1@student.org,1984,2,29,KFF-44,79.44,38(050)98-39-919
Марія,Гордієнко,mariya.hordiyenko@student.org,2000,8,28,XZI-89,50.33,38(063)98-28-250
Вікторія,Кравченко,viktoriya.kravchenko1@student.org,1976,5,16,EFL-51,57.42,38(096)53-27-640
Ірина,Козлов,iryna.kozlov1@student.org,1971,5,11,GSH-49,70.19,38(097)27-98-440
Віктор,Марченко,viktor.marchenko@student.org,2001,12,25,EKM-80,77.47,38(050)90-84-209
Павло,Романенко,pavlo.romanenko@student.org,2009,9,17,NMQ-51,40.3,38(067)47-76-861
Олена,Шевченко,olena.shevchenko1@student.org,1997,9,12,UXJ-81,2.1,38(073)29-84-406
Роман,Авраменко,roman.avramenko2@student.org,1952,1,13,QYE-60,70.88,38(096)12-82-900
Лілія,Іваненко,liliya.ivanenko@student.org,1976,1,19,GZL-41,20.4,38(063)32-68-189
Алла,Мельник,alla.melnyk@student.org,2004,4,19,GHS-64,74.12,38(093)51-32-822
Віталій,Захарченко,vitaliy.zakharchenko1@student.org,1976,9,11,QPA-45,90.86,38(066)63-85-347
Лариса,Коваль,larysa.koval2@student.org,1991,6,9,FBM-40,24.36,38(095)32-42-645
Олеся,Захарченко,olesya.zakharchenko@student.org,2007,11,11,JTH-11,15.57,38(068)76-76-133
Денис,Поліщук,denys.polishchuk2@student.org,1995,3,26,QPB-87,64.86,38(073)27-12-820
Вікторія,Іваненко,viktoriya.ivanenko@student.org,1963,10,19,CAE-50,7.02,38(066)66-56-726
Станіслав,Лебедь,stanislav.lebed@student.org,1952,12,11,KYA-34,89.76,38(073)60-40-981
Петро,Авраменко,petro.avramenko@student.org,1961,8,28,IBG-59,19.95,38(063)76-83-285
Ірина,Білоус,iryna.bilous1@student.org,2010,3,8,GOO-70,7.93,38(050)64-61-288
Григорій,Омельченко,hryhoriy.omelchenko@student.org,1973,2,27,DYX-77,68.06,38(066)59-64-734
Віталій,Білоус,vitaliy.bilous@student.org,2004,3,30,MBK-45,31.69,38(073)19-48-206
Остап,Лебедь,ostap.lebed@student.org,1983,9,23,GUL-62,84.49,38(096)77-51-423
Оксана,Шевченко,oksana.shevchenko1@student.org,1984,12,4,LIW-45,62.88,38(066)87-34-501
Світлана,Козлов,svitlana.kozlov@student.org,1975,11,8,MLX-37,32.92,38(099)32-61-314
Оксана,Костенко,oksana.kostenko@student.org,1997,8,23,LRO-77,97.25,38(068)71-67-222
Надія,Цимбал,nadiya.tsymbal1@student.org,1954,3,29,UAU-76,92.72,38(096)94-76-927
Наталія,Цимбал,nataliya.tsymbal@student.org,2001,9,19,ICG-54,42.02,38(098)45-76-152
Роман,Макаренко,roman.makarenko1@student.org,2000,3,31,USN-47,54.1,38(068)99-16-122
Артем,Коваленко,artem.kovalenko1@student.org,1979,6,7,VGR-53,27.03,38(099)60-71-214
Юлія,Петренко,yuliya.petrenko1@student.org,2004,11,22,HLN-95,25.06,38(067)48-94-931
Лариса,Козлов,larysa.kozlov1@student.org,1983,2,21,GEG-86,8.09,38(066)58-26-253
Ганна,Новік,hanna.novik1@student.org,2005,9,24,EYJ-24,55.71,38(096)76-47-640
Ярослав,Никоненко,yaroslav.nykonenko@student.org,1982,4,24,RMB-63,17.32,38(096)85-90-599
Федір,Никоненко,fedir.nykonenko1@student.org,2009,2,3,KHT-45,77.13,38(096)70-18-968
Галина,Кравченко,halyna.kravchenko@student.org,1999,10,22,UQW-56,36.45,38(096)28-74-761
Станіслав,Гайдук,stanislav.hayduk@student.org,1979,3,27,SPO-68,37.54,38(067)75-62-862
Григорій,Авраменко,hryhoriy.avramenko1@student.org,1967,5,2,BBB-30,61.58,38(063)94-52-980
Михайло,Шевченко,mykhaylo.shevchenko2@student.org,1997,6,7,DYT-69,95.43,38(066)11-72-900
Іван,Зайцев,ivan.zaytsev@student.org,1977,7,9,XSQ-53,46.54,38(063)96-82-406
Максим,Бойко,maksym.boyko@student.org,1951,3,5,CUG-74,61.01,38(067)94-67-751
Роман,Король,roman.korol1@student.org,2000,4,21,QLK-54,18.9,38(050)93-63-269
Галина,Коваленко,halyna.kovalenko@student.org,1972,9,11,PQC-85,72.54,38(099)37-14-474
Раїса,Іваненко,rayisa.ivanenko@student.org,2009,8,31,OVV-72,27.31,38(099)86-88-338
Іван,Лисенко,ivan.lysenko1@student.org,1960,12,18,NJY-70,54.16,38(067)14-57-524
Наталія,Ткаченко,nataliya.tkachenko1@student.org,1988,8,25,KZJ-95,5.37,38(095)21-77-614
Євгенія,Михайленко,yevheniya.mykhaylenko@student.org,1959,1,19,ZEB-93,4.72,38(073)49-35-646
Віталій,Коваленко,vitaliy.kovalenko@student.org,1985,10,10,VKU-34,68.94,38(095)73-57-983
Станіслав,Романенко,stanislav.romanenko1@student.org,1988,6,17,YEV-32,35.77,38(096)72-42-170
Сергій,Новік,serhiy.novik1@student.org,1952,9,29,FKP-80,37.23,38(068)26-64-542
Раїса,Козлов,rayisa.kozlov1@student.org,1987,6,12,EHX-14,69.34,38(093)28-66-607
Лариса,Гриценко,larysa.hrytsenko@student.org,1971,6,4,PIK-23,16.41,38(073)65-71-872
Алла,Гриценко,alla.hrytsenko2@student.org,1994,9,5,XTG-58,92.83,38(073)71-17-731
Тетяна,Шаповал,tetyana.shapoval@student.org,1950,8,24,DSH-97,41.2,38(063)79-99-152
Михайло,Шевченко,mykhaylo.shevchenko3@student.org,2004,7,29,QTQ-86,46.3,38(067)57-22-195
Костянтин,Кузьменко,kostyantyn.kuzmenko@student.org,1991,12,23,EDX-14,80.36,38(099)17-22-403
Роман,Цимбал,roman.tsymbal1@student.org,1981,11,6,IKX-12,46.88,38(099)27-76-227
Артем,Лисенко,artem.lysenko@student.org,2007,5,21,KSW-61,11.47,38(073)58-79-468
Остап,Цимбал,ostap.tsymbal@student.org,1971,3,27,CJZ-26,47.33,38(097)10-63-268
Василь,Поліщук,vasyl.polishchuk@student.org,1973,5,10,EZR-42,45.49,38(093)56-63-153
Костянтин,Стельмах,kostyantyn.stelmakh@student.org,2009,9,30,DDU-91,27.7,38(068)62-93-438
Костянтин,Ковальчук,kostyantyn.kovalchuk1@student.org,2002,9,6,VGD-51,40.52,38(093)70-91-534
Вікторія,Кравченко,viktoriya.kravchenko2@student.org,1981,12,3,ZWY-30,43.76,38(099)23-54-411
Олександр,Козлов,oleksandr.kozlov@student.org,1982,4,27,TYM-75,42.48,38(095)45-58-416
Юрій,Панченко,yuriy.panchenko1@student.org,1984,10,5,ASK-84,21.6,38(098)10-52-890
Валентина,Рибак,valentyna.rybak@student.org,2002,7,31,XZP-96,12.38,38(066)13-67-692
Сергій,Зайцев,serhiy.zaytsev2@student.org,1983,8,9,HUJ-61,35.91,38(093)38-18-112
Вера,Ткаченко,vera.tkachenko@student.org,1999,12,20,RWX-14,91.12,38(063)99-11-885
Тетяна,Цимбал,tetyana.tsymbal@student.org,1968,2,22,GOA-66,79.63,38(098)21-89-857
Анна,Білоус,anna.bilous2@student.org,1976,3,19,WYY-78,58.67,38(063)99-89-682
Ірина,Коваль,iryna.koval@student.org,1986,7,7,CLA-41,74.23,38(098)87-77-716
Олександр,Авраменко,oleksandr.avramenko@student.org,1971,3,7,BGD-91,2.1,38(099)43-12-794
Григорій,Омельченко,hryhoriy.omelchenko1@student.org,1955,2,7,CHK-82,48.07,38(068)81-59-311
Віктор,Макаренко,viktor.makarenko1@student.org,1998,9,25,IAD-16,93.97,38(050)52-33-838
Роман,Шевчук,roman.shevchuk@student.org,1958,10,24,BOY-38,57.36,38(066)35-62-396
Андрій,Костенко,andriy.kostenko@student.org,1953,8,4,HZJ-42,60.31,38(050)73-92-599
Петро,Коваль,petro.koval@student.org,1993,10,19,SQA-97,14.69,38(073)96-75-206
Ярослав,Литвин,yaroslav.lytvyn@student.org,1993,5,28,UZX-22,22.04,38(098)41-21-245
Олеся,Гладко,olesya.hladko@student.org,1991,4,25,GHE-21,13.29,38(097)90-39-537
Роман,Романенко,roman.romanenko@student.org,1990,2,25,GMH-87,72.31,38(073)27-76-649
Юлія,Шаповал,yuliya.shapoval@student.org,1956,8,1,HRA-75,13.71,38(063)21-97-248
Інна,Іваненко,inna.ivanenko@student.org,1975,10,26,TSW-22,41.32,38(066)37-79-657
Олександр,Новік,oleksandr.novik@student.org,1973,8,29,ZRS-78,87.6,38(066)34-19-579
Інна,Левченко,inna.levchenko1@student.org,1951,10,6,CGY-87,67.02,38(093)91-13-336
Євгенія,Руденко,yevheniya.rudenko@student.org,1951,11,17,SLH-69,19.53,38(066)84-95-431
Лариса,Мельник,larysa.melnyk@student.org,1952,7,25,JJW-62,22.15,38(067)29-52-722
Іван,Гриценко,ivan.hrytsenko@student.org,1987,7,8,ENL-15,86.71,38(067)33-17-641
Остап,Литвин,ostap.lytvyn1@student.org,1967,1,2,FLT-27,67.94,38(097)15-94-390
Тарас,Никоненко,taras.nykonenko1@student.org,1979,5,8,BTV-84,95.05,38(093)13-55-228
Лариса,Гладко,larysa.hladko@student.org,1965,8,18,RHL-43,61.16,38(095)59-54-120
Лілія,Кравченко,liliya.kravchenko@student.org,1986,8,11,CMJ-23,6.97,38(050)73-82-300
Марія,Петренко,mariya.petrenko1@student.org,1953,4,21,OVB-12,75.55,38(050)52-79-849
Вікторія,Гончаренко,viktoriya.honcharenko@student.org,1989,4,21,SNF-32,70.05,38(063)86-89-860
Олена,Дорошенко,olena.doroshenko1@student.org,1995,1,22,GGQ-99,62.89,38(066)48-11-408
Анна,Гриценко,anna.hrytsenko2@student.org,1988,12,16,AQJ-54,92.63,38(099)89-54-112
Василь,Стельмах,vasyl.stelmakh@student.org,1964,7,19,TJA-39,21.36,38(067)32-90-673
Віталій,Макаренко,vitaliy.makarenko1@student.org,2000,3,6,DYT-69,33.51,38(093)19-30-316
Олеся,Макаренко,olesya.makarenko1@student.org,1955,4,5,BSR-79,6.81,38(097)42-36-480
Любов,Король,lyubov.korol@student.org,1979,4,28,YSS-92,61.75,38(095)82-50-921
Лілія,Поліщук,liliya.polishchuk@student.org,1966,12,21,ELC-86,84.35,38(099)94-36-792
Юлія,Гриценко,yuliya.hrytsenko@student.org,1971,4,2,XWS-61,74.12,38(073)16-18-240
Олеся,Марченко,olesya.marchenko@student.org,1973,8,28,DVE-54,90.13,38(067)13-83-984
Віталій,Шевчук,vitaliy.shevchuk@student.org,1987,10,19,BPN-77,7.07,38(067)78-48-675
Лариса,Гончаренко,larysa.honcharenko1@student.org,1951,5,20,JHG-33,73.65,38(093)11-15-783
Вікторія,Цимбал,viktoriya.tsymbal1@student.org,2004,8,23,QIW-88,15.69,38(099)16-80-434
Олеся,Ковальчук,olesya.kovalchuk1@student.org,1991,7,27,BGP-43,70.6,38(093)85-97-840
Юрій,Шевченко,yuriy.shevchenko@student.org,2006,8,11,DZP-49,94.96,38(067)32-77-289
Віктор,Михайленко,viktor.mykhaylenko@student.org,1961,11,18,VCQ-44,5.28,38(068)11-42-289
Андрій,Коваленко,andriy.kovalenko@student.org,2006,12,28,JHD-18,7.59,38(073)46-77-804
Олена,Ковальчук,olena.kovalchuk1@student.org,1956,2,27,RWX-14,56.22,38(067)66-29-700
Марія,Скрипка,mariya.skrypka@student.org,1950,6,20,YOH-21,82.12,38(050)73-82-487
Олександр,Скрипка,oleksandr.skrypka@student.org,1992,6,22,DMW-31,82.91,38(099)96-68-107
Світлана,Гладко,svitlana.hladko@student.org,1968,4,8,EPM-84,88.75,38(073)40-19-563
Ярослав,Ткаченко,yaroslav.tkachenko2@student.org,1959,5,26,IQY-14,34.2,38(067)18-93-886
Оксана,Захарченко,oksana.zakharchenko@student.org,1984,11,1,LCO-47,73.02,38(098)48-58-941
Павло,Захарченко,pavlo.zakharchenko@student.org,1981,11,17,PMN-41,8.95,38(096)47-13-240
Андрій,Гайдук,andriy.hayduk@student.org,1952,5,30,RXH-75,64.56,38(067)25-48-882
Юлія,Ковальчук,yuliya.kovalchuk1@student.org,1991,6,3,RIB-13,8.35,38(097)95-38-228
Олександр,Гордієнко,oleksandr.hordiyenko@student.org,1959,9,28,PNA-16,77.85,38(096)13-39-650
Вера,Іваненко,vera.ivanenko1@student.org,1950,8,5,TGW-21,15.94,38(066)13-92-588
Алла,Павленко,alla.pavlenko@student.org,2003,2,19,YDX-28,23.46,38(097)55-35-157
Ярослав,Новік,yaroslav.novik@student.org,2005,11,8,RPD-14,51.35,38(067)75-52-724
Ярослав,Кузьменко,yaroslav.kuzmenko@student.org,1993,3,6,LOF-96,45.11,38(066)21-46-546
Світлана,Омельченко,svitlana.omelchenko@student.org,1958,6,12,PGD-42,59.78,38(095)56-88-731
Євгенія,Іваненко,yevheniya.ivanenko1@student.org,1981,4,11,STL-99,22.67,38(050)76-80-412
Юрій,Цимбал,yuriy.tsymbal1@student.org,1965,10,21,BNG-96,84.55,38(097)51-10-990
Богдан,Гайдук,bohdan.hayduk2@student.org,1965,11,19,ACX-46,25.27,38(067)86-82-590
Михайло,Мельник,mykhaylo.melnyk@student.org,1951,9,13,QPT-83,76.79,38(097)85-46-918
Роман,Коваль,roman.koval4@student.org,1970,3,29,RFT-85,9.33,38(093)16-19-844
Лариса,Руденко,larysa.rudenko@student.org,1962,7,27,UFD-99,67.28,38(096)85-70-581
Михайло,Кузьменко,mykhaylo.kuzmenko@student.org,1961,6,23,ZNU-80,95.84,38(096)84-81-344
Михайло,Левченко,mykhaylo.levchenko@student.org,1953,12,5,LOF-96,0.07,38(095)48-49-769
Лариса,Литвин,larysa.lytvyn@student.org,1990,1,12,BBC-63,26.94,38(096)56-15-423
Вікторія,Левченко,viktoriya.levchenko@student.org,1970,12,2,GPH-85,72.57,38(098)78-82-585
Максим,Захарченко,maksym.zakharchenko1@student.org,1985,4,14,GWC-77,22.72,38(093)51-74-398
Роман,Поліщук,roman.polishchuk1@student.org,2003,5,29,CNE-43,47.64,38(097)28-14-780
Вікторія,Марченко,viktoriya.marchenko@student.org,1960,11,19,GNX-97,61.0,38(068)51-53-637
Галина,Шаповал,halyna.shapoval1@student.org,1997,4,19,GYZ-57,67.11,38(095)87-72-317
Світлана,Марченко,svitlana.marchenko@student.org,1960,7,22,JBK-13,87.57,38(093)61-91-959
Іван,Кузьменко,ivan.kuzmenko@student.org,1979,6,19,QSE-57,84.41,38(096)97-56-229
Вікторія,Дорошенко,viktoriya.doroshenko1@student.org,1964,4,28,GHE-21,35.48,38(096)69-78-650
Юлія,Кузьменко,yuliya.kuzmenko1@student.org,2003,5,31,WPJ-81,6.58,38(066)76-41-833
Валентина,Зайцев,valentyna.zaytsev@student.org,1981,12,4,TLS-86,97.22,38(073)43-61-441
Юрій,Кузьменко,yuriy.kuzmenko@student.org,1982,12,2,GFI-92,45.61,38(067)47-88-747
Юлія,Лисенко,yuliya.lysenko@student.org,1969,12,12,KHF-11,28.12,38(095)60-61-836
Віктор,Руденко,viktor.rudenko@student.org,1956,10,28,CUV-83,2.59,38(067)45-66-400
Євгенія,Омельченко,yevheniya.omelchenko2@student.org,1980,5,21,YDX-28,78.37,38(098)46-38-973
Остап,Руденко,ostap.rudenko3@student.org,1986,11,8,MFZ-53,58.56,38(099)11-88-786
Петро,Іваненко,petro.ivanenko@student.org,1958,1,31,MYY-84,89.26,38(068)90-15-983
Лілія,Гайдук,liliya.hayduk@student.org,2002,7,11,MFP-16,1.64,38(068)94-19-427
Віталій,Лисенко,vitaliy.lysenko1@student.org,1981,4,11,CKP-47,22.21,38(068)24-70-573
Алла,Ткаченко,alla.tkachenko@student.org,1972,12,7,TKZ-43,14.95,38(096)96-73-438
Павло,Лисенко,pavlo.lysenko@student.org,2004,12,14,SEH-55,67.66,38(095)34-84-769
Юлія,Гайдук,yuliya.hayduk@student.org,1993,4,17,UPL-42,35.25,38(098)34-28-576
Павло,Новік,pavlo.novik1@student.org,1958,9,29,UYN-34,64.08,38(068)75-98-633
Надія,Гладко,nadiya.hladko2@student.org,1982,6,17,YSF-65,40.04,38(099)48-90-503
Інна,Шевченко,inna.shevchenko1@student.org,1978,9,11,KKU-30,88.73,38(098)20-56-187
Віктор,Дорошенко,viktor.doroshenko@student.org,1974,5,6,XZL-79,14.89,38(093)26-50-567
Григорій,Ковальчук,hryhoriy.kovalchuk@student.org,1985,5,13,RWB-77,24.3,38(068)54-60-479
Григорій,Король,hryhoriy.korol@student.org,1961,7,24,GSS-31,34.38,38(096)74-96-555
Тетяна,Козлов,tetyana.kozlov1@student.org,2001,12,9,MNO-33,71.08,38(095)24-90-498
Світлана,Левченко,svitlana.levchenko1@student.org,1979,2,5,WOU-15,54.68,38(096)24-81-118
Лілія,Ковальчук,liliya.kovalchuk@student.org,1971,11,14,AAQ-98,85.79,38(098)11-14-597
Костянтин,Шевчук,kostyantyn.shevchuk1@student.org,1956,8,5,RZI-27,12.25,38(096)83-37-756
Марія,Кравченко,mariya.kravchenko1@student.org,2001,6,16,JDY-13,86.68,38(099)75-34-434
Артем,Ковальчук,artem.kovalchuk@student.org,1986,7,8,NQR-98,32.27,38(050)92-19-580
Федір,Зайцев,fedir.zaytsev@student.org,1970,4,10,VNJ-46,30.49,38(093)62-12-742
Юрій,Іваненко,yuriy.ivanenko@student.org,2007,8,17,OQD-14,50.57,38(093)78-46-118
Ігор,Марченко,ihor.marchenko@student.org,1953,10,29,ROV-23,21.74,38(066)34-95-508
Павло,Савченко,pavlo.savchenko@student.org,1978,5,8,KVM-65,20.9,38(099)69-25-480
Василь,Гордієнко,vasyl.hordiyenko@student.org,1987,10,9,ELD-91,46.75,38(093)87-26-787
Євгенія,Іваненко,yevheniya.ivanenko2@student.org,1976,9,20,UEG-86,51.06,38(063)93-57-291
Лариса,Скрипка,larysa.skrypka@student.org,1950,12,9,PEW-11,75.98,38(093)70-88-160
Віктор,Стельмах,viktor.stelmakh@student.org,1997,11,30,ZYY-37,46.08,38(063)91-42-506
Вера,Омельченко,vera.omelchenko@student.org,2009,4,14,WVO-62,84.8,38(095)85-88-240
Галина,Скрипка,halyna.skrypka1@student.org,1977,9,18,RHF-73,45.05,38(050)60-48-386
Станіслав,Коваль,stanislav.koval@student.org,2007,3,15,VNP-77,54.14,38(096)22-22-814
Андрій,Марченко,andriy.marchenko@student.org,1968,8,6,JZN-53,87.15,38(096)81-52-670
Михайло,Макаренко,mykhaylo.makarenko@student.org,1958,7,25,MRB-71,91.24,38(066)62-57-758
Андрій,Коваленко,andriy.kovalenko1@student.org,2007,3,23,VMP-20,53.69,38(095)35-12-745
Тарас,Костенко,taras.kostenko@student.org,1987,2,28,AQL-55,21.73,38(063)61-19-274
Тетяна,Зайцев,tetyana.zaytsev1@student.org,2010,7,23,LTJ-55,54.32,38(050)87-99-699
Інна,Петренко,inna.petrenko@student.org,1981,5,8,WSR-96,50.3,38(098)28-43-795
Роман,Рибак,roman.rybak2@student.org,1959,1,14,VCH-57,85.05,38(066)70-78-915
Світлана,Рибак,svitlana.rybak@student.org,1975,7,30,EPU-92,99.7,38(097)13-31-194
Роман,Рибак,roman.rybak3@student.org,2001,2,10,ZOB-27,88.59,38(097)92-72-964
Олександр,Авраменко,oleksandr.avramenko1@student.org,1986,12,7,QMR-88,66.6,38(095)83-85-623
Ярослав,Рибак,yaroslav.rybak@student.org,1999,3,29,RVT-71,47.77,38(068)59-46-457
Лариса,Михайленко,larysa.mykhaylenko@student.org,1975,3,4,TYM-75,32.53,38(097)62-72-643
Катерина,Макаренко,kateryna.makarenko@student.org,1977,7,21,ZKX-53,15.37,38(095)53-97-458
Катерина,Гончаренко,kateryna.honcharenko@student.org,1963,10,21,CEO-52,93.41,38(073)57-26-594
Вера,Козлов,vera.kozlov1@student.org,1989,8,7,PPP-95,93.37,38(068)81-53-755
Павло,Поліщук,pavlo.polishchuk1@student.org,1978,10,21,UHJ-42,12.92,38(063)11-18-977
Світлана,Скрипка,svitlana.skrypka@student.org,1968,1,22,GFN-99,8.99,38(096)75-61-387
Роман,Литвин,roman.lytvyn1@student.org,1986,3,3,XEX-98,7.15,38(093)32-66-160
Тетяна,Коваленко,tetyana.kovalenko@student.org,1971,8,20,YJH-60,29.38,38(093)18-53-832
Галина,Бойко,halyna.boyko2@student.org,1989,11,22,HMS-89,65.88,38(093)49-83-236
Марія,Поліщук,mariya.polishchuk@student.org,1968,3,12,SEH-55,48.36,38(095)55-41-505
Денис,Ткаченко,denys.tkachenko1@student.org,2000,4,24,UUC-45,48.95,38(067)44-62-171
Федір,Гриценко,fedir.hrytsenko@student.org,1990,2,19,HEM-27,49.63,38(097)97-14-881
Володимир,Левченко,volodymyr.levchenko@student.org,1990,7,19,CBB-73,42.92,38(067)88-89-126
Олеся,Савченко,olesya.savchenko@student.org,1973,6,17,IVN-17,34.78,38(067)26-88-463
Лариса,Шаповал,larysa.shapoval1@student.org,1992,5,5,VOX-27,95.22,38(063)42-86-776
Володимир,Костенко,volodymyr.kostenko2@student.org,1990,7,16,XLH-40,32.75,38(099)56-52-949
Тарас,Авраменко,taras.avramenko@student.org,2004,2,14,CEZ-44,52.38,38(050)71-53-477
Михайло,Дорошенко,mykhaylo.doroshenko2@student.org,1961,4,21,JMT-37,52.24,38(097)44-83-201
Володимир,Дорошенко,volodymyr.doroshenko@student.org,2009,9,7,FCE-23,13.66,38(095)43-97-127
Василь,Ткаченко,vasyl.tkachenko1@student.org,2003,12,17,WYP-81,63.33,38(073)89-80-230
Роман,Макаренко,roman.makarenko2@student.org,1987,12,3,JFG-15,48.76,38(067)99-95-320
Надія,Козлов,nadiya.kozlov@student.org,2008,4,18,HLN-95,21.41,38(067)33-85-375
Євгенія,Омельченко,yevheniya.omelchenko3@student.org,1958,6,17,ZSU-66,12.23,38(050)53-82-428
Роман,Кравченко,roman.kravchenko1@student.org,2001,7,29,AFT-23,34.63,38(098)44-97-437
Артем,Іваненко,artem.ivanenko@student.org,2004,1,13,KBB-59,26.61,38(098)45-95-858
Ганна,Лисенко,hanna.lysenko@student.org,1979,3,9,NEQ-74,5.37,38(093)25-86-498
Станіслав,Козлов,stanislav.kozlov@student.org,1962,4,1,OPN-28,65.83,38(067)15-86-890
Станіслав,Савченко,stanislav.savchenko@student.org,2007,1,26,CYR-27,5.53,38(098)91-27-487
Надія,Литвин,nadiya.lytvyn1@student.org,1971,3,17,BAJ-82,66.16,38(093)42-27-204
Олександр,Макаренко,oleksandr.makarenko@student.org,1974,10,6,YRC-12,56.68,38(097)61-33-748
Олександр,Новік,oleksandr.novik1@student.org,1961,10,20,RYB-88,26.0,38(097)49-79-234
Лілія,Павленко,liliya.pavlenko1@student.org,1984,10,14,RGG-24,47.41,38(067)96-10-719
Андрій,Король,andriy.korol1@student.org,1974,1,5,CZH-22,80.67,38(095)67-20-338
Раїса,Левченко,rayisa.levchenko@student.org,1969,12,13,UXC-13,66.43,38(063)34-45-666
Юлія,Михайленко,yuliya.mykhaylenko@student.org,1998,12,21,CTK-13,70.61,38(096)21-52-236
Оксана,Лебедь,oksana.lebed@student.org,1974,7,2,VTV-25,95.49,38(068)49-11-904
Любов,Савченко,lyubov.savchenko@student.org,1980,2,18,SKG-79,73.23,38(073)99-18-860
Юлія,Савченко,yuliya.savchenko@student.org,1973,11,11,ZKB-32,71.52,38(097)94-79-577
Богдан,Романенко,bohdan.romanenko@student.org,1958,12,8,JYG-63,1.36,38(097)59-42-299
Богдан,Шаповал,bohdan.shapoval@student.org,2009,4,3,FXL-53,87.27,38(099)47-56-631
Оксана,Коваленко,oksana.kovalenko@student.org,1996,11,21,PLG-12,9.16,38(073)39-45-907
Юрій,Авраменко,yuriy.avramenko2@student.org,2006,2,19,VQS-43,69.13,38(068)49-72-146
Людмила,Козлов,lyudmyla.kozlov@student.org,1974,11,1,MZD-38,34.12,38(073)56-86-880
Анна,Петренко,anna.petrenko@student.org,1965,5,23,VMP-85,17.38,38(066)76-49-794
Богдан,Коваль,bohdan.koval@student.org,1978,6,11,LBR-39,29.94,38(073)41-98-556
Іван,Шаповал,ivan.shapoval@student.org,2006,12,2,NEZ-12,55.2,38(066)69-35-695
Олеся,Гриценко,olesya.hrytsenko@student.org,2001,2,22,IRZ-38,0.28,38(067)67-28-260
Лариса,Стельмах,larysa.stelmakh1@student.org,1997,11,22,FKL-13,73.6,38(050)82-40-464
Інна,Михайленко,inna.mykhaylenko@student.org,1976,2,2,UER-69,25.34,38(097)79-71-765
Оксана,Бойко,oksana.boyko@student.org,1956,12,28,MTA-98,15.78,38(067)75-59-363
Ігор,Кузьменко,ihor.kuzmenko1@student.org,1988,8,9,BSK-24,46.48,38(099)36-49-754
Максим,Шаповал,maksym.shapoval1@student.org,1999,11,8,EPG-99,85.51,38(096)52-76-761
Роман,Захарченко,roman.zakharchenko1@student.org,1976,7,6,IIJ-75,98.78,38(073)39-57-744
Валентина,Савченко,valentyna.savchenko1@student.org,1971,10,9,VQP-78,76.73,38(095)88-87-622
Василь,Макаренко,vasyl.makarenko@student.org,1966,6,6,PBI-43,74.53,38(093)12-29-423
Михайло,Лебедь,mykhaylo.lebed@student.org,1957,7,5,ZQR-35,11.99,38(063)55-22-312
Наталія,Шевченко,nataliya.shevchenko1@student.org,1990,6,8,ERP-77,60.06,38(066)10-42-878
Вера,Білоус,vera.bilous@student.org,1951,3,30,ZDW-22,56.65,38(050)70-29-341
Вікторія,Новік,viktoriya.novik@student.org,1969,7,31,CGL-49,75.07,38(099)20-71-600
Наталія,Захарченко,nataliya.zakharchenko@student.org,2005,5,1,BHV-24,49.02,38(066)90-48-426
Віталій,Цимбал,vitaliy.tsymbal@student.org,1986,2,17,RQQ-60,97.13,38(099)65-31-690
Роман,Козлов,roman.kozlov1@student.org,1996,6,23,BBN-77,49.52,38(095)10-73-921
Наталія,Гладко,nataliya.hladko@student.org,1963,2,23,OZJ-32,0.66,38(095)39-42-786
Артем,Білоус,artem.bilous@student.org,1967,8,24,UFM-58,74.46,38(068)61-49-395
Тетяна,Петренко,tetyana.petrenko@student.org,1992,1,20,OOD-24,98.84,38(098)28-31-613
Вікторія,Ковальчук,viktoriya.kovalchuk@student.org,1955,6,25,XPH-46,23.3,38(063)68-83-215
Максим,Гордієнко,maksym.hordiyenko@student.org,2010,8,30,EGC-44,23.36,38(093)64-18-350
Тарас,Захарченко,taras.zakharchenko@student.org,1991,10,25,SJT-73,36.13,38(095)98-18-511
Олександр,Мельник,oleksandr.melnyk2@student.org,1992,3,26,KZR-75,52.32,38(063)47-73-223
Євгенія,Кравченко,yevheniya.kravchenko@student.org,1997,6,1,HXP-30,28.52,38(099)32-16-607
Петро,Скрипка,petro.skrypka@student.org,1998,1,30,HNA-35,20.17,38(050)37-69-591
Богдан,Цимбал,bohdan.tsymbal@student.org,1972,5,10,UPF-31,99.18,38(095)30-96-194
Богдан,Іваненко,bohdan.ivanenko@student.org,1983,11,19,RCU-48,33.36,38(066)11-71-374
Михайло,Гайдук,mykhaylo.hayduk1@student.org,1995,11,21,GLP-85,84.65,38(068)76-74-352
Надія,Кравченко,nadiya.kravchenko1@student.org,1987,4,30,BUE-90,12.7,38(099)53-44-251
Юрій,Коваленко,yuriy.kovalenko@student.org,1983,4,22,CLA-41,67.85,38(066)67-39-625
Євгенія,Гриценко,yevheniya.hrytsenko@student.org,1960,10,24,ROV-23,24.51,38(066)78-85-588
Костянтин,Макаренко,kostyantyn.makarenko@student.org,1951,11,27,FHJ-12,40.32,38(093)45-97-637
Олена,Гайдук,olena.hayduk@student.org,1985,6,12,RZX-60,55.23,38(067)54-69-399
Павло,Костенко,pavlo.kostenko@student.org,1998,12,9,NYO-61,0.58,38(098)82-21-885
Алла,Мельник,alla.melnyk1@student.org,1992,5,25,ZDW-22,45.36,38(097)26-59-418
Станіслав,Макаренко,stanislav.makarenko@student.org,1989,4,8,CYR-32,28.74,38(073)47-59-678
Станіслав,Шаповал,stanislav.shapoval@student.org,1988,2,15,PBA-98,47.43,38(063)43-15-308
Юрій,Козлов,yuriy.kozlov@student.org,1955,3,6,AOV-43,86.11,38(093)57-53-359
Михайло,Лисенко,mykhaylo.lysenko@student.org,1950,7,26,GYZ-57,75.07,38(093)75-32-321
Костянтин,Авраменко,kostyantyn.avramenko@student.org,2001,6,11,TLB-67,16.99,38(063)60-91-165
Інна,Коваленко,inna.kovalenko1@student.org,1969,1,17,OEQ-17,18.8,38(073)88-70-466
Тарас,Левченко,taras.levchenko2@student.org,2000,2,7,HTN-89,81.05,38(097)27-25-826
Валентина,Білоус,valentyna.bilous@student.org,1964,10,7,OVV-72,37.76,38(098)80-50-962
Остап,Марченко,ostap.marchenko@student.org,1995,10,28,UAU-76,99.51,38(093)84-79-546
Вера,Романенко,vera.romanenko3@student.org,1977,5,4,WXD-22,86.16,38(099)15-63-165
Катерина,Гладко,kateryna.hladko@student.org,1974,4,20,AAE-65,61.82,38(063)42-82-506
Федір,Ковальчук,fedir.kovalchuk@student.org,1979,5,28,EHL-32,15.01,38(066)58-57-998
Євгенія,Козлов,yevheniya.kozlov@student.org,2009,8,18,NJY-70,16.76,38(097)99-99-171
Ярослав,Никоненко,yaroslav.nykonenko1@student.org,1995,2,25,NKF-56,1.74,38(099)79-25-416
Лілія,Михайленко,liliya.mykhaylenko@student.org,1977,5,27,DHX-10,48.46,38(098)40-73-942
Надія,Савченко,nadiya.savchenko@student.org,1967,12,29,JNH-33,84.18,38(067)98-67-979
Остап,Стельмах,ostap.stelmakh@student.org,2006,10,28,IJJ-53,11.9,38(098)40-38-622
Тарас,Зайцев,taras.zaytsev@student.org,1979,5,22,MCT-69,90.09,38(073)91-49-224
Тетяна,Стельмах,tetyana.stelmakh@student.org,1988,6,19,ASX-54,85.61,38(066)56-46-749
Ярослав,Макаренко,yaroslav.makarenko@student.org,2006,3,10,YGT-43,75.11,38(050)97-65-523
Іван,Лебедь,ivan.lebed1@student.org,2006,3,29,AEV-87,24.41,38(098)25-76-633
Михайло,Демченко,mykhaylo.demchenko@student.org,1997,11,30,IQX-90,45.79,38(099)11-57-375
Катерина,Бойко,kateryna.boyko@student.org,2006,4,20,RQQ-60,28.17,38(095)97-85-229
Федір,Мельник,fedir.melnyk@student.org,1969,4,19,LMU-13,68.89,38(068)58-11-704
Роман,Макаренко,roman.makarenko3@student.org,2010,12,23,QFA-57,30.26,38(068)14-98-543
Олена,Лисенко,olena.lysenko@student.org,1955,2,1,TRP-38,71.84,38(050)27-86-765
Лариса,Шаповал,larysa.shapoval2@student.org,1951,1,5,NWC-21,3.49,38(095)95-68-846
Андрій,Шаповал,andriy.shapoval@student.org,2003,8,21,KWM-63,87.73,38(093)86-88-846
Анна,Костенко,anna.kostenko@student.org,1976,8,6,NHD-41,36.01,38(066)86-66-676
Валентина,Руденко,valentyna.rudenko@student.org,1983,4,30,XCB-36,23.07,38(073)78-46-333
Галина,Козлов,halyna.kozlov@student.org,1982,10,31,VOZ-89,13.66,38(067)77-82-952
Роман,Гайдук,roman.hayduk@student.org,1971,11,16,OVV-72,93.65,38(093)97-43-350
Олександр,Зайцев,oleksandr.zaytsev@student.org,1966,5,4,GPJ-34,90.25,38(068)94-95-889
Ірина,Ткаченко,iryna.tkachenko@student.org,1965,2,20,BWA-26,15.43,38(098)78-39-415
Світлана,Гриценко,svitlana.hrytsenko1@student.org,1970,7,23,FJU-86,88.15,38(066)45-43-359
Іван,Петренко,ivan.petrenko@student.org,1965,5,13,IGG-34,17.45,38(093)75-21-577
Інна,Михайленко,inna.mykhaylenko1@student.org,2004,9,19,SJE-25,74.97,38(097)73-14-573
Ярослав,Панченко,yaroslav.panchenko1@student.org,1964,11,18,LDP-84,15.99,38(097)41-53-739
Євгенія,Макаренко,yevheniya.makarenko@student.org,2010,6,10,OUM-69,98.15,38(097)35-63-726
Вера,Гордієнко,vera.hordiyenko1@student.org,1989,1,5,WLO-28,79.16,38(099)65-62-972
Вікторія,Гончаренко,viktoriya.honcharenko1@student.org,1988,1,13,MOH-71,16.45,38(095)14-75-601
Людмила,Лисенко,lyudmyla.lysenko1@student.org,1957,7,10,TLX-93,58.77,38(099)49-79-416
Оксана,Коваленко,oksana.kovalenko1@student.org,1995,1,29,CJO-50,93.92,38(063)41-81-545
Валентина,Бойко,valentyna.boyko2@student.org,1971,7,20,WFE-82,36.36,38(067)41-95-641
Василь,Мельник,vasyl.melnyk@student.org,1956,3,26,DDZ-24,3.59,38(050)19-67-165
Надія,Цимбал,nadiya.tsymbal2@student.org,1963,6,3,HLU-75,17.05,38(099)91-87-702
Федір,Скрипка,fedir.skrypka@student.org,1974,6,11,ZEI-90,85.51,38(066)32-17-702
Павло,Гайдук,pavlo.hayduk1@student.org,1986,8,10,LAK-41,26.3,38(066)50-14-494
Тарас,Гордієнко,taras.hordiyenko@student.org,1991,10,14,LKA-73,37.16,38(073)17-42-290
Володимир,Литвин,volodymyr.lytvyn2@student.org,1973,12,2,EMW-13,67.1,38(050)98-15-183
Анна,Новік,anna.novik@student.org,1985,1,9,WMG-91,70.94,38(093)76-92-604
Андрій,Бойко,andriy.boyko@student.org,1956,4,25,VNB-47,31.44,38(068)88-94-428
Віктор,Романенко,viktor.romanenko@student.org,1998,6,14,PXE-78,2.5,38(066)44-71-533
Володимир,Петренко,volodymyr.petrenko1@student.org,2006,3,31,PMN-68,98.45,38(095)47-76-221
Вікторія,Ткаченко,viktoriya.tkachenko1@student.org,1988,5,26,OZY-52,89.87,38(050)23-34-484
Іван,Мельник,ivan.melnyk1@student.org,1955,4,1,PQA-42,75.05,38(099)49-21-525
Оксана,Гриценко,oksana.hrytsenko@student.org,1961,7,18,POD-91,73.46,38(096)94-78-620
Остап,Василенко,ostap.vasylenko@student.org,1980,2,23,MTA-98,9.8,38(068)92-17-693
Ірина,Гончаренко,iryna.honcharenko@student.org,1968,6,15,KHV-79,52.98,38(066)83-43-105
Надія,Павленко,nadiya.pavlenko@student.org,1955,10,17,HHF-56,75.08,38(073)52-38-540
Алла,Гладко,alla.hladko@student.org,1989,1,15,HZY-67,78.91,38(098)63-43-350
Артем,Білоус,artem.bilous1@student.org,1965,11,20,QYI-41,34.27,38(063)70-41-952
Ірина,Петренко,iryna.petrenko@student.org,1998,9,18,IRP-89,67.58,38(063)42-40-897
Юлія,Мельник,yuliya.melnyk2@student.org,1971,2,3,HPX-46,83.19,38(095)75-26-466
Богдан,Костенко,bohdan.kostenko2@student.org,2008,1,31,YSH-71,93.82,38(050)26-75-605
Лілія,Гриценко,liliya.hrytsenko@student.org,1968,7,9,IRJ-91,53.16,38(068)69-76-666
Станіслав,Литвин,stanislav.lytvyn@student.org,1995,2,10,NGN-42,53.21,38(097)24-52-607
Ірина,Стельмах,iryna.stelmakh1@student.org,1985,4,15,JNH-33,80.5,38(066)54-48-384
Василь,Василенко,vasyl.vasylenko@student.org,1959,10,20,BOY-38,68.27,38(095)62-16-660
Ігор,Омельченко,ihor.omelchenko@student.org,1996,11,25,EHZ-91,85.7,38(096)35-59-323
Євгенія,Кравченко,yevheniya.kravchenko1@student.org,1987,5,9,UEQ-73,44.05,38(050)35-85-447
Лілія,Лебедь,liliya.lebed1@student.org,1983,9,2,YSF-65,68.2,38(093)24-25-942
Олена,Гладко,olena.hladko@student.org,2003,10,25,WXP-26,9.24,38(066)80-92-577
Богдан,Шаповал,bohdan.shapoval1@student.org,1991,12,6,QDZ-87,76.77,38(063)67-29-330
Сергій,Ткаченко,serhiy.tkachenko@student.org,1961,1,26,CEO-52,42.59,38(097)29-62-863
Богдан,Ковальчук,bohdan.kovalchuk@student.org,1977,8,13,PYT-71,75.68,38(068)63-24-460
Станіслав,Панченко,stanislav.panchenko@student.org,2008,12,19,MUO-49,78.58,38(050)53-34-296
Марія,Скрипка,mariya.skrypka1@student.org,1957,11,3,PLP-30,41.22,38(093)85-40-214
Михайло,Бойко,mykhaylo.boyko1@student.org,1996,5,27,FBM-40,27.07,38(095)61-69-299
Артем,Мельник,artem.melnyk2@student.org,1966,5,8,PZK-64,83.57,38(096)50-99-199
Павло,Гончаренко,pavlo.honcharenko@student.org,1979,12,9,GNQ-82,82.31,38(093)32-28-503
Людмила,Омельченко,lyudmyla.omelchenko1@student.org,1952,2,17,RHT-51,73.93,38(063)36-30-370
Станіслав,Дорошенко,stanislav.doroshenko1@student.org,2003,10,15,XZK-58,43.45,38(067)94-30-850
Остап,Захарченко,ostap.zakharchenko@student.org,1996,1,29,LAK-41,75.35,38(097)79-74-571
Олександр,Шаповал,oleksandr.shapoval@student.org,1998,7,21,TGW-21,66.23,38(066)96-51-908
Іван,Новік,ivan.novik@student.org,1969,5,21,OAJ-53,86.73,38(066)41-33-706
Раїса,Зайцев,rayisa.zaytsev@student.org,1960,1,22,HJO-60,57.18,38(098)45-87-889
Інна,Зайцев,inna.zaytsev@student.org,1973,8,13,BZX-35,65.78,38(099)21-65-762
Юрій,Литвин,yuriy.lytvyn1@student.org,1953,9,24,XWX-37,46.45,38(050)93-58-111
Галина,Макаренко,halyna.makarenko2@student.org,2007,12,15,IXL-95,96.97,38(067)84-60-912
Федір,Петренко,fedir.petrenko1@student.org,1991,1,5,HDV-44,43.16,38(093)88-20-383
Михайло,Омельченко,mykhaylo.omelchenko@student.org,1951,12,7,SEV-24,74.71,38(097)31-19-762
Олена,Кузьменко,olena.kuzmenko1@student.org,1961,2,14,TEF-91,42.15,38(073)73-69-649
Вера,Макаренко,vera.makarenko@student.org,1971,1,31,OKU-80,68.78,38(068)43-76-545
Віктор,Гриценко,viktor.hrytsenko@student.org,1971,10,24,QYE-60,24.09,38(093)60-29-332
Федір,Гордієнко,fedir.hordiyenko@student.org,1970,11,27,GFG-58,49.06,38(096)98-31-373
Федір,Козлов,fedir.kozlov@student.org,2001,12,27,IGA-50,53.41,38(068)65-41-813
Тарас,Панченко,taras.panchenko@student.org,1992,5,17,ILN-30,94.07,38(095)76-65-370
Петро,Лебедь,petro.lebed1@student.org,1984,6,18,QMF-40,84.64,38(099)89-83-119
Євгенія,Гладко,yevheniya.hladko@student.org,1962,10,28,WKR-87,4.86,38(063)11-96-540
Валентина,Павленко,valentyna.pavlenko@student.org,1957,5,11,BDU-11,19.71,38(098)28-13-313
Дмитро,Ткаченко,dmytro.tkachenko@student.org,1971,8,26,TQM-25,94.39,38(097)10-91-748
Анна,Скрипка,anna.skrypka1@student.org,2003,6,1,KIY-99,68.32,38(095)36-47-136
Олександр,Гордієнко,oleksandr.hordiyenko1@student.org,1985,2,19,DLP-60,29.54,38(050)46-56-402
Валентина,Кузьменко,valentyna.kuzmenko@student.org,1959,1,28,DHF-88,69.95,38(067)94-83-711
Остап,Гайдук,ostap.hayduk@student.org,1986,9,14,NSA-29,23.08,38(095)82-90-748
Надія,Костенко,nadiya.kostenko@student.org,1956,5,18,DVE-27,89.94,38(067)82-33-878
Євгенія,Козлов,yevheniya.kozlov1@student.org,1959,2,24,MNN-42,7.08,38(093)81-17-691
Роман,Зайцев,roman.zaytsev@student.org,2001,12,8,CMA-76,10.23,38(073)53-15-558
Андрій,Шевчук,andriy.shevchuk1@student.org,2008,7,4,UTH-26,36.98,38(098)76-65-787
Олена,Шевчук,olena.shevchuk@student.org,1985,1,23,HCX-10,0.5,38(050)41-73-104
Остап,Савченко,ostap.savchenko@student.org,1968,5,28,MLM-68,79.89,38(095)43-20-773
Ганна,Цимбал,hanna.tsymbal1@student.org,1977,10,23,DKG-91,8.35,38(096)52-34-290
Ігор,Новік,ihor.novik1@student.org,1959,9,1,BAJ-82,33.92,38(093)74-36-664
Ігор,Омельченко,ihor.omelchenko1@student.org,2004,5,4,ILE-86,6.5,38(095)38-89-314
Артем,Король,artem.korol@student.org,1990,8,25,JWF-94,88.4,38(066)20-35-541
Валентина,Лисенко,valentyna.lysenko1@student.org,1982,11,13,GWY-95,46.7,38(050)98-49-677
Тетяна,Коваленко,tetyana.kovalenko1@student.org,1987,10,10,TMT-75,42.11,38(093)21-41-609
Олександр,Поліщук,oleksandr.polishchuk@student.org,1950,3,20,MCC-53,48.82,38(073)71-50-662
Володимир,Ковальчук,volodymyr.kovalchuk@student.org,1959,10,16,RMI-93,63.2,38(073)53-30-260
Віталій,Марченко,vitaliy.marchenko@student.org,1961,5,30,LNC-34,2.6,38(099)16-10-125
Євгенія,Гайдук,yevheniya.hayduk1@student.org,2010,10,29,YVF-57,6.44,38(093)22-64-739
Роман,Новік,roman.novik1@student.org,1962,3,6,FDO-98,89.62,38(066)95-81-859
Олеся,Савченко,olesya.savchenko1@student.org,1968,12,15,TTG-26,2.12,38(066)88-25-828
Віталій,Гладко,vitaliy.hladko@student.org,2007,11,12,GNQ-82,85.53,38(067)51-21-825
Юлія,Левченко,yuliya.levchenko@student.org,1991,12,27,ZKB-32,68.25,38(073)63-20-386
Станіслав,Цимбал,stanislav.tsymbal1@student.org,1988,4,11,TKF-83,87.83,38(068)19-66-373
Лариса,Гайдук,larysa.hayduk@student.org,1964,2,21,VYU-77,93.16,38(067)42-57-791
Богдан,Стельмах,bohdan.stelmakh@student.org,1978,5,27,RBI-30,51.25,38(073)41-26-238
Ярослав,Михайленко,yaroslav.mykhaylenko@student.org,1964,10,31,WXW-16,77.92,38(095)57-23-849
Алла,Ковальчук,alla.kovalchuk@student.org,1986,4,5,JOL-48,32.5,38(067)86-42-878
Федір,Никоненко,fedir.nykonenko2@student.org,1975,6,27,QKW-25,98.12,38(096)79-98-801
Анна,Білоус,anna.bilous3@student.org,1953,1,22,PAF-41,67.8,38(067)30-47-422
Світлана,Кравченко,svitlana.kravchenko1@student.org,1957,11,28,HKL-87,25.84,38(067)79-30-558
Ігор,Новік,ihor.novik2@student.org,2003,2,1,AYK-48,20.74,38(050)37-84-454
Остап,Авраменко,ostap.avramenko1@student.org,1953,12,14,CVQ-94,61.13,38(073)55-43-149
Катерина,Марченко,kateryna.marchenko@student.org,2008,1,10,WMG-49,66.28,38(095)33-79-459
Анна,Василенко,anna.vasylenko@student.org,1996,5,28,TMW-90,88.15,38(073)88-65-606
Денис,Омельченко,denys.omelchenko1@student.org,1970,12,19,DMW-46,85.8,38(099)35-19-557
Роман,Шаповал,roman.shapoval@student.org,2007,1,15,HYV-78,5.47,38(068)48-45-343
Юрій,Руденко,yuriy.rudenko1@student.org,1994,2,16,MWE-50,14.47,38(097)42-64-711
Богдан,Авраменко,bohdan.avramenko@student.org,1999,4,28,RRO-73,59.9,38(066)27-11-208
Оксана,Коваль,oksana.koval1@student.org,2009,10,18,TBS-62,77.12,38(095)61-73-445
Віктор,Іваненко,viktor.ivanenko1@student.org,1971,3,16,TWH-21,72.71,38(073)54-90-214
Григорій,Авраменко,hryhoriy.avramenko2@student.org,1964,3,9,CGV-49,92.24,38(093)15-34-938
Олександр,Коваль,oleksandr.koval@student.org,1952,4,19,HJV-50,13.11,38(067)25-51-498
Вера,Зайцев,vera.zaytsev@student.org,1973,4,23,LFP-41,27.21,38(066)29-55-667
Раїса,Кузьменко,rayisa.kuzmenko@student.org,1981,12,23,CRS-54,27.71,38(098)15-74-621
Василь,Шевченко,vasyl.shevchenko1@student.org,1959,1,3,AKB-43,41.76,38(095)87-90-308
Катерина,Козлов,kateryna.kozlov1@student.org,1983,2,17,LUZ-90,56.82,38(050)28-16-690
Віктор,Шевченко,viktor.shevchenko@student.org,1990,9,26,PQA-42,50.73,38(093)91-74-237
Оксана,Коваленко,oksana.kovalenko2@student.org,1969,7,6,GOA-66,69.06,38(096)71-78-972
Тетяна,Рибак,tetyana.rybak@student.org,1967,8,3,XEX-70,90.65,38(073)61-13-858
Дмитро,Король,dmytro.korol@student.org,1984,7,26,SLH-69,99.87,38(097)87-78-104
Ігор,Король,ihor.korol1@student.org,1963,6,20,ZDB-32,70.66,38(063)83-11-795
Григорій,Коваль,hryhoriy.koval@student.org,2007,8,16,SUH-39,92.77,38(067)95-96-700
Денис,Омельченко,denys.omelchenko2@student.org,1959,2,9,FXS-93,41.07,38(097)72-77-413
Володимир,Гайдук,volodymyr.hayduk@student.org,1990,1,28,QFF-13,10.28,38(097)22-75-715
Павло,Кузьменко,pavlo.kuzmenko@student.org,1970,8,27,BCP-36,83.11,38(068)95-13-688
Вера,Кузьменко,vera.kuzmenko1@student.org,2000,1,16,KIR-57,82.33,38(068)10-30-595
Остап,Гончаренко,ostap.honcharenko@student.org,1991,2,17,WDW-94,39.42,38(098)46-97-206
Оксана,Авраменко,oksana.avramenko1@student.org,1998,12,22,RWB-34,12.06,38(099)25-71-150
Ярослав,Демченко,yaroslav.demchenko2@student.org,1991,11,25,JMT-37,69.18,38(095)63-90-339
Петро,Дорошенко,petro.doroshenko1@student.org,1952,10,14,KWT-98,23.17,38(097)83-82-589
Роман,Білоус,roman.bilous2@student.org,1980,7,9,VAO-63,41.33,38(050)18-18-715
Надія,Білоус,nadiya.bilous@student.org,1958,6,28,FKU-33,10.37,38(050)75-49-993
Олександр,Левченко,oleksandr.levchenko@student.org,1956,7,9,VJH-55,5.98,38(093)80-86-274
Юрій,Стельмах,yuriy.stelmakh@student.org,2000,5,21,GYF-14,34.82,38(097)60-89-327
Наталія,Гайдук,nataliya.hayduk@student.org,1977,6,22,RMT-81,17.41,38(073)35-71-905
Євгенія,Зайцев,yevheniya.zaytsev@student.org,2000,5,17,YCJ-73,40.51,38(073)84-72-332
Оксана,Гладко,oksana.hladko@student.org,1976,8,16,IIH-32,60.64,38(067)83-44-614
Надія,Ковальчук,nadiya.kovalchuk@student.org,1958,5,25,FUS-53,68.37,38(067)60-35-246
Світлана,Никоненко,svitlana.nykonenko@student.org,2008,1,1,MZG-58,72.99,38(095)78-76-446
Григорій,Руденко,hryhoriy.rudenko@student.org,1989,12,26,IXL-95,5.32,38(098)64-49-378
Станіслав,Коваль,stanislav.koval1@student.org,1973,11,18,MRB-71,72.05,38(068)28-16-890
Валентина,Коваленко,valentyna.kovalenko1@student.org,1968,9,17,GZB-82,61.3,38(073)52-40-935
Олександр,Гордієнко,oleksandr.hordiyenko2@student.org,1970,10,6,MNR-34,56.14,38(066)31-49-143
Надія,Новік,nadiya.novik1@student.org,1994,10,3,YIA-43,49.7,38(097)63-93-252
Людмила,Кузьменко,lyudmyla.kuzmenko@student.org,2004,9,16,PTJ-45,47.72,38(068)63-72-578
Світлана,Дорошенко,svitlana.doroshenko1@student.org,2004,5,23,OMS-69,22.47,38(073)65-69-281
Олеся,Бойко,olesya.boyko@student.org,1999,3,18,TXU-28,89.76,38(063)39-20-482
Ігор,Гончаренко,ihor.honcharenko@student.org,1953,12,25,UKH-69,26.12,38(068)28-89-574
Максим,Стельмах,maksym.stelmakh@student.org,2008,1,4,FYC-58,71.06,38(073)68-18-370
Світлана,Литвин,svitlana.lytvyn1@student.org,1953,4,21,RAG-66,11.88,38(097)28-53-816
Світлана,Козлов,svitlana.kozlov1@student.org,2006,7,30,TJU-62,36.56,38(067)18-30-682
Олеся,Захарченко,olesya.zakharchenko1@student.org,1973,12,27,OEQ-17,42.54,38(098)80-25-478
Іван,Гордієнко,ivan.hordiyenko@student.org,1966,2,6,MNR-34,75.38,38(063)89-97-522
Артем,Рибак,artem.rybak@student.org,1979,5,5,AIE-17,23.95,38(097)25-10-844
Любов,Петренко,lyubov.petrenko@student.org,1996,11,3,SDA-23,36.77,38(068)44-18-226
Іван,Литвин,ivan.lytvyn2@student.org,1961,2,8,ZZD-11,87.51,38(098)57-64-919
Петро,Гайдук,petro.hayduk@student.org,1997,9,10,IXU-95,92.91,38(067)40-29-138
Валентина,Іваненко,valentyna.ivanenko@student.org,1972,7,13,GYX-84,82.06,38(068)89-36-325
Оксана,Кузьменко,oksana.kuzmenko1@student.org,1993,11,27,CXV-57,21.99,38(066)52-18-102
Оксана,Рибак,oksana.rybak@student.org,1983,12,16,NBS-98,24.8,38(093)79-54-594
Ганна,Іваненко,hanna.ivanenko@student.org,1984,2,7,YFP-79,33.4,38(095)58-62-815
Олександр,Цимбал,oleksandr.tsymbal@student.org,1990,12,10,HEM-24,72.49,38(068)19-65-606
Василь,Шаповал,vasyl.shapoval1@student.org,1965,7,2,PRG-45,79.42,38(096)37-32-885
Іван,Поліщук,ivan.polishchuk@student.org,1970,10,30,JAD-16,58.52,38(066)38-42-703
Олеся,Левченко,olesya.levchenko2@student.org,1983,1,7,TOE-90,38.38,38(095)19-61-216
Євгенія,Михайленко,yevheniya.mykhaylenko1@student.org,1989,10,18,WUB-75,64.5,38(050)72-12-345
Михайло,Гайдук,mykhaylo.hayduk2@student.org,1950,2,4,MGE-56,20.2,38(099)44-73-703
Любов,Шаповал,lyubov.shapoval@student.org,1977,8,9,NAW-33,40.43,38(095)35-17-576
Михайло,Коваленко,mykhaylo.kovalenko1@student.org,1983,12,17,NHQ-59,29.45,38(093)74-73-109
Лариса,Гончаренко,larysa.honcharenko2@student.org,1970,3,30,LWU-13,89.69,38(093)87-21-340
Павло,Козлов,pavlo.kozlov@student.org,1989,1,31,XMH-63,25.82,38(068)72-94-655
Віктор,Гладко,viktor.hladko2@student.org,1963,4,6,DKU-15,39.24,38(095)18-28-814
Михайло,Левченко,mykhaylo.levchenko1@student.org,1988,12,8,PQW-80,41.2,38(095)18-94-496
Василь,Ковальчук,vasyl.kovalchuk@student.org,1955,5,9,HRA-75,98.14,38(066)19-44-827
Тетяна,Коваль,tetyana.koval@student.org,2009,1,22,NSA-29,35.14,38(068)75-92-516
Тарас,Павленко,taras.pavlenko@student.org,1960,1,16,RFR-30,34.93,38(097)18-59-595
Надія,Петренко,nadiya.petrenko@student.org,1999,8,27,IZP-59,6.97,38(066)15-60-686
Валентина,Гордієнко,valentyna.hordiyenko@student.org,1984,9,17,AYP-50,55.26,38(099)33-34-568
Надія,Бойко,nadiya.boyko@student.org,1987,9,10,UBE-69,79.78,38(066)53-76-937
Олександр,Поліщук,oleksandr.polishchuk1@student.org,2010,7,21,ISV-28,36.9,38(067)15-10-365
Любов,Король,lyubov.korol1@student.org,1962,1,7,GKV-72,30.2,38(096)80-68-185
Віктор,Макаренко,viktor.makarenko2@student.org,2004,10,19,XXC-37,25.04,38(066)27-64-316
Остап,Цимбал,ostap.tsymbal1@student.org,1985,7,25,DYJ-66,4.36,38(099)13-78-332
Юлія,Никоненко,yuliya.nykonenko@student.org,2001,3,7,LCU-65,5.82,38(096)25-65-794
Ярослав,Мельник,yaroslav.melnyk@student.org,1978,11,12,YJH-60,46.76,38(096)72-74-977
Лариса,Романенко,larysa.romanenko@student.org,1987,1,5,EFL-51,14.03,38(067)88-19-654
Лариса,Кузьменко,larysa.kuzmenko@student.org,1973,6,19,OKK-10,76.88,38(068)33-15-920
Сергій,Стельмах,serhiy.stelmakh2@student.org,1965,10,16,NJV-76,45.3,38(063)11-36-134
Світлана,Марченко,svitlana.marchenko1@student.org,1973,4,4,UHA-58,58.76,38(099)56-33-205
Андрій,Демченко,andriy.demchenko@student.org,2009,7,18,TVQ-62,77.9,38(095)13-68-178
Іван,Костенко,ivan.kostenko1@student.org,1997,4,22,KCW-87,24.57,38(066)85-79-135
Раїса,Король,rayisa.korol@student.org,1954,9,30,OTP-60,10.7,38(050)43-27-676
Раїса,Гайдук,rayisa.hayduk@student.org,1978,10,22,VZB-82,4.09,38(093)66-27-145
Станіслав,Петренко,stanislav.petrenko@student.org,1963,2,17,GNT-12,34.61,38(067)76-63-262
Олександр,Кравченко,oleksandr.kravchenko@student.org,1961,7,27,NCM-33,14.24,38(050)60-41-318
Віталій,Костенко,vitaliy.kostenko@student.org,1966,3,18,TKD-88,85.4,38(096)72-31-668
Галина,Шаповал,halyna.shapoval2@student.org,1964,1,24,VJP-18,99.27,38(066)25-59-531
Інна,Гордієнко,inna.hordiyenko@student.org,1996,2,4,KZR-75,89.76,38(068)22-19-385
Ірина,Михайленко,iryna.mykhaylenko1@student.org,1963,11,11,TYF-95,32.01,38(063)62-54-575
Роман,Костенко,roman.kostenko1@student.org,1981,12,10,AKM-19,45.88,38(067)21-54-682
Вера,Шаповал,vera.shapoval2@student.org,1975,8,17,SFC-97,9.07,38(067)45-65-473
Роман,Коваленко,roman.kovalenko1@student.org,1979,3,9,AQL-55,80.45,38(098)71-85-162
Костянтин,Новік,kostyantyn.novik1@student.org,1999,12,21,IOJ-94,62.76,38(098)45-73-635
Євгенія,Козлов,yevheniya.kozlov2@student.org,1991,10,18,IJP-76,16.87,38(067)19-40-366
Вера,Гордієнко,vera.hordiyenko2@student.org,1963,6,27,UHM-69,12.64,38(096)89-12-841
Сергій,Кравченко,serhiy.kravchenko@student.org,1961,7,15,VVC-95,78.72,38(099)71-62-948
Вікторія,Шаповал,viktoriya.shapoval1@student.org,2008,9,4,SFL-28,16.8,38(068)44-64-566
Валентина,Марченко,valentyna.marchenko@student.org,1988,4,24,ZKJ-23,98.4,38(093)58-44-315
Віктор,Михайленко,viktor.mykhaylenko1@student.org,1974,9,22,GXM-49,21.88,38(063)35-72-477
Михайло,Рибак,mykhaylo.rybak1@student.org,1998,11,13,WUN-96,46.19,38(050)84-66-336
Роман,Іваненко,roman.ivanenko@student.org,1976,1,4,GXM-49,98.99,38(067)13-64-435
Станіслав,Цимбал,stanislav.tsymbal2@student.org,1970,9,2,IYI-39,33.42,38(093)46-10-389
Олеся,Шевчук,olesya.shevchuk@student.org,1971,6,16,ECM-82,79.25,38(050)51-46-604
Ганна,Шевчук,hanna.shevchuk1@student.org,2007,10,3,YDE-50,65.13,38(099)42-58-817
Олеся,Савченко,olesya.savchenko2@student.org,1950,5,24,QFR-32,10.14,38(050)47-37-606
Любов,Кравченко,lyubov.kravchenko@student.org,1958,9,5,YQK-74,1.41,38(093)13-27-926
Ігор,Мельник,ihor.melnyk@student.org,2004,2,9,XMQ-18,33.05,38(050)42-94-193
Галина,Левченко,halyna.levchenko1@student.org,1996,9,1,VRS-53,98.53,38(063)35-44-356
Віталій,Козлов,vitaliy.kozlov1@student.org,1967,2,20,CVD-93,19.59,38(095)51-25-792
Володимир,Левченко,volodymyr.levchenko1@student.org,1970,4,15,APF-58,77.07,38(067)36-45-972
Ірина,Гриценко,iryna.hrytsenko@student.org,2006,5,7,NCX-34,45.14,38(096)47-99-752
Раїса,Шевчук,rayisa.shevchuk@student.org,1991,2,11,HXP-30,65.32,38(073)86-32-979
Любов,Гайдук,lyubov.hayduk1@student.org,2005,5,26,GBT-36,36.61,38(067)40-56-596
Олена,Авраменко,olena.avramenko@student.org,1979,8,30,IJI-69,30.51,38(099)95-37-729
Катерина,Гайдук,kateryna.hayduk1@student.org,1965,12,18,FYM-91,76.17,38(067)37-59-966
Артем,Козлов,artem.kozlov@student.org,1983,8,26,ZRG-21,11.46,38(093)86-86-693
Алла,Скрипка,alla.skrypka@student.org,1996,1,29,KWG-25,38.76,38(063)55-69-586
Петро,Михайленко,petro.mykhaylenko@student.org,1954,12,16,OZY-52,83.93,38(096)67-27-252
Вера,Романенко,vera.romanenko4@student.org,1971,9,25,NLC-55,88.13,38(098)27-42-919
Роман,Демченко,roman.demchenko1@student.org,1990,7,12,FHA-37,31.63,38(066)78-29-250
Світлана,Литвин,svitlana.lytvyn2@student.org,1975,3,12,OGM-36,54.52,38(093)16-87-336
Богдан,Шевченко,bohdan.shevchenko2@student.org,1953,12,9,ZAR-80,85.76,38(099)42-21-575
Олена,Новік,olena.novik1@student.org,1965,8,8,HQN-12,54.46,38(093)98-37-717
Наталія,Романенко,nataliya.romanenko1@student.org,1977,1,26,LOK-74,24.2,38(050)20-24-890
Раїса,Гайдук,rayisa.hayduk1@student.org,1958,6,17,PNL-77,11.84,38(066)94-74-773
Інна,Савченко,inna.savchenko2@student.org,1957,2,14,JFX-85,39.9,38(063)14-69-131
Ігор,Гончаренко,ihor.honcharenko1@student.org,1950,4,3,FFR-80,97.47,38(093)76-38-597
Роман,Бойко,roman.boyko1@student.org,1979,12,28,JCT-11,77.33,38(073)87-74-939
Марія,Король,mariya.korol2@student.org,1986,5,6,OME-75,24.77,38(096)20-80-352
Ірина,Король,iryna.korol@student.org,1999,5,29,QCL-13,73.73,38(097)55-28-777
Олеся,Лебедь,olesya.lebed1@student.org,1996,1,18,CIM-73,83.17,38(093)53-97-678
Наталія,Романенко,nataliya.romanenko2@student.org,1968,5,8,WOU-15,53.93,38(050)45-51-259
Роман,Новік,roman.novik2@student.org,1966,9,7,WNO-27,53.74,38(093)34-38-350
Роман,Шевченко,roman.shevchenko1@student.org,1971,4,26,RIL-32,83.67,38(067)99-86-386
Олеся,Мельник,olesya.melnyk1@student.org,1964,3,29,FLM-71,34.56,38(063)42-99-222
Володимир,Кузьменко,volodymyr.kuzmenko2@student.org,1951,4,3,DMM-54,75.5,38(099)53-27-883
Федір,Новік,fedir.novik@student.org,1986,7,25,DYS-79,76.46,38(066)40-25-679
Вера,Гриценко,vera.hrytsenko2@student.org,1993,9,7,NNS-51,2.43,38(097)14-46-182
Юрій,Костенко,yuriy.kostenko@student.org,1984,12,16,QGM-51,17.49,38(093)53-53-394
Володимир,Макаренко,volodymyr.makarenko@student.org,1974,8,4,XCS-84,97.14,38(096)81-87-744
Валентина,Іваненко,valentyna.ivanenko1@student.org,2007,6,5,MMG-46,78.23,38(066)68-91-239
Валентина,Коваленко,valentyna.kovalenko2@student.org,1996,12,14,BVU-10,47.84,38(063)33-29-752
Максим,Козлов,maksym.kozlov@student.org,1985,2,4,SIJ-40,10.12,38(067)42-76-607
Світлана,Білоус,svitlana.bilous@student.org,1956,6,21,TKY-86,88.65,38(068)65-28-185
Галина,Василенко,halyna.vasylenko@student.org,1951,2,20,DXM-10,3.83,38(099)27-92-723
Михайло,Цимбал,mykhaylo.tsymbal@student.org,1951,1,31,PLP-30,5.55,38(050)20-20-145
Галина,Михайленко,halyna.mykhaylenko@student.org,1956,3,20,GHS-64,79.04,38(096)81-20-346
Костянтин,Поліщук,kostyantyn.polishchuk1@student.org,1952,7,5,BVU-10,41.33,38(098)57-39-371
Раїса,Білоус,rayisa.bilous@student.org,1996,7,14,OYY-63,49.87,38(073)71-63-888
Анна,Павленко,anna.pavlenko@student.org,1996,1,20,JUR-49,58.07,38(095)26-11-148
Марія,Кузьменко,mariya.kuzmenko@student.org,1998,9,21,QUA-18,88.32,38(073)30-33-753
Костянтин,Савченко,kostyantyn.savchenko@student.org,1967,4,3,ROQ-49,94.5,38(093)43-40-381
Володимир,Цимбал,volodymyr.tsymbal@student.org,2007,10,17,EJX-72,75.1,38(066)79-18-318
Вера,Михайленко,vera.mykhaylenko@student.org,1974,9,18,EVT-54,29.7,38(066)71-28-602
Сергій,Іваненко,serhiy.ivanenko@student.org,1993,11,14,ZME-55,73.68,38(093)10-89-646
Михайло,Руденко,mykhaylo.rudenko@student.org,1993,8,23,XKW-52,13.06,38(068)94-63-780
Роман,Руденко,roman.rudenko2@student.org,1970,7,31,FND-88,86.31,38(068)34-63-252
Остап,Рибак,ostap.rybak@student.org,2005,4,13,AGO-30,31.64,38(093)39-95-723
Раїса,Литвин,rayisa.lytvyn2@student.org,1954,4,6,MUW-51,48.5,38(067)89-16-189
Федір,Никоненко,fedir.nykonenko3@student.org,1987,1,16,ZGX-32,71.21,38(098)52-92-572
Інна,Ткаченко,inna.tkachenko@student.org,1959,1,27,NMI-97,6.4,38(050)17-85-229
Іван,Новік,ivan.novik1@student.org,1955,1,29,WIC-44,82.38,38(067)35-38-604
Любов,Шаповал,lyubov.shapoval1@student.org,1975,11,12,HYK-73,88.95,38(097)33-86-573
Костянтин,Кузьменко,kostyantyn.kuzmenko1@student.org,1981,9,29,MCY-17,8.65,38(063)75-97-263
Світлана,Шевченко,svitlana.shevchenko1@student.org,2008,7,15,BUE-90,67.36,38(063)23-32-482
Роман,Білоус,roman.bilous3@student.org,1974,5,2,TFG-96,39.35,38(095)90-50-789
Володимир,Ковальчук,volodymyr.kovalchuk1@student.org,2006,1,4,BDR-39,49.39,38(067)17-70-335
Василь,Коваленко,vasyl.kovalenko@student.org,1997,1,9,KBF-20,16.26,38(098)18-46-766
Олександр,Савченко,oleksandr.savchenko@student.org,1993,2,28,ZVZ-60,49.49,38(068)26-95-361
Григорій,Омельченко,hryhoriy.omelchenko2@student.org,2003,11,25,USJ-99,60.23,38(099)66-72-430
Вікторія,Панченко,viktoriya.panchenko@student.org,1988,10,20,XJN-58,66.59,38(099)46-38-253
Любов,Кузьменко,lyubov.kuzmenko1@student.org,1967,12,13,KDP-68,91.28,38(097)55-41-927
Тарас,Цимбал,taras.tsymbal1@student.org,1994,4,23,VWX-33,60.34,38(066)69-25-173
Григорій,Цимбал,hryhoriy.tsymbal@student.org,1967,7,14,IYC-80,85.94,38(093)15-55-598
Валентина,Коваль,valentyna.koval@student.org,1991,6,4,BRW-62,87.48,38(050)57-64-239
Сергій,Савченко,serhiy.savchenko@student.org,1963,12,17,SYE-54,46.44,38(095)91-80-445
Андрій,Василенко,andriy.vasylenko@student.org,1994,11,14,OPH-12,1.33,38(068)31-87-809
Юлія,Кузьменко,yuliya.kuzmenko2@student.org,1985,1,29,FQA-61,41.23,38(067)10-59-689
Катерина,Демченко,kateryna.demchenko1@student.org,1961,6,22,AIB-70,16.04,38(098)86-37-472
Артем,Демченко,artem.demchenko@student.org,1998,8,21,AUV-23,24.64,38(098)74-16-425
Віталій,Поліщук,vitaliy.polishchuk@student.org,1977,7,6,MGZ-69,75.19,38(073)79-88-609
Лариса,Василенко,larysa.vasylenko3@student.org,1980,11,15,HBR-84,40.28,38(096)88-72-332
Костянтин,Король,kostyantyn.korol@student.org,1967,12,28,BOY-38,89.19,38(097)79-24-401
Євгенія,Поліщук,yevheniya.polishchuk@student.org,1996,4,1,DKZ-98,84.67,38(073)16-78-386
Оксана,Омельченко,oksana.omelchenko@student.org,1956,4,5,TGP-15,2.1,38(066)61-64-719
Наталія,Коваль,nataliya.koval@student.org,1979,6,17,EKF-82,2.94,38(067)19-94-773
Максим,Шаповал,maksym.shapoval2@student.org,1994,1,14,YWY-26,21.52,38(068)95-56-781
Лариса,Никоненко,larysa.nykonenko@student.org,1996,1,7,ELC-86,99.22,38(093)15-63-224
Людмила,Лебедь,lyudmyla.lebed3@student.org,1973,2,22,RPO-79,82.21,38(098)26-29-447
Євгенія,Костенко,yevheniya.kostenko@student.org,1982,8,24,WJO-24,73.55,38(068)14-88-918
Оксана,Гончаренко,oksana.honcharenko@student.org,1992,8,18,RFI-89,95.43,38(067)89-34-429
Остап,Шевчук,ostap.shevchuk@student.org,1995,3,21,YON-81,13.09,38(096)87-34-302
Лариса,Романенко,larysa.romanenko1@student.org,1969,10,13,FYM-91,33.5,38(066)37-51-943
Вікторія,Мельник,viktoriya.melnyk@student.org,1969,3,22,OTJ-88,7.83,38(067)50-51-666
Наталія,Гордієнко,nataliya.hordiyenko@student.org,1984,10,9,TYO-56,46.12,38(097)86-90-723
Вікторія,Петренко,viktoriya.petrenko1@student.org,1975,1,7,HYB-83,70.28,38(050)30-11-890
Артем,Дорошенко,artem.doroshenko@student.org,1985,9,10,XEW-63,96.58,38(096)76-62-280
Марія,Мельник,mariya.melnyk@student.org,2002,1,10,EII-42,27.72,38(098)40-57-116
Інна,Демченко,inna.demchenko@student.org,1956,10,21,CTC-32,14.83,38(096)56-10-727
Олеся,Іваненко,olesya.ivanenko@student.org,1992,10,22,REJ-73,36.53,38(096)26-18-963
Володимир,Гордієнко,volodymyr.hordiyenko@student.org,1979,5,18,VCU-53,66.59,38(063)48-47-234
Роман,Гордієнко,roman.hordiyenko@student.org,1971,12,7,IPQ-50,17.32,38(097)60-33-891
Оксана,Романенко,oksana.romanenko@student.org,2002,5,2,CNR-35,79.32,38(063)24-94-714
Лариса,Литвин,larysa.lytvyn1@student.org,2008,10,25,KNA-88,6.73,38(073)17-20-378
Катерина,Павленко,kateryna.pavlenko@student.org,1995,11,3,IJM-24,97.08,38(099)18-11-728
Василь,Кравченко,vasyl.kravchenko2@student.org,2004,4,29,EPU-92,86.17,38(093)76-88-409
Юрій,Авраменко,yuriy.avramenko3@student.org,1987,12,17,BHH-22,71.32,38(098)24-87-750
Олександр,Лисенко,oleksandr.lysenko1@student.org,1951,10,1,PHW-53,7.51,38(097)27-50-665
Раїса,Зайцев,rayisa.zaytsev1@student.org,1986,5,17,LWJ-31,53.09,38(097)10-89-349
Інна,Гайдук,inna.hayduk2@student.org,2005,12,9,ORS-10,68.2,38(096)82-78-747
Людмила,Бойко,lyudmyla.boyko@student.org,1979,9,3,EXH-86,5.48,38(099)47-84-277
Максим,Коваль,maksym.koval@student.org,1961,6,8,NVX-90,66.82,38(098)17-39-755
Надія,Костенко,nadiya.kostenko1@student.org,1976,3,3,ASN-20,28.12,38(063)89-75-890
Алла,Кравченко,alla.kravchenko@student.org,1970,8,5,NDB-33,10.04,38(099)35-12-642
Світлана,Гордієнко,svitlana.hordiyenko1@student.org,1964,8,11,BCO-87,33.59,38(063)77-65-648
Павло,Кравченко,pavlo.kravchenko@student.org,1974,9,25,EQB-28,50.41,38(096)71-56-306
Сергій,Макаренко,serhiy.makarenko@student.org,2002,1,4,ZNW-40,88.1,38(050)31-35-675
Марія,Савченко,mariya.savchenko@student.org,1995,10,1,RLR-18,63.88,38(050)64-33-417
Олеся,Кузьменко,olesya.kuzmenko@student.org,1997,9,14,OCA-44,8.03,38(093)34-75-100
Роман,Гордієнко,roman.hordiyenko1@student.org,2000,3,11,OGF-61,97.56,38(066)19-18-378
Надія,Костенко,nadiya.kostenko2@student.org,1994,12,13,FVG-62,69.06,38(099)65-39-183
Артем,Зайцев,artem.zaytsev@student.org,1979,1,12,YFH-71,33.8,38(050)94-74-371
Наталія,Лисенко,nataliya.lysenko@student.org,1971,6,11,PYT-71,23.34,38(063)55-54-379
Остап,Білоус,ostap.bilous@student.org,1999,6,24,WRG-41,80.97,38(063)56-75-513
Світлана,Зайцев,svitlana.zaytsev1@student.org,1951,6,30,MPD-98,88.67,38(098)95-87-516
Лілія,Лисенко,liliya.lysenko2@student.org,1966,7,7,KSD-19,50.35,38(099)54-56-249
Оксана,Кравченко,oksana.kravchenko1@student.org,1973,9,24,VRC-29,96.92,38(063)85-55-604
Федір,Зайцев,fedir.zaytsev1@student.org,1988,2,28,IDC-38,33.05,38(068)36-64-387
Денис,Гайдук,denys.hayduk@student.org,1976,2,1,ZPU-44,90.23,38(050)55-48-596
Вера,Рибак,vera.rybak@student.org,1980,1,5,GNN-28,77.38,38(073)59-82-519
Дмитро,Коваленко,dmytro.kovalenko@student.org,1976,8,22,ZYX-81,44.99,38(099)31-98-758
Лариса,Костенко,larysa.kostenko1@student.org,1974,6,15,JQW-87,8.04,38(098)57-91-377
Віктор,Панченко,viktor.panchenko2@student.org,1976,8,27,EQV-12,43.08,38(050)96-29-150
Григорій,Павленко,hryhoriy.pavlenko@student.org,1972,6,11,SKA-63,73.63,38(096)16-87-820
Остап,Рибак,ostap.rybak1@student.org,1983,5,5,UOD-75,67.11,38(068)89-33-676
Раїса,Литвин,rayisa.lytvyn3@student.org,1965,2,23,OYY-63,53.6,38(050)16-63-548
Олександр,Захарченко,oleksandr.zakharchenko@student.org,1982,2,23,HNQ-75,72.66,38(066)39-50-426
Віктор,Білоус,viktor.bilous@student.org,1951,1,10,BLU-80,76.25,38(096)84-30-300
Лариса,Кравченко,larysa.kravchenko@student.org,2001,12,25,JXR-21,86.23,38(066)41-48-889
Федір,Лисенко,fedir.lysenko@student.org,1957,7,1,SQA-97,90.1,38(096)36-63-429
Ярослав,Омельченко,yaroslav.omelchenko@student.org,1978,9,23,PSI-11,5.7,38(097)24-22-298
Ганна,Михайленко,hanna.mykhaylenko@student.org,1957,4,25,UGT-52,98.41,38(073)47-38-778
Оксана,Василенко,oksana.vasylenko@student.org,1953,10,3,YJH-60,82.8,38(098)18-96-710
Юлія,Руденко,yuliya.rudenko1@student.org,1957,11,16,MED-36,59.7,38(093)99-68-282
Андрій,Лебедь,andriy.lebed2@student.org,1967,3,15,KPN-18,34.43,38(097)49-26-573
Любов,Новік,lyubov.novik2@student.org,1977,6,29,GZK-41,93.78,38(095)51-39-715
Анна,Макаренко,anna.makarenko@student.org,1985,1,12,BMK-62,76.91,38(068)58-69-660
Максим,Ковальчук,maksym.kovalchuk1@student.org,1955,5,24,DEQ-81,78.08,38(093)86-50-499
Андрій,Петренко,andriy.petrenko@student.org,1952,4,8,VSC-21,47.38,38(073)36-90-145
Андрій,Савченко,andriy.savchenko@student.org,2006,2,26,BEQ-47,79.14,38(096)53-73-224
Дмитро,Костенко,dmytro.kostenko1@student.org,2003,5,1,BJA-33,41.36,38(073)46-73-855
Богдан,Авраменко,bohdan.avramenko1@student.org,1963,6,22,HNA-90,58.76,38(050)67-38-780
Раїса,Василенко,rayisa.vasylenko@student.org,2002,11,12,MWN-70,99.32,38(095)45-21-773
Ігор,Мельник,ihor.melnyk1@student.org,2003,10,29,EFY-17,16.54,38(063)44-59-921
Олександр,Михайленко,oleksandr.mykhaylenko1@student.org,1972,11,16,FUS-53,23.06,38(096)39-44-581
Любов,Гриценко,lyubov.hrytsenko1@student.org,1968,6,12,TAY-43,2.07,38(068)17-45-806
Раїса,Зайцев,rayisa.zaytsev2@student.org,1961,9,5,RMW-95,95.35,38(098)37-98-475
Валентина,Марченко,valentyna.marchenko1@student.org,1984,1,31,KDT-98,97.05,38(097)17-72-773
Станіслав,Демченко,stanislav.demchenko@student.org,1980,9,10,OAJ-53,8.53,38(096)61-20-876
Катерина,Лисенко,kateryna.lysenko@student.org,1968,12,31,FCY-33,93.17,38(050)44-39-862
Марія,Павленко,mariya.pavlenko@student.org,1974,6,2,YBD-46,84.69,38(093)26-46-145
Євгенія,Мельник,yevheniya.melnyk@student.org,1961,2,8,PPK-58,89.06,38(097)41-29-206
Тетяна,Ткаченко,tetyana.tkachenko1@student.org,1965,4,2,QRR-38,29.26,38(093)64-41-865
Валентина,Коваль,valentyna.koval1@student.org,2009,7,14,GOZ-17,52.44,38(073)26-91-829
Надія,Дорошенко,nadiya.doroshenko1@student.org,1979,9,23,AWK-54,89.65,38(073)11-42-867
Любов,Шевчук,lyubov.shevchuk2@student.org,2000,5,13,MIR-56,6.54,38(063)75-77-456
Оксана,Король,oksana.korol@student.org,1971,12,29,XEJ-78,65.2,38(093)63-69-903
Юлія,Павленко,yuliya.pavlenko@student.org,1990,7,16,LEG-28,50.59,38(096)88-51-746
Дмитро,Гладко,dmytro.hladko1@student.org,1974,9,21,QCK-38,93.92,38(068)50-77-732
Надія,Новік,nadiya.novik2@student.org,1965,9,8,DMW-31,62.91,38(067)30-93-696
Марія,Коваленко,mariya.kovalenko1@student.org,2001,2,13,VDI-56,11.75,38(098)17-98-673
Марія,Лебедь,mariya.lebed@student.org,2006,12,7,VJH-55,78.38,38(066)87-15-219
Іван,Романенко,ivan.romanenko@student.org,1972,1,17,CFS-10,63.16,38(098)62-11-768
Інна,Кравченко,inna.kravchenko@student.org,1984,10,14,CAV-22,77.64,38(093)61-69-461
Станіслав,Демченко,stanislav.demchenko1@student.org,1992,6,19,BBT-60,79.43,38(095)81-57-702
Артем,Іваненко,artem.ivanenko1@student.org,2008,2,27,NWW-68,35.06,38(050)71-89-351
Ганна,Никоненко,hanna.nykonenko@student.org,1981,6,6,NTN-17,41.22,38(068)73-95-851
Анна,Гордієнко,anna.hordiyenko@student.org,1991,2,5,CZT-77,62.4,38(097)63-32-675
Артем,Коваль,artem.koval2@student.org,1991,11,24,AYK-48,57.78,38(095)92-82-801
Андрій,Мельник,andriy.melnyk@student.org,1996,10,13,TTY-83,93.1,38(099)20-10-518
Ганна,Іваненко,hanna.ivanenko1@student.org,2000,12,11,WRR-34,10.15,38(098)54-84-892
Юлія,Панченко,yuliya.panchenko1@student.org,1991,1,22,PXN-74,51.94,38(066)67-49-395
Алла,Макаренко,alla.makarenko@student.org,1973,3,20,FVX-76,72.38,38(050)55-66-470
Наталія,Костенко,nataliya.kostenko@student.org,1972,4,2,CWC-30,41.53,38(068)70-51-214
Федір,Омельченко,fedir.omelchenko@student.org,1992,5,15,HUU-78,40.78,38(050)97-33-269
Людмила,Новік,lyudmyla.novik1@student.org,2002,6,25,QWC-99,85.59,38(097)97-44-271
Тарас,Михайленко,taras.mykhaylenko@student.org,1967,8,1,FHL-31,46.51,38(073)58-36-287
Василь,Козлов,vasyl.kozlov1@student.org,1976,12,12,HLN-95,82.53,38(099)52-23-148
Любов,Ткаченко,lyubov.tkachenko@student.org,1973,7,9,CNE-43,23.96,38(063)44-39-452
Максим,Коваленко,maksym.kovalenko@student.org,1957,9,5,BMK-84,20.86,38(099)14-74-827
Костянтин,Демченко,kostyantyn.demchenko@student.org,2007,7,30,HLB-66,92.65,38(068)19-13-429
Григорій,Шаповал,hryhoriy.shapoval@student.org,1958,10,15,PWQ-70,76.01,38(050)97-33-667
Раїса,Никоненко,rayisa.nykonenko@student.org,2006,10,24,UGT-52,41.04,38(097)50-72-768
Максим,Лисенко,maksym.lysenko3@student.org,2000,6,28,SAY-79,64.53,38(066)89-34-819
Олена,Бойко,olena.boyko@student.org,1958,11,28,GYZ-57,73.62,38(067)41-51-484
Артем,Петренко,artem.petrenko1@student.org,1997,4,21,GQW-51,83.94,38(093)85-84-782
Іван,Василенко,ivan.vasylenko2@student.org,1993,2,13,ISY-87,90.08,38(096)41-44-234
Анна,Шевчук,anna.shevchuk@student.org,1997,9,10,GIR-20,44.28,38(096)65-38-789
Ганна,Іваненко,hanna.ivanenko2@student.org,1964,11,20,CZB-89,40.95,38(067)89-29-318
Світлана,Левченко,svitlana.levchenko2@student.org,2006,6,8,DCS-11,72.69,38(067)20-38-776
Вера,Кравченко,vera.kravchenko1@student.org,1976,1,19,ZNS-99,55.33,38(073)14-12-471
Наталія,Зайцев,nataliya.zaytsev1@student.org,1971,3,8,OUM-69,4.28,38(099)72-69-281
Костянтин,Романенко,kostyantyn.romanenko@student.org,1996,1,4,AIY-82,48.59,38(095)83-84-361
Вікторія,Іваненко,viktoriya.ivanenko1@student.org,1990,2,12,POE-56,49.64,38(095)70-82-887
Іван,Авраменко,ivan.avramenko@student.org,1963,11,9,VZL-84,42.8,38(095)45-27-981
Тетяна,Василенко,tetyana.vasylenko@student.org,2007,4,3,THG-20,1.0,38(073)37-99-119
Максим,Шаповал,maksym.shapoval3@student.org,2005,5,6,HPX-46,81.92,38(066)65-70-354
Сергій,Макаренко,serhiy.makarenko1@student.org,2002,2,2,NDS-89,48.01,38(095)29-29-189
Анна,Шевченко,anna.shevchenko1@student.org,1956,1,27,YLD-54,56.84,38(067)90-44-698
Анна,Руденко,anna.rudenko1@student.org,1982,2,9,ZTH-14,21.8,38(073)30-12-215
Іван,Гордієнко,ivan.hordiyenko1@student.org,1988,10,27,IQY-14,83.04,38(066)57-51-739
Сергій,Іваненко,serhiy.ivanenko1@student.org,2004,7,29,QLQ-56,70.89,38(097)97-73-265
Алла,Лебедь,alla.lebed@student.org,1996,12,18,PQM-89,77.9,38(063)71-64-188
Надія,Новік,nadiya.novik3@student.org,1993,5,15,HFU-53,27.26,38(096)29-78-530
Ірина,Лисенко,iryna.lysenko@student.org,1965,12,7,YWM-96,52.68,38(063)32-67-320
Віталій,Романенко,vitaliy.romanenko2@student.org,2004,1,19,WXD-22,15.12,38(063)11-40-850
Сергій,Гончаренко,serhiy.honcharenko1@student.org,1963,7,10,XGK-58,47.27,38(095)22-73-255
Ірина,Романенко,iryna.romanenko@student.org,1968,10,12,NKU-85,60.44,38(099)66-66-979
Андрій,Макаренко,andriy.makarenko@student.org,2009,11,26,VUD-97,13.16,38(073)98-89-546
Анна,Савченко,anna.savchenko@student.org,1985,4,7,YEP-18,18.49,38(067)84-70-470
Інна,Козлов,inna.kozlov1@student.org,1963,5,16,CJT-93,19.98,38(099)62-87-859
Андрій,Демченко,andriy.demchenko1@student.org,1970,3,1,ONO-63,60.43,38(063)68-18-918
Надія,Петренко,nadiya.petrenko1@student.org,2009,9,6,TPG-62,99.11,38(099)32-83-442
Григорій,Дорошенко,hryhoriy.doroshenko@student.org,1955,1,11,OQW-75,20.38,38(098)92-85-826
Ярослав,Зайцев,yaroslav.zaytsev@student.org,1988,11,9,VFU-77,85.38,38(066)23-13-148
Артем,Поліщук,artem.polishchuk1@student.org,1965,9,13,AKZ-24,88.8,38(068)48-81-304
Артем,Панченко,artem.panchenko2@student.org,2003,3,14,RQG-63,61.51,38(067)70-65-848
Петро,Ковальчук,petro.kovalchuk@student.org,1970,5,16,FQN-67,7.23,38(098)87-24-856
Ірина,Панченко,iryna.panchenko1@student.org,1986,10,12,AAN-69,27.82,38(099)52-62-335
Артем,Мельник,artem.melnyk3@student.org,1965,1,26,EGE-98,55.07,38(068)68-61-481
Остап,Лисенко,ostap.lysenko1@student.org,1997,9,28,EFN-87,93.4,38(068)68-16-498
Олена,Руденко,olena.rudenko@student.org,1975,11,18,RZX-60,23.41,38(067)48-65-553
Роман,Лисенко,roman.lysenko1@student.org,1954,1,11,LNC-34,86.6,38(097)62-19-541
Тетяна,Стельмах,tetyana.stelmakh1@student.org,1954,9,21,UGR-52,27.62,38(067)71-97-575
Світлана,Іваненко,svitlana.ivanenko@student.org,1999,11,6,XES-13,12.9,38(067)36-38-378
Павло,Савченко,pavlo.savchenko1@student.org,1980,6,1,XWO-72,56.61,38(097)42-81-249
Костянтин,Литвин,kostyantyn.lytvyn@student.org,1978,9,1,GNN-28,15.7,38(093)20-25-101
Олеся,Савченко,olesya.savchenko3@student.org,2001,6,26,NJD-67,32.21,38(073)70-26-717
Алла,Кравченко,alla.kravchenko1@student.org,1973,12,25,XAP-70,25.16,38(050)32-35-657
Федір,Стельмах,fedir.stelmakh@student.org,1999,4,14,FWR-21,53.68,38(097)77-44-291
Катерина,Петренко,kateryna.petrenko1@student.org,1963,8,22,OVJ-46,15.79,38(099)38-31-986
Олександр,Савченко,oleksandr.savchenko1@student.org,1981,7,12,WWQ-97,11.6,38(099)63-83-499
Лариса,Цимбал,larysa.tsymbal@student.org,1950,12,12,MEE-93,10.44,38(067)82-24-524
Євгенія,Никоненко,yevheniya.nykonenko@student.org,1980,5,18,AUV-23,46.98,38(063)69-76-915
Вікторія,Кузьменко,viktoriya.kuzmenko@student.org,1972,8,17,VVC-95,31.29,38(097)66-93-758
Володимир,Гончаренко,volodymyr.honcharenko@student.org,1951,10,25,NCG-21,64.17,38(095)79-65-901
Анна,Гордієнко,anna.hordiyenko1@student.org,1971,3,17,UQW-56,36.75,38(066)14-32-796
Петро,Коваленко,petro.kovalenko@student.org,1961,1,15,POZ-58,65.01,38(097)14-79-607
Раїса,Зайцев,rayisa.zaytsev3@student.org,1959,8,10,OZJ-32,48.6,38(050)65-81-559
Олександр,Захарченко,oleksandr.zakharchenko1@student.org,1977,1,24,DMD-27,41.64,38(096)44-64-163
Анна,Гриценко,anna.hrytsenko3@student.org,1993,2,14,BYD-52,36.07,38(073)12-65-953
Євгенія,Гладко,yevheniya.hladko1@student.org,1969,11,16,UNT-85,48.66,38(050)55-44-875
Раїса,Панченко,rayisa.panchenko@student.org,1989,3,17,LKZ-76,7.0,38(098)94-42-676
Тетяна,Павленко,tetyana.pavlenko@student.org,1999,6,16,GKD-58,25.71,38(096)48-58-607
Ірина,Гладко,iryna.hladko@student.org,2009,4,2,ZLN-22,50.75,38(093)17-63-868
Валентина,Литвин,valentyna.lytvyn@student.org,1984,6,17,VZB-82,60.51,38(068)32-98-277
Любов,Омельченко,lyubov.omelchenko1@student.org,1950,5,4,IDW-98,55.86,38(096)81-24-724
Катерина,Лисенко,kateryna.lysenko1@student.org,2010,12,22,ONP-18,93.88,38(095)70-76-447
Володимир,Шаповал,volodymyr.shapoval@student.org,1959,3,7,EBW-43,41.65,38(050)40-99-160
Богдан,Бойко,bohdan.boyko@student.org,2004,8,28,BOW-15,71.66,38(097)37-65-254
Любов,Коваль,lyubov.koval@student.org,1964,12,23,ITI-56,39.55,38(096)26-75-525
Станіслав,Марченко,stanislav.marchenko1@student.org,2007,8,30,KTO-68,36.12,38(098)41-75-114
Ярослав,Марченко,yaroslav.marchenko@student.org,1988,7,3,ZME-55,33.96,38(097)88-19-749
Вікторія,Скрипка,viktoriya.skrypka@student.org,1971,8,14,GII-95,96.0,38(050)88-61-981
Ігор,Новік,ihor.novik3@student.org,1986,12,23,QYH-96,8.95,38(066)38-18-924
Павло,Козлов,pavlo.kozlov1@student.org,1980,10,4,DKM-25,82.87,38(097)13-36-732
Марія,Ткаченко,mariya.tkachenko@student.org,1979,6,1,ZLF-89,96.77,38(073)12-49-567
Павло,Шевченко,pavlo.shevchenko@student.org,1962,11,10,QST-29,33.88,38(050)60-67-248
Любов,Шевчук,lyubov.shevchuk3@student.org,1994,8,16,VJH-55,87.13,38(066)53-81-560
Остап,Ковальчук,ostap.kovalchuk2@student.org,1964,11,11,UUV-28,25.46,38(073)49-91-458
Тетяна,Король,tetyana.korol1@student.org,1962,3,20,RLD-72,78.46,38(098)25-28-147
Людмила,Савченко,lyudmyla.savchenko1@student.org,1969,8,14,PWJ-53,37.53,38(096)90-35-567
Олеся,Гладко,olesya.hladko1@student.org,1999,2,13,AEC-17,33.5,38(063)78-19-317
Наталія,Гончаренко,nataliya.honcharenko@student.org,1971,8,25,XDG-74,58.01,38(063)15-17-651
Світлана,Новік,svitlana.novik@student.org,2009,5,16,VDI-56,55.35,38(097)13-19-742
Сергій,Никоненко,serhiy.nykonenko@student.org,1955,10,18,CSL-69,25.71,38(097)15-90-723
Оксана,Захарченко,oksana.zakharchenko1@student.org,2007,6,5,TWM-33,55.82,38(096)73-53-864
Остап,Бойко,ostap.boyko@student.org,1983,8,26,DLP-60,26.87,38(063)29-51-258
Вера,Марченко,vera.marchenko@student.org,1980,12,11,TME-57,10.57,38(073)46-38-339
Василь,Панченко,vasyl.panchenko1@student.org,1995,7,30,GGK-48,22.89,38(099)70-23-416
Дмитро,Лисенко,dmytro.lysenko@student.org,1950,7,5,RHD-24,72.89,38(063)13-30-772
Богдан,Никоненко,bohdan.nykonenko@student.org,1985,8,23,LQG-43,25.28,38(073)10-77-423
Катерина,Демченко,kateryna.demchenko2@student.org,2005,10,2,HDF-13,63.39,38(099)91-92-938
Ганна,Цимбал,hanna.tsymbal2@student.org,1964,2,18,EVN-66,81.67,38(098)91-56-789
Станіслав,Левченко,stanislav.levchenko@student.org,2006,6,7,KWG-25,71.38,38(093)97-81-115
Олена,Шаповал,olena.shapoval@student.org,1951,6,10,ODW-23,16.41,38(095)21-61-751
Лілія,Панченко,liliya.panchenko2@student.org,1971,6,3,PKN-24,64.94,38(066)59-61-573
Богдан,Бойко,bohdan.boyko1@student.org,1963,2,2,MFD-36,66.4,38(068)77-68-645
Артем,Ткаченко,artem.tkachenko@student.org,1969,1,2,FER-19,89.14,38(050)43-53-282
Любов,Демченко,lyubov.demchenko@student.org,1955,5,24,IXH-86,31.56,38(099)64-14-389
Іван,Кравченко,ivan.kravchenko1@student.org,1973,4,27,AER-27,8.11,38(066)73-85-182
Тетяна,Мельник,tetyana.melnyk1@student.org,2000,11,10,IIH-32,86.98,38(099)73-97-550
Петро,Ковальчук,petro.kovalchuk1@student.org,2010,3,8,AQP-93,97.49,38(098)70-60-302
Вікторія,Король,viktoriya.korol1@student.org,2010,8,30,GHD-61,5.57,38(099)56-36-833
Олена,Шевченко,olena.shevchenko2@student.org,2009,2,24,PGW-71,4.02,38(066)41-76-358
Богдан,Никоненко,bohdan.nykonenko1@student.org,1958,3,12,EAJ-77,40.04,38(073)80-48-143
Володимир,Гайдук,volodymyr.hayduk1@student.org,1989,3,7,BUD-55,50.89,38(068)93-25-823
Світлана,Ковальчук,svitlana.kovalchuk@student.org,1999,6,24,LJP-88,51.17,38(099)16-49-957
Василь,Коваль,vasyl.koval@student.org,1983,3,27,RSM-38,91.89,38(063)84-68-585
Василь,Демченко,vasyl.demchenko1@student.org,1953,11,12,BMX-26,2.91,38(050)60-16-520
Надія,Марченко,nadiya.marchenko@student.org,1961,7,26,HZY-67,38.61,38(068)39-47-554
Анна,Гриценко,anna.hrytsenko4@student.org,1973,11,25,KPI-64,9.19,38(063)60-51-399
Олена,Демченко,olena.demchenko1@student.org,2007,9,2,YPQ-73,4.07,38(099)87-58-943
Вера,Шевченко,vera.shevchenko2@student.org,1979,5,9,KHG-38,70.64,38(093)44-20-277
Артем,Марченко,artem.marchenko1@student.org,1964,12,23,RJV-55,5.39,38(050)96-21-425
Павло,Гладко,pavlo.hladko@student.org,2001,8,22,IJH-38,91.4,38(073)82-74-772
Оксана,Скрипка,oksana.skrypka@student.org,1975,11,4,LGW-60,32.28,38(096)60-73-199
Андрій,Коваленко,andriy.kovalenko2@student.org,2009,2,9,KPH-28,70.1,38(073)93-67-809
Остап,Стельмах,ostap.stelmakh1@student.org,1992,12,22,XZC-42,65.58,38(093)50-68-201
Ігор,Білоус,ihor.bilous@student.org,1959,4,13,RAD-85,82.12,38(073)25-24-749
Надія,Захарченко,nadiya.zakharchenko@student.org,1974,7,4,WXM-72,88.24,38(097)42-92-693
Денис,Рибак,denys.rybak@student.org,1962,8,14,PRU-74,89.98,38(068)32-40-379
Оксана,Шевченко,oksana.shevchenko2@student.org,1986,7,4,QCL-13,95.65,38(098)80-98-256
Роман,Костенко,roman.kostenko2@student.org,1974,1,14,ZYM-17,15.87,38(066)75-69-393
Людмила,Стельмах,lyudmyla.stelmakh@student.org,1982,7,20,VZB-82,17.59,38(073)96-14-441
Лариса,Ковальчук,larysa.kovalchuk@student.org,1965,2,11,UPJ-49,18.55,38(063)74-76-228
Олександр,Шевчук,oleksandr.shevchuk@student.org,1979,7,30,WVG-55,95.85,38(097)73-61-699
Олена,Коваль,olena.koval1@student.org,1979,12,24,JSH-11,51.55,38(096)92-57-711
Любов,Руденко,lyubov.rudenko@student.org,1994,9,18,USV-31,88.81,38(098)34-77-691
Василь,Білоус,vasyl.bilous1@student.org,1989,11,24,RHT-51,99.02,38(073)44-17-608
Богдан,Дорошенко,bohdan.doroshenko@student.org,1965,10,7,VJA-95,44.5,38(073)48-95-660
Іван,Павленко,ivan.pavlenko@student.org,2005,5,13,XCF-76,48.36,38(095)65-63-667
Віктор,Макаренко,viktor.makarenko3@student.org,2001,1,11,VBS-83,2.66,38(098)40-13-943
Любов,Авраменко,lyubov.avramenko@student.org,1994,4,22,DVL-99,67.91,38(063)31-59-987
Віталій,Король,vitaliy.korol@student.org,1996,8,23,OYU-86,19.4,38(066)86-52-263
Павло,Панченко,pavlo.panchenko1@student.org,1979,5,19,PPK-58,79.54,38(050)54-73-173
Галина,Ткаченко,halyna.tkachenko1@student.org,2000,7,27,KIB-26,53.61,38(097)76-86-147
Станіслав,Зайцев,stanislav.zaytsev1@student.org,1987,6,30,HNA-90,91.76,38(095)67-21-194
Богдан,Левченко,bohdan.levchenko1@student.org,1971,9,1,OLK-19,85.42,38(050)55-21-103
Федір,Скрипка,fedir.skrypka1@student.org,1992,9,24,KPI-76,78.84,38(093)72-40-108
Лариса,Левченко,larysa.levchenko@student.org,1992,11,1,GGI-76,4.55,38(095)89-59-784
Ярослав,Литвин,yaroslav.lytvyn1@student.org,1965,5,10,TPG-62,55.77,38(050)76-37-632
Анна,Левченко,anna.levchenko@student.org,1971,11,8,OUB-68,45.34,38(050)86-74-299
Денис,Шевчук,denys.shevchuk1@student.org,1991,6,6,BOO-93,59.8,38(050)26-76-786
Галина,Ткаченко,halyna.tkachenko2@student.org,1950,12,5,RTX-70,2.58,38(068)85-60-731
Євгенія,Гриценко,yevheniya.hrytsenko1@student.org,1976,2,16,FVK-51,80.1,38(098)87-28-848
Станіслав,Макаренко,stanislav.makarenko1@student.org,1971,7,19,CBK-98,60.09,38(095)39-13-568
Вікторія,Король,viktoriya.korol2@student.org,1961,6,17,WLD-29,70.48,38(067)22-85-190
Тетяна,Левченко,tetyana.levchenko@student.org,2002,7,3,HLN-95,48.09,38(068)14-32-818
Людмила,Новік,lyudmyla.novik2@student.org,1993,3,17,RWB-34,92.37,38(067)86-14-637
Олена,Гончаренко,olena.honcharenko@student.org,1953,7,14,QGS-78,30.03,38(063)28-56-225
Роман,Бойко,roman.boyko2@student.org,1992,5,10,OQW-75,84.75,38(097)40-92-892
Раїса,Захарченко,rayisa.zakharchenko@student.org,1989,5,1,MMS-77,25.98,38(097)60-47-279
Денис,Поліщук,denys.polishchuk3@student.org,1984,6,2,PRU-74,61.78,38(050)51-49-741
Олена,Ткаченко,olena.tkachenko@student.org,1970,7,12,TCE-54,60.9,38(068)30-53-220
Лариса,Новік,larysa.novik@student.org,1958,11,4,BPF-99,3.28,38(097)40-81-635
Василь,Панченко,vasyl.panchenko2@student.org,1961,11,6,OKK-10,16.16,38(073)99-27-188
Олеся,Ткаченко,olesya.tkachenko1@student.org,1972,9,1,ZDY-54,41.32,38(099)61-56-674
Костянтин,Ткаченко,kostyantyn.tkachenko2@student.org,1986,2,15,EXP-55,7.01,38(067)24-34-809
Дмитро,Коваленко,dmytro.kovalenko1@student.org,1995,3,24,TJA-39,96.53,38(066)37-78-269
Ігор,Гладко,ihor.hladko1@student.org,1973,10,9,NJS-63,44.74,38(073)60-89-643
Станіслав,Василенко,stanislav.vasylenko2@student.org,1999,11,22,CUP-62,49.33,38(095)93-40-460
Оксана,Іваненко,oksana.ivanenko@student.org,1997,7,30,QRT-14,20.66,38(067)49-55-670
Наталія,Никоненко,nataliya.nykonenko@student.org,1960,7,6,EEZ-95,95.36,38(066)24-12-723
Лариса,Никоненко,larysa.nykonenko1@student.org,1959,2,8,SFL-28,34.02,38(096)47-97-466
Богдан,Ковальчук,bohdan.kovalchuk1@student.org,1971,10,6,THS-70,48.66,38(067)24-25-855
Валентина,Король,valentyna.korol@student.org,1954,4,16,QVO-64,30.24,38(050)73-81-910
Григорій,Гайдук,hryhoriy.hayduk2@student.org,1972,10,22,VKZ-69,73.02,38(050)46-91-736
Оксана,Костенко,oksana.kostenko1@student.org,1951,11,7,VRJ-77,10.86,38(050)27-53-920
Раїса,Коваль,rayisa.koval@student.org,2004,9,6,LOF-96,95.22,38(093)78-55-456
Тарас,Гладко,taras.hladko1@student.org,1973,8,16,XEU-77,77.29,38(095)85-57-140
Юрій,Марченко,yuriy.marchenko@student.org,2009,5,10,HTX-45,18.14,38(093)95-46-595
Олена,Дорошенко,olena.doroshenko2@student.org,2003,12,8,DKO-94,66.98,38(097)76-42-463
Ганна,Василенко,hanna.vasylenko@student.org,1972,12,29,UOK-28,69.05,38(098)17-70-481
Євгенія,Кравченко,yevheniya.kravchenko2@student.org,1982,1,22,RFV-22,59.3,38(073)91-99-176
Федір,Костенко,fedir.kostenko@student.org,1983,3,26,CAA-51,11.96,38(050)97-52-150
Петро,Лисенко,petro.lysenko@student.org,1956,7,24,QLQ-56,33.63,38(093)66-12-104
Віталій,Шевченко,vitaliy.shevchenko1@student.org,1980,10,16,RDJ-77,94.48,38(098)28-45-990
Олена,Гладко,olena.hladko1@student.org,1998,7,27,IQA-60,43.87,38(093)60-39-212
Олена,Дорошенко,olena.doroshenko3@student.org,2001,1,23,TTW-81,68.85,38(098)35-47-365
Тетяна,Шевчук,tetyana.shevchuk@student.org,1986,11,27,UAU-47,7.38,38(067)90-19-230
Раїса,Рибак,rayisa.rybak1@student.org,1972,2,25,EII-42,81.98,38(068)54-43-979
Вера,Новік,vera.novik1@student.org,1951,11,23,EDM-79,74.33,38(066)27-60-341
Оксана,Гончаренко,oksana.honcharenko1@student.org,1971,11,3,AYK-48,71.48,38(093)16-67-615
Вікторія,Василенко,viktoriya.vasylenko1@student.org,1980,10,13,GPA-50,94.97,38(093)34-69-656
Валентина,Захарченко,valentyna.zakharchenko@student.org,1971,8,8,AKQ-58,10.12,38(099)48-18-793
Денис,Павленко,denys.pavlenko@student.org,2008,3,6,IJI-69,37.25,38(068)61-81-567
Сергій,Кузьменко,serhiy.kuzmenko2@student.org,1969,4,6,JJZ-86,77.8,38(068)84-19-402
Михайло,Рибак,mykhaylo.rybak2@student.org,1982,5,14,NPM-28,40.89,38(066)62-63-536
Юрій,Рибак,yuriy.rybak@student.org,1954,4,1,PNA-16,55.72,38(067)22-65-801
Юрій,Левченко,yuriy.levchenko@student.org,1970,8,18,SEV-24,9.79,38(097)36-80-253
Лілія,Лебедь,liliya.lebed2@student.org,1958,9,7,NCB-15,72.57,38(096)74-47-840
Михайло,Лисенко,mykhaylo.lysenko1@student.org,2008,2,19,NVX-90,63.3,38(050)27-67-394
Іван,Стельмах,ivan.stelmakh@student.org,2006,11,13,ATD-76,63.08,38(097)99-84-928
Іван,Руденко,ivan.rudenko1@student.org,1966,10,9,EEZ-95,54.77,38(067)75-11-280
Юлія,Гончаренко,yuliya.honcharenko@student.org,1991,6,1,HMS-89,12.72,38(095)43-60-487
Лілія,Поліщук,liliya.polishchuk1@student.org,2003,7,24,JCU-94,8.42,38(097)85-12-885
Анна,Гончаренко,anna.honcharenko@student.org,2002,8,13,LYL-61,14.82,38(096)33-70-729
Андрій,Ткаченко,andriy.tkachenko@student.org,1950,10,17,OQI-72,18.06,38(097)71-64-924
Юрій,Руденко,yuriy.rudenko2@student.org,1991,12,15,UVR-69,75.0,38(097)93-42-699
Валентина,Авраменко,valentyna.avramenko@student.org,1971,8,29,LSV-57,87.42,38(097)48-76-408
Артем,Коваль,artem.koval3@student.org,1961,8,3,ZRH-24,53.03,38(095)90-70-783
Федір,Стельмах,fedir.stelmakh1@student.org,1963,9,21,UUO-24,23.3,38(068)72-66-287
Валентина,Рибак,valentyna.rybak1@student.org,1972,9,9,IPH-66,52.77,38(097)98-91-573
Іван,Шевченко,ivan.shevchenko@student.org,1978,5,25,FRL-14,47.97,38(050)13-46-702
Ірина,Михайленко,iryna.mykhaylenko2@student.org,2003,6,2,XZL-79,98.7,38(073)51-15-894
Віктор,Дорошенко,viktor.doroshenko1@student.org,1960,1,2,OKG-48,24.43,38(073)61-72-109
Галина,Поліщук,halyna.polishchuk@student.org,1952,9,11,VVX-28,27.85,38(095)33-54-517
Віталій,Панченко,vitaliy.panchenko1@student.org,1989,10,19,NXW-63,94.35,38(063)60-60-427
Богдан,Гайдук,bohdan.hayduk3@student.org,1986,2,3,NCX-34,29.0,38(050)23-99-299
Станіслав,Мельник,stanislav.melnyk@student.org,1960,1,27,TJU-62,32.62,38(068)40-52-933
Галина,Король,halyna.korol@student.org,1969,6,1,IEP-22,20.9,38(097)61-72-886
Катерина,Рибак,kateryna.rybak@student.org,1988,1,23,QKC-73,20.64,38(095)42-87-106
Богдан,Костенко,bohdan.kostenko3@student.org,2006,9,14,BUD-55,48.89,38(068)82-20-157
Іван,Гриценко,ivan.hrytsenko1@student.org,1950,5,22,UFD-99,26.57,38(098)40-63-487
Любов,Новік,lyubov.novik3@student.org,1977,8,3,TJA-39,34.5,38(093)51-17-582
Любов,Костенко,lyubov.kostenko@student.org,1981,3,17,XIJ-37,53.34,38(093)98-22-846
Остап,Демченко,ostap.demchenko1@student.org,1975,3,23,JML-96,87.84,38(050)39-79-317
Володимир,Шевченко,volodymyr.shevchenko1@student.org,1955,7,18,YWM-60,66.26,38(097)53-19-553
Юлія,Гриценко,yuliya.hrytsenko1@student.org,2003,5,10,OFO-14,93.7,38(067)74-18-234
Андрій,Коваль,andriy.koval1@student.org,1980,11,24,OUW-61,34.31,38(098)69-77-137
Василь,Білоус,vasyl.bilous2@student.org,1971,3,12,KGT-17,46.32,38(063)46-21-499
Лариса,Ковальчук,larysa.kovalchuk1@student.org,1998,12,14,QXG-69,3.04,38(099)81-60-744
Богдан,Козлов,bohdan.kozlov@student.org,1984,6,21,ZWL-22,48.87,38(050)84-60-506
Євгенія,Савченко,yevheniya.savchenko@student.org,1999,6,16,PTJ-45,80.29,38(068)38-18-551
Андрій,Білоус,andriy.bilous2@student.org,1991,2,2,XLT-28,3.49,38(068)78-76-750
Раїса,Зайцев,rayisa.zaytsev4@student.org,1976,7,24,FBC-33,19.68,38(050)81-17-276
Денис,Гайдук,denys.hayduk1@student.org,1999,12,23,HNW-85,79.11,38(097)77-63-609
Віталій,Шаповал,vitaliy.shapoval@student.org,1955,7,20,BFQ-81,48.15,38(063)89-24-813
Роман,Коваль,roman.koval5@student.org,1987,3,31,DSA-40,57.46,38(073)48-44-767
Олена,Панченко,olena.panchenko1@student.org,1998,10,13,UZX-22,66.08,38(096)48-58-907
Сергій,Левченко,serhiy.levchenko@student.org,1965,9,18,MJW-41,12.46,38(066)46-32-263
Ярослав,Гриценко,yaroslav.hrytsenko1@student.org,1977,7,29,WIZ-29,52.91,38(050)52-43-869
Лілія,Гриценко,liliya.hrytsenko1@student.org,1992,5,28,NKL-59,69.01,38(098)33-28-984
Григорій,Макаренко,hryhoriy.makarenko@student.org,1965,2,3,NRP-52,18.48,38(096)80-99-900
Іван,Гайдук,ivan.hayduk1@student.org,1961,4,9,ZIZ-17,97.19,38(050)57-65-466
Світлана,Шаповал,svitlana.shapoval@student.org,1976,2,8,WTU-82,79.78,38(099)93-15-285
Михайло,Цимбал,mykhaylo.tsymbal1@student.org,1955,1,18,NOO-51,42.75,38(063)10-72-793
Галина,Коваленко,halyna.kovalenko1@student.org,1972,12,17,LPR-28,73.7,38(066)11-46-656
Юлія,Рибак,yuliya.rybak2@student.org,1999,10,5,UDA-50,69.54,38(050)94-66-898
Олександр,Панченко,oleksandr.panchenko@student.org,1950,6,5,HEJ-69,45.41,38(063)48-98-286
Лілія,Коваль,liliya.koval@student.org,1998,12,10,BXM-85,58.24,38(068)25-50-277
Костянтин,Кравченко,kostyantyn.kravchenko@student.org,1982,10,15,IQT-57,53.55,38(063)87-77-942
Людмила,Іваненко,lyudmyla.ivanenko1@student.org,1994,4,11,ONO-63,15.69,38(097)56-78-576
Валентина,Захарченко,valentyna.zakharchenko1@student.org,1997,1,14,AKF-35,62.94,38(073)51-34-356
Костянтин,Панченко,kostyantyn.panchenko1@student.org,1955,11,22,FFP-58,94.68,38(096)93-35-968
Раїса,Гриценко,rayisa.hrytsenko@student.org,1961,10,6,INT-63,52.02,38(098)92-33-718
Інна,Макаренко,inna.makarenko2@student.org,1987,11,6,AKQ-58,66.42,38(068)80-27-829
Роман,Король,roman.korol2@student.org,1978,4,24,LXH-37,84.85,38(097)59-77-665
Денис,Панченко,denys.panchenko@student.org,2001,6,27,LGL-28,91.98,38(098)73-91-871
Наталія,Кравченко,nataliya.kravchenko@student.org,1960,6,27,TCQ-17,0.85,38(066)79-81-445
Денис,Кузьменко,denys.kuzmenko1@student.org,1985,3,14,XYA-14,51.29,38(099)73-67-718
Дмитро,Іваненко,dmytro.ivanenko@student.org,1975,6,25,UER-90,33.99,38(099)38-16-899
Дмитро,Омельченко,dmytro.omelchenko@student.org,1998,10,2,AER-27,29.67,38(050)47-65-931
Валентина,Бойко,valentyna.boyko3@student.org,1974,12,10,FHC-26,3.78,38(050)58-34-348
Марія,Ковальчук,mariya.kovalchuk1@student.org,1984,7,3,TBF-76,69.0,38(073)51-96-672
Галина,Павленко,halyna.pavlenko2@student.org,2006,6,8,ADY-59,52.3,38(068)28-25-184
Станіслав,Марченко,stanislav.marchenko2@student.org,1991,2,27,VOF-54,29.08,38(095)98-21-403
Денис,Король,denys.korol@student.org,1998,10,1,GSQ-95,18.34,38(097)53-32-944
Раїса,Шевченко,rayisa.shevchenko2@student.org,1997,1,20,MBC-12,82.48,38(073)22-65-493
Володимир,Дорошенко,volodymyr.doroshenko1@student.org,1970,8,6,RVW-54,81.77,38(095)30-86-674
Михайло,Скрипка,mykhaylo.skrypka@student.org,1986,6,17,GWY-95,18.1,38(097)71-69-972
Алла,Кузьменко,alla.kuzmenko1@student.org,1997,1,1,DRS-37,22.18,38(095)54-64-750
Вера,Петренко,vera.petrenko1@student.org,1975,12,29,VST-46,51.57,38(066)16-90-613
Павло,Ткаченко,pavlo.tkachenko3@student.org,1967,1,25,TYM-75,56.34,38(099)10-28-231
Любов,Іваненко,lyubov.ivanenko@student.org,1993,8,13,MDB-13,46.3,38(050)53-77-967
Денис,Литвин,denys.lytvyn1@student.org,2004,9,4,EGQ-67,10.3,38(098)46-37-623
Євгенія,Демченко,yevheniya.demchenko@student.org,2008,8,16,IRZ-38,49.88,38(095)28-67-285
Остап,Стельмах,ostap.stelmakh2@student.org,1960,12,4,TEN-97,67.01,38(096)95-12-733
Остап,Король,ostap.korol1@student.org,2008,4,7,NXW-63,95.06,38(050)34-95-816
Любов,Литвин,lyubov.lytvyn1@student.org,2001,5,20,ZFK-10,55.28,38(095)78-18-393
Анна,Стельмах,anna.stelmakh1@student.org,1950,3,16,IHP-68,4.24,38(073)18-74-303
Юлія,Руденко,yuliya.rudenko2@student.org,2007,1,13,DEB-43,85.32,38(096)43-39-138
Богдан,Руденко,bohdan.rudenko@student.org,1963,9,28,MRE-16,30.81,38(066)70-90-669
Раїса,Скрипка,rayisa.skrypka@student.org,1991,12,1,EPF-74,4.82,38(063)91-33-432
Роман,Стельмах,roman.stelmakh1@student.org,2004,9,15,IRZ-78,29.76,38(066)77-88-988
Ганна,Шевчук,hanna.shevchuk2@student.org,1979,7,7,GZB-82,66.77,38(096)46-58-774
Роман,Шевчук,roman.shevchuk1@student.org,1966,1,22,YUS-96,99.43,38(096)93-65-325
Віталій,Козлов,vitaliy.kozlov2@student.org,1962,11,3,CMA-76,62.68,38(097)53-63-771
Надія,Козлов,nadiya.kozlov1@student.org,1959,12,1,MSB-58,11.05,38(095)21-45-364
Василь,Романенко,vasyl.romanenko@student.org,2008,6,12,CBJ-61,72.17,38(050)89-71-587
Людмила,Павленко,lyudmyla.pavlenko1@student.org,1955,12,26,TBS-62,9.8,38(068)29-75-617
Олександр,Лисенко,oleksandr.lysenko2@student.org,1970,3,21,MYB-15,46.24,38(098)38-19-493
Євгенія,Гриценко,yevheniya.hrytsenko2@student.org,1984,11,13,UMH-63,47.92,38(098)13-50-155
Наталія,Дорошенко,nataliya.doroshenko@student.org,1998,12,18,YOW-45,59.71,38(063)32-20-236
Олександр,Ткаченко,oleksandr.tkachenko@student.org,2009,5,4,UKU-27,18.24,38(099)38-56-344
Костянтин,Костенко,kostyantyn.kostenko@student.org,1994,3,28,DCZ-35,62.66,38(050)89-22-355
Павло,Павленко,pavlo.pavlenko@student.org,2009,11,22,LXT-33,33.54,38(063)97-49-199
Тарас,Гриценко,taras.hrytsenko@student.org,1986,12,1,VJV-26,74.03,38(093)75-47-314
Євгенія,Цимбал,yevheniya.tsymbal1@student.org,1990,7,1,LSV-57,83.38,38(095)60-25-150
Надія,Петренко,nadiya.petrenko2@student.org,1995,6,25,KKW-99,10.32,38(099)42-61-808
Артем,Лисенко,artem.lysenko1@student.org,1973,12,10,VEU-61,62.03,38(067)40-29-105
Тетяна,Іваненко,tetyana.ivanenko1@student.org,1996,10,18,OJN-28,82.11,38(073)14-54-953
Дмитро,Лебедь,dmytro.lebed@student.org,1956,12,21,EGU-25,71.52,38(050)90-31-515
Катерина,Скрипка,kateryna.skrypka@student.org,1967,7,5,TOL-68,61.45,38(093)31-72-476
Раїса,Коваленко,rayisa.kovalenko@student.org,1966,4,7,PGA-94,41.69,38(096)66-44-701
Віктор,Литвин,viktor.lytvyn2@student.org,1955,12,21,VTD-10,72.27,38(067)65-79-686
Станіслав,Гриценко,stanislav.hrytsenko2@student.org,1974,7,3,IGC-79,5.47,38(063)65-16-460
Євгенія,Авраменко,yevheniya.avramenko@student.org,1995,9,11,VOY-11,22.91,38(099)56-26-883
Марія,Марченко,mariya.marchenko1@student.org,2010,9,24,IBL-92,16.01,38(050)37-16-835
Іван,Гладко,ivan.hladko@student.org,1987,7,24,SGE-81,68.03,38(068)76-73-942
Богдан,Гриценко,bohdan.hrytsenko@student.org,1972,5,29,EHK-17,88.13,38(073)80-84-248
Лілія,Петренко,liliya.petrenko@student.org,1954,10,8,CNH-77,45.52,38(099)26-13-224
Ігор,Дорошенко,ihor.doroshenko2@student.org,1986,2,17,DYJ-66,92.72,38(098)83-45-274
Ганна,Омельченко,hanna.omelchenko1@student.org,1999,12,28,FUF-83,33.08,38(068)97-78-885
Петро,Захарченко,petro.zakharchenko@student.org,2003,9,23,KHF-11,3.24,38(096)10-63-293
Ігор,Іваненко,ihor.ivanenko@student.org,1982,10,27,GBU-57,38.8,38(050)18-62-192
Юрій,Авраменко,yuriy.avramenko4@student.org,1987,8,4,ITD-13,85.27,38(098)62-92-984
Денис,Цимбал,denys.tsymbal1@student.org,1960,2,21,MKY-59,82.86,38(050)80-93-858
Ігор,Никоненко,ihor.nykonenko@student.org,1997,12,4,QGM-51,61.7,38(097)94-22-643
Оксана,Цимбал,oksana.tsymbal@student.org,1976,9,6,LDP-84,59.11,38(068)44-40-137
Лариса,Гриценко,larysa.hrytsenko1@student.org,1950,2,26,VNK-18,92.34,38(095)93-89-434
Віктор,Левченко,viktor.levchenko1@student.org,1950,1,5,OXZ-98,71.79,38(096)50-69-981
Алла,Павленко,alla.pavlenko1@student.org,1989,4,3,FWE-67,6.88,38(096)73-33-320
Григорій,Ткаченко,hryhoriy.tkachenko@student.org,1964,12,23,YQU-70,46.19,38(096)71-74-889
Дмитро,Никоненко,dmytro.nykonenko1@student.org,1977,12,13,ZNU-80,87.99,38(093)63-54-556
Людмила,Дорошенко,lyudmyla.doroshenko2@student.org,1992,10,22,NEE-22,32.96,38(095)93-49-983
Вікторія,Никоненко,viktoriya.nykonenko@student.org,1980,1,24,SDV-49,85.78,38(096)82-36-260
Максим,Романенко,maksym.romanenko@student.org,1988,8,11,IYC-80,15.86,38(066)93-35-613
Анна,Коваль,anna.koval@student.org,1985,7,26,ZYY-37,66.04,38(096)32-17-412
Ганна,Іваненко,hanna.ivanenko3@student.org,1951,1,31,FNX-39,89.43,38(067)84-29-454
Роман,Руденко,roman.rudenko3@student.org,2000,2,26,ADY-59,82.97,38(067)82-47-183
Лариса,Бойко,larysa.boyko@student.org,1969,8,7,JBT-34,81.16,38(098)31-89-312
Юлія,Литвин,yuliya.lytvyn4@student.org,1976,9,19,ZKP-56,88.75,38(063)63-67-316
Артем,Коваль,artem.koval4@student.org,1953,6,26,RDF-13,85.03,38(098)46-21-500
Євгенія,Авраменко,yevheniya.avramenko1@student.org,1950,2,17,PAK-57,34.06,38(050)90-97-355
Світлана,Лисенко,svitlana.lysenko1@student.org,1967,7,15,TXK-54,87.66,38(063)45-69-142
Людмила,Ковальчук,lyudmyla.kovalchuk@student.org,1978,6,26,UGJ-20,39.75,38(068)22-98-526
Станіслав,Новік,stanislav.novik@student.org,1951,1,3,QPD-81,97.54,38(099)19-71-728
Раїса,Стельмах,rayisa.stelmakh2@student.org,1972,8,6,BMX-26,62.02,38(073)38-18-798
Федір,Авраменко,fedir.avramenko1@student.org,2007,3,23,RCU-48,62.32,38(099)82-96-970
Ганна,Козлов,hanna.kozlov@student.org,1965,10,31,QVY-76,55.78,38(063)98-80-849
Наталія,Авраменко,nataliya.avramenko@student.org,1970,5,6,ILE-86,38.79,38(099)26-43-802
Алла,Лебедь,alla.lebed1@student.org,1957,8,21,KZC-19,80.41,38(067)87-62-361
Раїса,Стельмах,rayisa.stelmakh3@student.org,2003,9,24,RPZ-15,34.02,38(050)33-83-281
Ігор,Лисенко,ihor.lysenko@student.org,1998,11,23,TKF-83,95.4,38(096)84-95-251
Костянтин,Мельник,kostyantyn.melnyk1@student.org,2004,10,16,QSB-61,60.74,38(063)72-85-596
Катерина,Демченко,kateryna.demchenko3@student.org,1957,11,3,VVZ-36,69.37,38(050)95-54-844
Валентина,Петренко,valentyna.petrenko@student.org,1978,1,11,IDC-38,14.41,38(050)59-25-882
Іван,Шаповал,ivan.shapoval1@student.org,1971,9,20,QPP-31,53.68,38(063)83-69-539
Лілія,Никоненко,liliya.nykonenko1@student.org,1956,2,7,LJE-36,84.94,38(068)70-99-323
Олеся,Омельченко,olesya.omelchenko@student.org,1953,8,20,YYJ-89,74.01,38(097)90-86-973
Денис,Поліщук,denys.polishchuk4@student.org,2002,8,9,MMW-60,21.07,38(068)19-63-308
Ганна,Омельченко,hanna.omelchenko2@student.org,1991,10,14,AEI-61,14.5,38(096)18-63-878
Остап,Михайленко,ostap.mykhaylenko@student.org,1980,12,28,KZF-99,38.97,38(099)21-93-496
Людмила,Бойко,lyudmyla.boyko1@student.org,2004,12,22,YZZ-53,54.98,38(073)51-68-702
Олеся,Петренко,olesya.petrenko1@student.org,1958,7,29,LFU-35,11.8,38(099)20-65-545
Раїса,Поліщук,rayisa.polishchuk2@student.org,1972,2,20,XXU-15,65.37,38(095)48-68-119
Петро,Павленко,petro.pavlenko1@student.org,1958,12,7,WLZ-62,28.28,38(068)42-67-177
Світлана,Бойко,svitlana.boyko@student.org,2000,3,7,MVR-17,98.91,38(067)94-94-596
Роман,Омельченко,roman.omelchenko1@student.org,1959,11,15,VLK-27,17.85,38(098)20-12-156
Анна,Коваленко,anna.kovalenko@student.org,2007,11,1,BHQ-37,57.97,38(050)51-90-387
Василь,Лебедь,vasyl.lebed2@student.org,1982,9,29,NQC-66,14.05,38(063)90-17-103
Лариса,Зайцев,larysa.zaytsev1@student.org,1973,8,20,HBX-33,79.12,38(097)67-43-302
Ганна,Михайленко,hanna.mykhaylenko1@student.org,1977,8,6,KVM-65,58.07,38(050)72-62-507
Артем,Демченко,artem.demchenko1@student.org,1992,4,7,UPB-76,54.24,38(095)23-38-745
Сергій,Панченко,serhiy.panchenko1@student.org,1979,7,22,AUV-23,50.03,38(098)98-33-155
Катерина,Савченко,kateryna.savchenko@student.org,2002,8,3,LDV-82,53.29,38(096)40-18-660
Галина,Гордієнко,halyna.hordiyenko@student.org,1953,5,10,MVJ-24,22.19,38(099)63-35-684
Василь,Гладко,vasyl.hladko@student.org,1960,3,10,YEV-32,67.74,38(097)67-48-131
Оксана,Ткаченко,oksana.tkachenko1@student.org,1988,5,7,KGO-40,67.48,38(068)72-62-692
Інна,Гончаренко,inna.honcharenko@student.org,1989,1,5,ACY-97,23.65,38(099)92-36-249
Наталія,Гордієнко,nataliya.hordiyenko1@student.org,1968,10,16,JHG-33,84.7,38(073)95-82-626
Олександр,Никоненко,oleksandr.nykonenko1@student.org,1989,10,3,XDZ-65,49.07,38(066)42-39-273
Ірина,Ткаченко,iryna.tkachenko1@student.org,1967,3,29,UCG-83,36.02,38(050)84-14-490
Віталій,Гончаренко,vitaliy.honcharenko@student.org,1962,6,2,JZN-53,65.64,38(073)19-18-730
Максим,Гладко,maksym.hladko@student.org,1991,9,2,SZD-97,51.02,38(063)21-74-846
Любов,Омельченко,lyubov.omelchenko2@student.org,1953,1,8,GBQ-85,50.92,38(066)61-19-731
Євгенія,Гладко,yevheniya.hladko2@student.org,1962,11,23,XGK-58,36.57,38(063)68-17-382
Роман,Левченко,roman.levchenko2@student.org,1952,11,4,JAC-63,60.2,38(068)77-81-206
Тарас,Дорошенко,taras.doroshenko2@student.org,1989,10,23,VVX-29,68.24,38(095)83-88-374
Лариса,Дорошенко,larysa.doroshenko@student.org,1971,4,21,CQV-82,77.04,38(068)49-68-588
Ганна,Марченко,hanna.marchenko@student.org,1987,9,17,RGG-24,28.44,38(050)28-84-335
Андрій,Савченко,andriy.savchenko1@student.org,1987,9,16,TLX-93,66.56,38(068)89-73-603
Василь,Поліщук,vasyl.polishchuk1@student.org,1968,1,18,ANQ-23,25.9,38(073)99-84-599
Тарас,Коваленко,taras.kovalenko1@student.org,1966,8,30,DFR-40,68.5,38(096)17-92-652
Станіслав,Зайцев,stanislav.zaytsev2@student.org,2004,11,20,RMJ-25,11.83,38(066)50-95-289
Юлія,Лисенко,yuliya.lysenko1@student.org,2001,3,1,SBT-22,82.58,38(099)57-81-139
Остап,Коваль,ostap.koval1@student.org,1953,11,23,YYI-14,45.7,38(073)36-49-626
Віталій,Білоус,vitaliy.bilous1@student.org,2001,6,18,CJO-89,83.37,38(096)93-23-734
Денис,Бойко,denys.boyko1@student.org,2006,7,14,PKC-90,83.27,38(095)34-70-129
Лариса,Шаповал,larysa.shapoval3@student.org,1973,6,20,AIK-11,15.25,38(068)15-71-831
Наталія,Бойко,nataliya.boyko1@student.org,1984,6,4,UTB-40,34.73,38(098)82-89-355
Валентина,Марченко,valentyna.marchenko2@student.org,1992,1,30,FCC-48,54.1,38(068)16-59-192
Роман,Поліщук,roman.polishchuk2@student.org,1995,9,24,MCJ-35,7.5,38(066)81-35-596
Роман,Ткаченко,roman.tkachenko1@student.org,2009,5,22,ADY-59,17.2,38(066)73-57-460
Артем,Кузьменко,artem.kuzmenko2@student.org,1978,2,24,DGG-72,52.53,38(067)14-48-630
Роман,Макаренко,roman.makarenko4@student.org,1956,7,17,GOT-74,24.43,38(050)29-66-136
Надія,Панченко,nadiya.panchenko2@student.org,2000,9,20,FAA-25,87.71,38(073)45-17-711
Світлана,Гордієнко,svitlana.hordiyenko2@student.org,1976,11,11,QVO-64,53.83,38(098)45-90-560
Алла,Бойко,alla.boyko2@student.org,1957,4,5,STE-30,32.28,38(066)36-83-684
Богдан,Іваненко,bohdan.ivanenko1@student.org,2001,4,5,RHE-83,38.9,38(067)60-58-604
Григорій,Зайцев,hryhoriy.zaytsev@student.org,2000,8,14,LCF-17,18.75,38(098)54-62-424
Григорій,Михайленко,hryhoriy.mykhaylenko@student.org,1964,8,9,WWU-13,36.17,38(097)76-18-794
Ірина,Литвин,iryna.lytvyn1@student.org,1986,9,29,AKZ-49,66.78,38(095)76-21-814
Тарас,Ковальчук,taras.kovalchuk2@student.org,1960,11,4,RHB-17,40.44,38(095)74-72-833
Оксана,Ткаченко,oksana.tkachenko2@student.org,2007,7,10,SLR-72,29.37,38(096)73-55-838
Сергій,Коваль,serhiy.koval@student.org,1986,2,3,NRV-65,38.99,38(068)19-70-687
Оксана,Авраменко,oksana.avramenko2@student.org,1998,3,31,FLM-71,56.35,38(068)43-74-146
Андрій,Шевченко,andriy.shevchenko@student.org,1960,4,20,AMP-36,82.56,38(096)61-98-276
Олександр,Мельник,oleksandr.melnyk3@student.org,1991,8,8,EVP-84,36.83,38(063)95-19-428
Сергій,Кузьменко,serhiy.kuzmenko3@student.org,1990,12,5,FQN-67,77.85,38(096)27-59-367
Олена,Скрипка,olena.skrypka@student.org,1999,4,1,ZWL-22,23.44,38(063)50-59-750
Анна,Павленко,anna.pavlenko1@student.org,1992,5,5,JNH-33,75.91,38(073)20-33-631
Галина,Лисенко,halyna.lysenko@student.org,1961,1,16,MSA-83,60.6,38(067)22-80-793
Ігор,Скрипка,ihor.skrypka1@student.org,1991,2,15,TBA-46,57.93,38(050)94-45-768
Станіслав,Рибак,stanislav.rybak1@student.org,1979,5,11,YSB-53,16.32,38(096)29-76-968
Максим,Гриценко,maksym.hrytsenko2@student.org,1997,6,9,EDF-72,79.23,38(093)84-63-779
Володимир,Гриценко,volodymyr.hrytsenko1@student.org,1998,6,11,CKI-57,50.45,38(050)55-59-623
Сергій,Лисенко,serhiy.lysenko1@student.org,1959,1,2,XUO-36,77.72,38(063)71-20-785
Марія,Ткаченко,mariya.tkachenko1@student.org,1997,9,1,EDX-14,41.3,38(099)31-57-882
Андрій,Гайдук,andriy.hayduk1@student.org,1951,7,21,GKV-72,63.2,38(093)46-19-870
Михайло,Кузьменко,mykhaylo.kuzmenko1@student.org,2010,10,7,ZQZ-30,88.52,38(098)25-60-541
Віктор,Коваленко,viktor.kovalenko@student.org,1969,11,25,GMO-56,45.91,38(099)50-15-185
Євгенія,Шаповал,yevheniya.shapoval@student.org,1973,10,31,FXO-87,86.33,38(066)54-88-784
Роман,Марченко,roman.marchenko1@student.org,1979,12,10,WAM-82,34.21,38(067)44-29-716
Ірина,Поліщук,iryna.polishchuk@student.org,1983,1,18,ZDB-32,43.64,38(096)26-78-503
Анна,Король,anna.korol1@student.org,1956,8,27,ISM-22,1.46,38(068)58-79-199
Лілія,Демченко,liliya.demchenko2@student.org,1953,2,21,FXL-53,86.23,38(093)62-69-994
Людмила,Захарченко,lyudmyla.zakharchenko@student.org,1974,1,11,MFZ-53,79.8,38(068)38-83-653
Раїса,Левченко,rayisa.levchenko1@student.org,1991,3,21,UKH-88,59.87,38(097)48-13-479
Юлія,Василенко,yuliya.vasylenko2@student.org,1976,6,24,BXM-85,38.74,38(073)71-56-968
Ігор,Романенко,ihor.romanenko1@student.org,1979,1,3,FCE-23,26.74,38(093)81-96-874
Ігор,Козлов,ihor.kozlov@student.org,2007,7,14,OWF-50,32.43,38(068)61-20-434
Андрій,Шаповал,andriy.shapoval1@student.org,2002,8,5,AEC-17,40.25,38(068)81-74-433
Наталія,Павленко,nataliya.pavlenko@student.org,1972,10,9,VEZ-94,25.1,38(095)56-85-786
Лілія,Шевченко,liliya.shevchenko@student.org,1955,7,10,TAQ-70,78.69,38(098)27-69-541
Вера,Никоненко,vera.nykonenko3@student.org,1953,10,17,ULO-15,13.8,38(098)44-56-519
Роман,Ткаченко,roman.tkachenko2@student.org,1994,12,25,KFS-31,21.81,38(067)12-94-388
Тарас,Гладко,taras.hladko2@student.org,2006,6,25,RAO-18,50.31,38(097)81-56-365
Григорій,Скрипка,hryhoriy.skrypka1@student.org,1993,1,21,RVS-74,19.46,38(063)72-44-397
Оксана,Павленко,oksana.pavlenko@student.org,1997,10,21,ETC-80,77.58,38(068)57-66-573
Лілія,Шаповал,liliya.shapoval1@student.org,1986,8,7,ZEM-70,33.88,38(067)63-50-363
Вера,Руденко,vera.rudenko@student.org,1972,4,10,QJZ-38,50.17,38(098)53-49-441
Марія,Павленко,mariya.pavlenko1@student.org,1979,4,17,ABY-41,26.42,38(050)63-68-871
Федір,Поліщук,fedir.polishchuk@student.org,1986,10,10,LED-33,83.5,38(066)70-25-896
Віктор,Гончаренко,viktor.honcharenko@student.org,1985,1,25,KGN-46,61.23,38(068)40-77-378
Інна,Ковальчук,inna.kovalchuk@student.org,1950,8,16,NKJ-58,69.31,38(068)76-45-333
Катерина,Ковальчук,kateryna.kovalchuk@student.org,1956,11,25,FDU-92,26.85,38(097)43-70-840
Роман,Авраменко,roman.avramenko3@student.org,1981,2,19,XCF-76,19.79,38(096)72-95-199
Сергій,Захарченко,serhiy.zakharchenko2@student.org,1962,11,20,UKR-89,1.69,38(099)16-27-752
Олена,Шевчук,olena.shevchuk1@student.org,2006,3,23,IXL-95,11.14,38(097)31-36-138
Дмитро,Ткаченко,dmytro.tkachenko1@student.org,1995,9,30,GZN-51,24.97,38(095)83-63-339
Юрій,Никоненко,yuriy.nykonenko@student.org,1957,2,23,EFY-17,71.89,38(050)58-25-738
Петро,Гладко,petro.hladko@student.org,1955,1,1,TOC-81,4.62,38(050)60-22-182
Олена,Кузьменко,olena.kuzmenko2@student.org,2002,2,7,VQU-12,93.55,38(073)95-83-115
Андрій,Омельченко,andriy.omelchenko@student.org,1985,3,5,VNK-18,36.13,38(096)43-91-282
Юлія,Білоус,yuliya.bilous@student.org,1968,10,15,BTM-61,96.72,38(097)32-62-839
Любов,Павленко,lyubov.pavlenko@student.org,2000,6,8,PHW-53,96.54,38(097)56-19-865
Любов,Дорошенко,lyubov.doroshenko1@student.org,1981,8,13,YZE-36,69.95,38(067)85-41-430
Олександр,Рибак,oleksandr.rybak@student.org,1988,4,19,VUD-65,34.98,38(050)69-24-455
Олена,Гончаренко,olena.honcharenko1@student.org,1950,11,22,ZNN-96,86.97,38(066)38-31-967
Євгенія,Захарченко,yevheniya.zakharchenko@student.org,1972,5,17,GOA-66,45.43,38(098)41-58-798
Віталій,Лисенко,vitaliy.lysenko2@student.org,1957,6,13,ZCV-16,16.82,38(099)68-31-740
Ірина,Лисенко,iryna.lysenko1@student.org,1974,6,16,EDO-48,88.81,38(099)21-99-864
Надія,Шевченко,nadiya.shevchenko1@student.org,1955,11,11,VHQ-92,87.17,38(093)62-31-595
Іван,Михайленко,ivan.mykhaylenko@student.org,1982,6,30,TOO-39,63.4,38(098)97-13-276
Тарас,Костенко,taras.kostenko1@student.org,1998,9,1,CYR-32,89.48,38(098)70-57-332
Тарас,Стельмах,taras.stelmakh@student.org,2000,5,3,KPN-18,77.44,38(063)32-63-753
Роман,Литвин,roman.lytvyn2@student.org,2008,8,17,TYD-92,7.21,38(068)49-54-308
Віктор,Левченко,viktor.levchenko2@student.org,1984,3,5,QMR-88,9.76,38(095)90-59-242
Василь,Бойко,vasyl.boyko1@student.org,1996,6,16,DON-86,91.33,38(067)98-68-903
Григорій,Бойко,hryhoriy.boyko@student.org,1953,1,3,TSG-56,53.11,38(050)77-10-181
Денис,Коваленко,denys.kovalenko@student.org,2010,4,25,CWL-86,91.71,38(098)10-78-888
Марія,Іваненко,mariya.ivanenko2@student.org,1951,6,26,VDI-56,92.63,38(093)55-21-503
Михайло,Шевчук,mykhaylo.shevchuk3@student.org,1983,4,11,CLX-14,26.35,38(093)16-71-828
Іван,Мельник,ivan.melnyk2@student.org,1969,5,9,FXK-50,38.19,38(050)88-92-119
Максим,Новік,maksym.novik@student.org,1990,10,27,GCU-67,75.04,38(068)93-18-783
Ганна,Зайцев,hanna.zaytsev1@student.org,2005,2,13,YDX-28,49.63,38(066)98-13-723
Вікторія,Шевчук,viktoriya.shevchuk@student.org,1960,10,1,VJV-26,75.99,38(095)44-20-586
Сергій,Новік,serhiy.novik2@student.org,1987,1,12,HRF-71,20.7,38(063)76-65-635
Василь,Гордієнко,vasyl.hordiyenko1@student.org,1951,6,23,LCF-17,16.29,38(098)39-45-384
Артем,Петренко,artem.petrenko2@student.org,1982,2,28,LDV-82,64.96,38(095)89-83-639
Дмитро,Василенко,dmytro.vasylenko@student.org,1952,4,19,BHH-22,63.54,38(050)56-20-849
Анна,Омельченко,anna.omelchenko@student.org,1967,8,12,MLM-23,9.61,38(099)64-86-437
Остап,Омельченко,ostap.omelchenko@student.org,2001,12,21,EEV-38,71.9,38(073)60-15-625
Павло,Король,pavlo.korol@student.org,1976,10,22,GHH-18,71.13,38(097)39-96-797
Раїса,Дорошенко,rayisa.doroshenko@student.org,1966,10,14,VNB-47,86.84,38(095)63-45-687
Максим,Ткаченко,maksym.tkachenko1@student.org,1951,11,24,DVO-33,99.8,38(097)50-81-808
Віталій,Мельник,vitaliy.melnyk@student.org,1959,10,3,CLV-69,16.39,38(096)95-56-924
Ганна,Новік,hanna.novik2@student.org,1966,7,4,FCC-48,88.09,38(097)63-53-784
Галина,Михайленко,halyna.mykhaylenko1@student.org,2008,8,8,EUU-86,50.83,38(097)29-76-865
Любов,Дорошенко,lyubov.doroshenko2@student.org,1965,6,26,KYL-52,31.9,38(098)84-23-167
Станіслав,Зайцев,stanislav.zaytsev3@student.org,1989,7,30,SCK-11,54.95,38(098)46-25-682
Михайло,Гриценко,mykhaylo.hrytsenko@student.org,1950,6,12,SZU-42,63.51,38(050)43-19-419
Костянтин,Цимбал,kostyantyn.tsymbal@student.org,1956,3,22,UAP-67,5.73,38(097)41-56-940
Алла,Бойко,alla.boyko3@student.org,1987,2,11,QYE-60,53.81,38(093)43-80-368
Наталія,Гладко,nataliya.hladko1@student.org,1952,9,29,SZQ-62,74.95,38(096)81-71-968
Артем,Дорошенко,artem.doroshenko1@student.org,1975,7,31,LHR-48,64.85,38(096)73-89-879
Григорій,Панченко,hryhoriy.panchenko@student.org,1985,1,13,KNA-88,14.77,38(066)84-46-326
Алла,Марченко,alla.marchenko@student.org,1977,12,9,KNQ-41,53.77,38(097)28-66-184
Олександр,Шевченко,oleksandr.shevchenko@student.org,1953,10,19,FER-19,79.42,38(063)17-63-319
Ганна,Петренко,hanna.petrenko@student.org,1955,1,26,CHY-96,26.61,38(098)28-54-643
Остап,Кравченко,ostap.kravchenko@student.org,1997,2,16,YGT-43,29.84,38(096)10-32-275
Ганна,Білоус,hanna.bilous@student.org,1995,10,2,GQB-11,55.45,38(098)13-77-158
Костянтин,Лебедь,kostyantyn.lebed@student.org,2000,4,28,RTU-72,12.55,38(068)19-79-360
Валентина,Гладко,valentyna.hladko@student.org,1964,9,7,AKG-41,68.16,38(073)50-70-102
Віктор,Михайленко,viktor.mykhaylenko2@student.org,1995,4,8,CXX-97,13.04,38(095)95-18-449
Федір,Василенко,fedir.vasylenko3@student.org,1995,1,13,PQA-42,35.81,38(098)32-83-559
Іван,Скрипка,ivan.skrypka1@student.org,1964,8,6,ZYZ-10,33.69,38(098)18-31-310
Остап,Лебедь,ostap.lebed1@student.org,1998,1,8,IDG-60,8.81,38(050)48-56-914
Андрій,Бойко,andriy.boyko1@student.org,1998,11,2,KDH-53,48.05,38(068)71-23-710
Ярослав,Кузьменко,yaroslav.kuzmenko1@student.org,1959,1,19,XMQ-18,72.63,38(073)20-65-102
Костянтин,Лисенко,kostyantyn.lysenko1@student.org,1977,7,27,LLN-57,35.38,38(066)94-79-882
Остап,Рибак,ostap.rybak2@student.org,2002,5,31,IDM-46,25.61,38(066)23-19-606
Ігор,Панченко,ihor.panchenko@student.org,1994,6,4,HYV-78,4.3,38(093)84-84-102
Григорій,Панченко,hryhoriy.panchenko1@student.org,1976,2,26,AVF-23,79.35,38(096)16-45-517
Юрій,Бойко,yuriy.boyko1@student.org,1952,2,25,WXW-16,80.97,38(096)34-35-318
Євгенія,Бойко,yevheniya.boyko1@student.org,1973,11,14,GFI-92,39.02,38(063)36-72-819
Ірина,Дорошенко,iryna.doroshenko@student.org,1958,9,5,VPO-98,37.43,38(068)71-39-982
Олена,Гриценко,olena.hrytsenko@student.org,1987,10,8,SMV-92,15.88,38(096)43-42-263
Вера,Захарченко,vera.zakharchenko@student.org,1990,12,1,AQC-61,92.38,38(050)99-65-786
Олена,Савченко,olena.savchenko@student.org,1971,4,12,DNN-30,35.33,38(098)40-86-962
Марія,Авраменко,mariya.avramenko@student.org,1957,5,7,BRW-62,36.68,38(066)48-74-399
Олена,Романенко,olena.romanenko@student.org,1980,5,19,HHC-96,82.54,38(073)92-21-878
Олеся,Левченко,olesya.levchenko3@student.org,1983,5,23,LXX-97,85.27,38(066)44-14-997
Костянтин,Захарченко,kostyantyn.zakharchenko@student.org,1991,12,20,PDS-94,68.07,38(068)33-89-515
Костянтин,Іваненко,kostyantyn.ivanenko1@student.org,1983,6,25,GOA-66,4.0,38(098)61-85-789
Любов,Гладко,lyubov.hladko1@student.org,1957,11,18,ZYY-37,3.93,38(063)82-44-889
Богдан,Гриценко,bohdan.hrytsenko1@student.org,1992,11,11,ORK-53,8.57,38(068)29-33-729
Олеся,Бойко,olesya.boyko1@student.org,2005,5,9,RZJ-12,90.47,38(050)55-26-621
Тетяна,Романенко,tetyana.romanenko@student.org,1982,6,12,USX-62,86.58,38(098)30-74-811
Світлана,Макаренко,svitlana.makarenko@student.org,2008,10,31,TLX-93,19.62,38(068)67-63-708
Сергій,Бойко,serhiy.boyko@student.org,1975,7,1,HUM-25,95.3,38(073)68-56-110
Анна,Демченко,anna.demchenko1@student.org,1968,3,4,DKW-52,90.29,38(095)34-89-392
Остап,Коваль,ostap.koval2@student.org,2004,5,3,QYI-73,85.64,38(067)41-11-871
Олександр,Литвин,oleksandr.lytvyn1@student.org,1950,5,29,BSR-18,88.73,38(050)89-53-400
Юрій,Стельмах,yuriy.stelmakh1@student.org,1958,4,15,LOC-45,94.84,38(096)77-79-207
Артем,Левченко,artem.levchenko@student.org,1990,5,24,OAF-38,88.32,38(063)24-40-604
Сергій,Захарченко,serhiy.zakharchenko3@student.org,1986,8,17,BMM-15,59.18,38(093)37-98-811
Іван,Гриценко,ivan.hrytsenko2@student.org,1964,12,4,UBB-90,41.42,38(097)65-51-794
Ігор,Авраменко,ihor.avramenko@student.org,1977,12,9,RBH-55,30.67,38(066)48-33-600
Володимир,Кузьменко,volodymyr.kuzmenko3@student.org,1994,6,10,RJR-78,62.72,38(073)40-66-684
Алла,Шевченко,alla.shevchenko@student.org,2006,1,28,WEL-33,74.19,38(063)26-40-608
Анна,Лебедь,anna.lebed2@student.org,2006,2,5,OBJ-94,83.22,38(097)52-87-491
Остап,Гладко,ostap.hladko@student.org,1955,11,28,KPO-88,67.22,38(073)86-56-914
Григорій,Никоненко,hryhoriy.nykonenko@student.org,1952,6,12,ZEV-93,4.16,38(095)27-15-254
Євгенія,Костенко,yevheniya.kostenko1@student.org,2001,4,11,GFE-15,72.97,38(063)47-52-540
Людмила,Зайцев,lyudmyla.zaytsev1@student.org,1971,11,8,FXO-87,53.45,38(068)34-53-688
Павло,Савченко,pavlo.savchenko2@student.org,1955,12,30,EPC-10,62.04,38(050)48-41-119
Ігор,Литвин,ihor.lytvyn@student.org,1954,3,17,ZKY-88,55.28,38(096)99-57-219
Юлія,Савченко,yuliya.savchenko1@student.org,1989,10,23,VXJ-26,81.07,38(095)57-52-687
Роман,Гриценко,roman.hrytsenko1@student.org,1966,9,9,RIL-32,71.06,38(063)35-73-642
Олеся,Левченко,olesya.levchenko4@student.org,1974,1,19,WMR-86,87.85,38(063)49-48-876
Анна,Шевченко,anna.shevchenko2@student.org,1960,5,29,IGX-29,95.23,38(095)67-90-837
Катерина,Стельмах,kateryna.stelmakh@student.org,1951,6,26,JUR-49,98.19,38(068)10-70-159
Ганна,Романенко,hanna.romanenko@student.org,1962,6,21,AYK-48,63.43,38(073)68-54-373
Сергій,Гайдук,serhiy.hayduk1@student.org,1954,1,21,UQW-56,76.32,38(097)25-55-302
Віталій,Демченко,vitaliy.demchenko1@student.org,1975,12,3,LZZ-98,79.2,38(095)30-81-525
Любов,Стельмах,lyubov.stelmakh@student.org,1992,8,22,VBF-61,78.22,38(063)63-69-665
Остап,Лисенко,ostap.lysenko2@student.org,1977,5,22,CYW-13,8.17,38(098)88-79-103
Костянтин,Левченко,kostyantyn.levchenko1@student.org,1997,7,13,SVB-30,52.8,38(073)51-63-254
Валентина,Зайцев,valentyna.zaytsev1@student.org,1953,6,11,EZL-53,36.64,38(095)15-84-645
Богдан,Никоненко,bohdan.nykonenko2@student.org,1999,12,26,TBR-14,26.14,38(097)43-46-829
Олеся,Захарченко,olesya.zakharchenko2@student.org,1955,9,29,ARH-17,89.71,38(067)24-60-319
Віталій,Король,vitaliy.korol1@student.org,1999,6,21,XWS-61,62.92,38(063)23-88-335
Лариса,Новік,larysa.novik1@student.org,2005,11,4,SHC-32,75.5,38(096)43-55-494
Станіслав,Новік,stanislav.novik1@student.org,1989,4,22,SGC-96,6.54,38(067)17-42-926
Богдан,Гайдук,bohdan.hayduk4@student.org,1966,5,2,WSY-83,89.98,38(063)72-10-817
Інна,Гриценко,inna.hrytsenko1@student.org,1964,6,8,MLI-30,6.19,38(063)37-17-825
Любов,Скрипка,lyubov.skrypka@student.org,1995,7,25,ZTV-62,35.45,38(099)96-11-133
Юлія,Петренко,yuliya.petrenko2@student.org,1995,4,25,KIY-99,16.36,38(095)20-13-381
Людмила,Ковальчук,lyudmyla.kovalchuk1@student.org,1979,1,11,MNU-19,52.44,38(097)81-62-490
Олена,Петренко,olena.petrenko@student.org,1952,7,17,ZVD-84,5.26,38(073)92-17-758
Анна,Омельченко,anna.omelchenko1@student.org,2008,11,28,ISM-22,81.11,38(068)73-79-447
Ірина,Білоус,iryna.bilous2@student.org,1968,11,12,BLH-15,25.69,38(068)20-42-587
Павло,Ковальчук,pavlo.kovalchuk@student.org,1959,1,2,YUV-88,83.25,38(073)83-64-745
Ганна,Стельмах,hanna.stelmakh@student.org,1997,7,5,OMP-76,50.8,38(068)73-86-978
Василь,Литвин,vasyl.lytvyn1@student.org,2009,11,24,KDT-98,12.53,38(063)26-71-281
Андрій,Кузьменко,andriy.kuzmenko@student.org,1966,5,25,CGL-49,56.58,38(050)31-62-110
Тарас,Литвин,taras.lytvyn@student.org,1984,12,22,SGN-84,3.75,38(097)50-46-484
Костянтин,Костенко,kostyantyn.kostenko1@student.org,1961,2,15,PTO-38,28.03,38(095)35-60-131
Іван,Гладко,ivan.hladko1@student.org,1974,4,1,MNZ-23,32.19,38(098)64-66-781
Остап,Гайдук,ostap.hayduk1@student.org,1994,8,6,FBM-40,36.98,38(073)36-71-106
Григорій,Ковальчук,hryhoriy.kovalchuk1@student.org,1978,11,21,PLP-30,39.55,38(096)57-87-601
Лариса,Литвин,larysa.lytvyn2@student.org,1953,4,15,CNE-43,71.76,38(073)72-96-423
Марія,Павленко,mariya.pavlenko2@student.org,1963,12,13,YQO-30,18.84,38(097)97-29-180
Денис,Коваль,denys.koval@student.org,1960,6,25,UQF-26,83.52,38(093)58-36-185
Марія,Михайленко,mariya.mykhaylenko1@student.org,1985,1,22,JCT-72,16.58,38(097)39-92-695
Світлана,Білоус,svitlana.bilous1@student.org,2007,11,29,NTN-20,48.42,38(095)89-23-558
Павло,Новік,pavlo.novik2@student.org,1992,8,6,KZR-75,60.29,38(066)30-44-563
Вікторія,Михайленко,viktoriya.mykhaylenko@student.org,1993,2,14,OZJ-69,44.49,38(068)64-81-170
Григорій,Панченко,hryhoriy.panchenko2@student.org,1954,11,25,DLP-60,18.03,38(093)60-55-600
Любов,Шевченко,lyubov.shevchenko1@student.org,1991,8,26,MVL-42,3.86,38(093)67-64-308
Ярослав,Павленко,yaroslav.pavlenko@student.org,1967,11,25,AVW-76,37.2,38(099)93-35-711
Вера,Руденко,vera.rudenko1@student.org,1991,12,21,MUE-46,33.34,38(099)69-11-945
Олександр,Зайцев,oleksandr.zaytsev1@student.org,1961,7,6,TOO-39,47.33,38(067)72-61-850
Анна,Новік,anna.novik1@student.org,1953,10,23,ZKW-73,26.35,38(073)94-68-674
Анна,Цимбал,anna.tsymbal@student.org,1993,3,10,FLM-71,52.81,38(063)56-52-396
Петро,Василенко,petro.vasylenko@student.org,1977,5,16,TYM-75,38.33,38(093)81-55-970
Вера,Шаповал,vera.shapoval3@student.org,2004,7,9,RCC-22,2.25,38(073)95-97-493
Юрій,Демченко,yuriy.demchenko1@student.org,2010,3,1,BYM-54,19.33,38(098)99-96-424
Віталій,Захарченко,vitaliy.zakharchenko2@student.org,2006,10,3,UTN-44,1.03,38(073)68-91-680
Надія,Гончаренко,nadiya.honcharenko@student.org,1966,9,10,ZIL-83,84.75,38(068)52-16-261
Артем,Марченко,artem.marchenko2@student.org,1989,2,16,OLL-89,48.1,38(098)19-58-125
Ганна,Василенко,hanna.vasylenko1@student.org,1972,8,2,QPA-45,81.41,38(093)45-94-962
Анна,Гладко,anna.hladko1@student.org,1971,10,12,UPL-42,85.28,38(067)32-66-778
Галина,Шевченко,halyna.shevchenko@student.org,1973,5,8,EDO-48,11.82,38(067)79-71-719
Вікторія,Ковальчук,viktoriya.kovalchuk1@student.org,2008,7,4,IAP-12,49.61,38(093)63-77-950
Михайло,Костенко,mykhaylo.kostenko@student.org,1959,12,11,LIU-18,23.53,38(066)22-26-422
Ганна,Цимбал,hanna.tsymbal3@student.org,2000,1,4,PEO-85,66.55,38(097)61-94-303
Марія,Омельченко,mariya.omelchenko2@student.org,1989,7,15,DSB-37,39.98,38(095)11-98-284
Лілія,Никоненко,liliya.nykonenko2@student.org,2002,7,30,DNB-46,29.39,38(096)93-21-538
Тарас,Лисенко,taras.lysenko@student.org,1965,11,9,BOY-38,73.19,38(096)21-32-880
Богдан,Петренко,bohdan.petrenko@student.org,1979,9,14,LKQ-13,0.07,38(096)45-78-195
Вікторія,Кузьменко,viktoriya.kuzmenko1@student.org,1961,8,25,MWN-70,49.34,38(097)64-76-415
Наталія,Михайленко,nataliya.mykhaylenko@student.org,1968,2,6,KWT-98,87.7,38(073)42-62-453
Петро,Макаренко,petro.makarenko@student.org,1961,12,18,VVC-95,86.1,38(093)60-87-674
Вікторія,Кузьменко,viktoriya.kuzmenko2@student.org,2003,11,25,RJV-55,48.13,38(096)83-32-151
Сергій,Рибак,serhiy.rybak@student.org,1992,11,26,NCL-76,70.28,38(066)59-68-838
Володимир,Демченко,volodymyr.demchenko@student.org,2002,9,24,EPI-61,4.14,38(099)63-41-952
Світлана,Гриценко,svitlana.hrytsenko2@student.org,1982,11,21,NBS-98,21.21,38(067)70-81-406
Павло,Коваленко,pavlo.kovalenko@student.org,2002,1,29,EFO-51,11.57,38(066)74-96-660
Денис,Марченко,denys.marchenko@student.org,1990,9,3,LKP-65,74.04,38(095)15-81-237
Богдан,Кравченко,bohdan.kravchenko@student.org,1968,6,5,CLM-84,99.75,38(068)18-66-721
Ірина,Василенко,iryna.vasylenko1@student.org,1996,11,18,UDA-82,87.89,38(093)89-92-343
Вікторія,Савченко,viktoriya.savchenko@student.org,1983,10,9,AKQ-58,40.73,38(067)45-39-191
Любов,Авраменко,lyubov.avramenko1@student.org,1962,9,14,QTQ-86,27.3,38(099)63-38-937
Катерина,Савченко,kateryna.savchenko1@student.org,1996,6,30,HQN-61,58.42,38(097)53-16-763
Ярослав,Гладко,yaroslav.hladko@student.org,1951,8,9,TGY-18,61.86,38(093)57-37-835
Юрій,Михайленко,yuriy.mykhaylenko@student.org,2007,4,12,CWL-86,43.26,38(098)74-68-100
Ірина,Дорошенко,iryna.doroshenko1@student.org,1986,5,31,VMY-44,68.64,38(063)97-86-490
Ганна,Василенко,hanna.vasylenko2@student.org,1950,6,25,GGI-76,71.87,38(099)92-39-993
Павло,Гайдук,pavlo.hayduk2@student.org,1982,3,11,JNM-47,77.24,38(073)57-18-650
Катерина,Павленко,kateryna.pavlenko1@student.org,1963,11,28,XJX-92,96.3,38(099)92-40-260
Роман,Петренко,roman.petrenko1@student.org,1980,11,1,GTU-63,2.5,38(066)73-44-573
Артем,Ткаченко,artem.tkachenko1@student.org,1967,11,6,MDB-13,42.55,38(066)15-91-362
Наталія,Павленко,nataliya.pavlenko1@student.org,2003,8,5,EDF-72,63.26,38(068)53-53-386
Віктор,Руденко,viktor.rudenko1@student.org,1986,5,20,VOF-18,68.12,38(099)30-68-463
Раїса,Ковальчук,rayisa.kovalchuk@student.org,2004,1,1,GYF-14,63.95,38(050)99-52-960
Інна,Романенко,inna.romanenko1@student.org,1993,1,15,TPL-54,39.18,38(098)83-61-521
Юлія,Авраменко,yuliya.avramenko1@student.org,2005,9,25,LVB-79,50.18,38(068)79-58-631
Юрій,Рибак,yuriy.rybak1@student.org,1983,6,10,FUF-83,19.52,38(093)66-32-572
Людмила,Михайленко,lyudmyla.mykhaylenko@student.org,1958,2,25,HEG-68,65.27,38(093)57-90-651
Артем,Лебедь,artem.lebed@student.org,1961,7,3,RSV-65,55.76,38(096)64-32-529
Людмила,Поліщук,lyudmyla.polishchuk@student.org,1999,3,9,XGV-38,6.17,38(096)69-25-368
Іван,Цимбал,ivan.tsymbal2@student.org,1973,6,18,DWC-72,89.18,38(098)61-82-603
Тарас,Руденко,taras.rudenko2@student.org,2010,5,2,FUX-87,0.4,38(066)97-41-529
Галина,Гриценко,halyna.hrytsenko@student.org,2009,3,16,BLK-38,42.69,38(067)22-79-622
Олександр,Гриценко,oleksandr.hrytsenko@student.org,1953,8,1,IAM-33,64.53,38(097)90-43-967
Станіслав,Левченко,stanislav.levchenko1@student.org,1990,10,2,ZMH-93,61.2,38(099)32-23-445
Денис,Шаповал,denys.shapoval@student.org,1975,3,21,TFG-96,31.19,38(073)99-58-983
Денис,Іваненко,denys.ivanenko@student.org,1952,8,15,XJJ-86,58.19,38(093)88-66-942
Володимир,Зайцев,volodymyr.zaytsev@student.org,1969,9,27,DLN-14,89.22,38(050)68-59-481
Сергій,Цимбал,serhiy.tsymbal@student.org,1981,7,29,HGY-24,58.83,38(073)36-85-435
Ірина,Никоненко,iryna.nykonenko@student.org,1996,4,12,KBP-62,93.54,38(096)41-41-739
Олена,Коваль,olena.koval2@student.org,2001,10,11,TAY-43,17.39,38(063)96-93-585
Ганна,Гордієнко,hanna.hordiyenko2@student.org,1974,11,13,GOZ-17,74.12,38(098)85-26-128
Інна,Гриценко,inna.hrytsenko2@student.org,1993,2,7,BVW-75,95.28,38(068)86-60-167
Раїса,Поліщук,rayisa.polishchuk3@student.org,1984,1,10,OLW-96,55.97,38(093)26-94-380
Остап,Стельмах,ostap.stelmakh3@student.org,2008,2,4,TSG-56,64.3,38(099)50-73-953
Дмитро,Михайленко,dmytro.mykhaylenko@student.org,1990,5,9,RVE-55,95.65,38(067)39-13-110
Денис,Цимбал,denys.tsymbal2@student.org,1978,2,19,QVH-94,90.29,38(099)23-58-173
Юрій,Левченко,yuriy.levchenko1@student.org,2009,11,14,IPH-66,71.2,38(073)98-36-160
Наталія,Коваленко,nataliya.kovalenko@student.org,1990,2,14,BHC-41,44.36,38(067)23-28-580
Тарас,Панченко,taras.panchenko1@student.org,2010,4,24,LEV-52,1.59,38(097)14-10-299
Михайло,Демченко,mykhaylo.demchenko1@student.org,1984,9,15,HAF-32,44.46,38(066)46-93-279
Людмила,Авраменко,lyudmyla.avramenko@student.org,1959,11,13,ZOP-40,82.36,38(099)84-93-126
Оксана,Авраменко,oksana.avramenko3@student.org,1959,2,9,ZTK-81,35.37,38(073)26-55-703
Лілія,Зайцев,liliya.zaytsev1@student.org,1999,9,28,IHT-89,39.98,38(068)53-47-742
Ірина,Лисенко,iryna.lysenko2@student.org,1959,1,4,MEF-64,87.53,38(050)74-17-828
Олександр,Лебедь,oleksandr.lebed1@student.org,1988,8,20,TDI-82,67.22,38(093)10-73-128
Лілія,Бойко,liliya.boyko1@student.org,1972,8,23,ZOL-76,70.42,38(093)34-93-729
Марія,Зайцев,mariya.zaytsev@student.org,1982,3,10,ZMJ-20,60.21,38(093)40-43-625
Валентина,Павленко,valentyna.pavlenko1@student.org,1990,6,15,SJF-89,98.1,38(093)64-15-767
Тарас,Гордієнко,taras.hordiyenko1@student.org,1997,7,14,YSQ-80,12.71,38(099)88-39-400
Ірина,Петренко,iryna.petrenko1@student.org,1962,3,28,SDG-83,63.33,38(050)95-33-112
Петро,Шаповал,petro.shapoval@student.org,1957,8,20,KNQ-41,80.55,38(098)97-68-311
Віталій,Никоненко,vitaliy.nykonenko@student.org,1994,5,6,UXY-32,20.46,38(093)82-68-581
Павло,Никоненко,pavlo.nykonenko@student.org,1972,1,18,YSS-92,72.72,38(096)53-41-612
Катерина,Поліщук,kateryna.polishchuk@student.org,2004,1,16,IKQ-97,63.79,38(099)16-25-242
Петро,Руденко,petro.rudenko@student.org,1989,9,14,PYT-71,62.24,38(095)69-51-249
Тарас,Король,taras.korol@student.org,1957,6,13,OLK-19,38.09,38(063)52-77-228
Тетяна,Макаренко,tetyana.makarenko@student.org,1961,11,22,VOU-96,26.67,38(097)62-91-653
Артем,Савченко,artem.savchenko@student.org,1992,1,30,MCC-53,85.75,38(098)22-31-908
Ірина,Авраменко,iryna.avramenko@student.org,1977,3,29,AML-75,34.0,38(063)78-58-785
Раїса,Поліщук,rayisa.polishchuk4@student.org,1996,9,13,VQM-71,43.27,38(073)35-64-748
Ганна,Михайленко,hanna.mykhaylenko2@student.org,1976,7,24,FWR-21,43.19,38(063)64-29-123
Федір,Василенко,fedir.vasylenko4@student.org,1950,10,5,FDK-50,63.34,38(093)88-56-506
Олександр,Зайцев,oleksandr.zaytsev2@student.org,1993,8,24,HED-71,26.28,38(063)58-97-397
Раїса,Гордієнко,rayisa.hordiyenko2@student.org,1950,11,25,ZKJ-23,64.86,38(063)14-68-755
Інна,Лебедь,inna.lebed@student.org,1999,9,10,CGY-56,32.04,38(066)98-73-874
Галина,Костенко,halyna.kostenko@student.org,1989,5,11,MIO-98,49.38,38(099)38-78-586
Денис,Гончаренко,denys.honcharenko@student.org,2007,9,30,VHQ-92,88.53,38(097)90-58-163
Максим,Шаповал,maksym.shapoval4@student.org,1967,10,18,GHE-21,90.2,38(050)49-43-512
Олександр,Гладко,oleksandr.hladko1@student.org,1998,3,25,ZRZ-44,24.28,38(063)56-83-572
Роман,Макаренко,roman.makarenko5@student.org,2010,3,19,GKV-64,15.02,38(096)11-64-979
Роман,Гончаренко,roman.honcharenko@student.org,2003,11,10,SJT-41,49.57,38(099)94-98-763
Лілія,Ковальчук,liliya.kovalchuk1@student.org,1984,12,7,ABS-69,55.4,38(050)69-88-655
Павло,Захарченко,pavlo.zakharchenko1@student.org,1971,3,28,SCY-28,37.7,38(063)81-10-176
Максим,Захарченко,maksym.zakharchenko2@student.org,1987,11,3,RWQ-46,8.92,38(096)23-43-546
Віктор,Панченко,viktor.panchenko3@student.org,2004,2,9,RGT-40,68.04,38(073)35-71-626
Василь,Савченко,vasyl.savchenko@student.org,2004,10,26,TQM-25,61.79,38(099)79-26-794
Тарас,Кузьменко,taras.kuzmenko@student.org,1978,10,23,HIT-82,82.52,38(097)37-30-890
Роман,Рибак,roman.rybak4@student.org,2007,10,22,FXO-87,12.4,38(097)89-46-826
Вікторія,Шевченко,viktoriya.shevchenko@student.org,1958,5,17,VOU-96,34.41,38(066)96-28-364
Ярослав,Мельник,yaroslav.melnyk1@student.org,1957,8,30,YAB-88,81.88,38(093)48-43-349
Надія,Шевчук,nadiya.shevchuk@student.org,1991,12,11,FHA-37,47.74,38(066)66-21-165
Євгенія,Рибак,yevheniya.rybak@student.org,1970,9,26,MCC-53,67.5,38(073)47-82-199
Вера,Гончаренко,vera.honcharenko1@student.org,1984,4,3,MSO-88,53.28,38(068)38-77-940
Алла,Білоус,alla.bilous@student.org,1996,11,11,QUS-16,70.54,38(050)15-65-726
Юрій,Руденко,yuriy.rudenko3@student.org,1953,6,16,HOY-30,80.03,38(098)75-77-617
Юрій,Скрипка,yuriy.skrypka@student.org,1976,3,15,VVA-57,34.64,38(067)19-76-701
Григорій,Гладко,hryhoriy.hladko@student.org,2004,2,22,KIY-99,44.81,38(063)75-75-905
Ігор,Стельмах,ihor.stelmakh1@student.org,1972,9,30,MQR-17,2.75,38(096)78-94-269
Дмитро,Стельмах,dmytro.stelmakh@student.org,1981,4,20,NXN-56,7.73,38(073)72-44-978
Оксана,Поліщук,oksana.polishchuk@student.org,1991,9,17,FAN-34,92.11,38(095)90-51-108
Максим,Панченко,maksym.panchenko@student.org,1965,11,5,NJX-28,76.83,38(073)18-68-107
Оксана,Скрипка,oksana.skrypka1@student.org,1995,12,2,YYI-14,27.03,38(098)49-43-751
Оксана,Гончаренко,oksana.honcharenko2@student.org,1958,4,17,MKO-42,48.08,38(068)73-52-385
Сергій,Король,serhiy.korol1@student.org,1996,7,30,XXY-69,95.51,38(063)60-58-562
Віктор,Кузьменко,viktor.kuzmenko@student.org,1980,2,3,JFI-53,62.23,38(099)82-48-955
Людмила,Левченко,lyudmyla.levchenko1@student.org,1958,8,6,EVC-88,40.64,38(050)73-15-647
Федір,Гайдук,fedir.hayduk1@student.org,2008,8,7,GHE-21,74.26,38(073)12-18-939
Андрій,Коваленко,andriy.kovalenko3@student.org,1993,5,3,QGS-78,80.24,38(097)67-18-566
Раїса,Козлов,rayisa.kozlov2@student.org,1974,4,9,GOZ-17,28.54,38(096)23-62-529
Василь,Костенко,vasyl.kostenko@student.org,2005,8,11,WUN-96,10.68,38(096)67-66-729
Ігор,Бойко,ihor.boyko1@student.org,1973,4,16,VDI-56,76.78,38(097)38-25-203
Андрій,Поліщук,andriy.polishchuk@student.org,1998,8,2,WCY-53,36.58,38(098)69-44-756
Світлана,Дорошенко,svitlana.doroshenko2@student.org,1954,4,23,FTP-46,67.81,38(073)66-10-251
Віктор,Поліщук,viktor.polishchuk1@student.org,2010,5,30,VKZ-69,95.64,38(067)19-68-926
Олександр,Рибак,oleksandr.rybak1@student.org,2009,1,19,FRW-92,62.1,38(068)43-94-376
Галина,Гончаренко,halyna.honcharenko1@student.org,1972,4,30,TEN-97,88.47,38(068)34-67-181
Тетяна,Левченко,tetyana.levchenko1@student.org,1951,9,29,KPN-91,27.66,38(095)38-50-506
Галина,Гладко,halyna.hladko@student.org,1973,6,20,OME-75,92.26,38(063)87-10-346
Максим,Петренко,maksym.petrenko1@student.org,1980,5,22,IRD-23,69.27,38(067)11-57-801
Алла,Рибак,alla.rybak@student.org,1994,1,21,LTZ-81,58.49,38(096)99-91-876
Лариса,Гладко,larysa.hladko1@student.org,2001,11,9,LUG-40,14.43,38(096)96-30-947
Григорій,Костенко,hryhoriy.kostenko@student.org,1962,6,1,QDP-86,5.72,38(098)37-99-184
Максим,Кузьменко,maksym.kuzmenko@student.org,1990,12,8,PFT-87,58.83,38(073)98-16-317
Володимир,Марченко,volodymyr.marchenko@student.org,1993,9,16,NJO-98,86.29,38(099)62-33-311
Юлія,Авраменко,yuliya.avramenko2@student.org,1956,2,16,IJF-13,30.95,38(097)49-92-911
Роман,Руденко,roman.rudenko4@student.org,1952,10,3,FXS-93,65.83,38(066)24-51-155
Вера,Павленко,vera.pavlenko@student.org,1950,2,8,IGC-79,55.86,38(099)90-54-415
Віталій,Коваленко,vitaliy.kovalenko1@student.org,1964,7,26,IIA-79,51.04,38(066)60-99-928
Дмитро,Шевченко,dmytro.shevchenko1@student.org,1962,5,20,ALP-13,77.97,38(096)74-60-224
Сергій,Костенко,serhiy.kostenko@student.org,1951,8,4,LXH-37,97.18,38(096)51-59-691
Роман,Михайленко,roman.mykhaylenko2@student.org,1954,11,26,ECQ-51,56.15,38(093)57-55-506
Петро,Стельмах,petro.stelmakh2@student.org,1953,9,8,PCB-54,44.25,38(073)82-41-851
Сергій,Гриценко,serhiy.hrytsenko1@student.org,1986,5,11,SCO-24,94.84,38(066)74-86-662
Олена,Ткаченко,olena.tkachenko1@student.org,1987,7,20,HKW-35,16.17,38(095)52-25-988
Любов,Коваленко,lyubov.kovalenko1@student.org,1978,1,2,CVJ-85,34.05,38(098)55-15-177
Юрій,Павленко,yuriy.pavlenko1@student.org,1984,11,28,TVQ-62,75.46,38(067)69-16-828
Богдан,Левченко,bohdan.levchenko2@student.org,1951,2,26,SQA-22,39.68,38(067)46-52-672
Роман,Лисенко,roman.lysenko2@student.org,1989,12,19,JHG-33,9.58,38(096)65-26-853
Василь,Макаренко,vasyl.makarenko1@student.org,1984,4,20,PQM-89,40.97,38(097)64-91-107
Сергій,Лебедь,serhiy.lebed@student.org,1967,2,9,JIF-27,57.64,38(095)74-33-726
Віктор,Коваль,viktor.koval2@student.org,1998,2,13,LOX-39,70.92,38(063)21-40-723
Артем,Гриценко,artem.hrytsenko@student.org,2007,11,1,JWS-45,32.66,38(093)87-16-187
Світлана,Марченко,svitlana.marchenko2@student.org,1953,3,29,AKJ-64,35.07,38(099)79-82-820
Тарас,Мельник,taras.melnyk1@student.org,1994,7,29,VUU-63,99.37,38(063)31-54-967
Раїса,Гордієнко,rayisa.hordiyenko3@student.org,2002,2,4,SKS-73,46.27,38(095)95-49-973
Дмитро,Гончаренко,dmytro.honcharenko@student.org,2009,9,9,IIJ-75,54.94,38(067)97-31-849
Тарас,Панченко,taras.panchenko2@student.org,2002,8,18,PFW-51,49.77,38(095)35-18-548
Олеся,Скрипка,olesya.skrypka1@student.org,1998,12,10,FWE-67,91.95,38(096)80-50-142
Михайло,Лисенко,mykhaylo.lysenko2@student.org,1957,10,6,UGV-63,81.37,38(067)42-83-241
Алла,Омельченко,alla.omelchenko@student.org,1986,8,7,SNJ-12,55.41,38(097)30-45-573
Валентина,Поліщук,valentyna.polishchuk@student.org,1976,7,6,FQA-61,12.54,38(095)25-50-466
Олена,Поліщук,olena.polishchuk1@student.org,1991,8,16,BBT-60,84.07,38(050)44-99-685
Юрій,Новік,yuriy.novik@student.org,2001,8,29,EOY-58,72.64,38(097)91-56-505
Наталія,Ковальчук,nataliya.kovalchuk@student.org,2003,12,7,RVP-22,4.3,38(066)84-38-821
Ігор,Панченко,ihor.panchenko1@student.org,1987,10,28,TVN-71,48.77,38(098)56-18-131
Лариса,Кузьменко,larysa.kuzmenko1@student.org,1972,12,27,OBR-96,17.03,38(099)15-55-687
Федір,Іваненко,fedir.ivanenko@student.org,2010,1,12,UPB-76,87.11,38(095)17-89-608
Оксана,Шевченко,oksana.shevchenko3@student.org,1997,4,15,RVE-55,30.9,38(067)53-20-632
Василь,Дорошенко,vasyl.doroshenko1@student.org,1955,7,17,UBD-43,22.2,38(093)80-37-490
Михайло,Мельник,mykhaylo.melnyk1@student.org,1985,9,20,IDF-74,44.17,38(050)60-70-794
Раїса,Лисенко,rayisa.lysenko2@student.org,1956,7,23,XJJ-86,55.36,38(063)51-60-158
Євгенія,Дорошенко,yevheniya.doroshenko2@student.org,2007,1,4,WCA-36,1.35,38(097)71-65-784
Оксана,Гриценко,oksana.hrytsenko1@student.org,1989,1,14,OCB-38,72.56,38(068)83-99-550
Ірина,Ковальчук,iryna.kovalchuk1@student.org,1961,8,5,VKF-65,19.82,38(073)27-97-424
Світлана,Гриценко,svitlana.hrytsenko3@student.org,1972,3,20,UGJ-29,17.97,38(097)78-87-169
Віктор,Шаповал,viktor.shapoval1@student.org,1981,11,24,GOZ-17,66.03,38(063)95-11-245
Павло,Омельченко,pavlo.omelchenko@student.org,1987,9,12,OMJ-29,68.59,38(066)48-60-407
Василь,Кравченко,vasyl.kravchenko3@student.org,1950,9,1,HIV-48,53.86,38(067)11-29-211
Надія,Петренко,nadiya.petrenko3@student.org,1958,8,7,HEB-92,4.56,38(098)76-54-104
Наталія,Ковальчук,nataliya.kovalchuk1@student.org,1953,8,2,TMM-37,8.3,38(099)67-30-971
Любов,Рибак,lyubov.rybak@student.org,1991,4,20,AOQ-79,17.26,38(096)31-42-591
Ярослав,Кузьменко,yaroslav.kuzmenko2@student.org,1950,4,29,ORK-53,31.6,38(095)42-12-340
Федір,Рибак,fedir.rybak1@student.org,1960,7,6,GQB-11,77.83,38(096)81-20-618
Раїса,Марченко,rayisa.marchenko2@student.org,1971,2,17,HRA-75,28.68,38(097)57-99-858
Оксана,Ковальчук,oksana.kovalchuk@student.org,1951,5,6,STX-38,93.6,38(067)81-24-906
Віталій,Зайцев,vitaliy.zaytsev@student.org,1968,11,12,BAK-40,20.63,38(096)34-53-841
Вікторія,Новік,viktoriya.novik1@student.org,1977,12,4,FHR-20,3.83,38(093)18-42-605
Михайло,Шевчук,mykhaylo.shevchuk4@student.org,1977,3,25,ZQM-99,11.69,38(096)46-69-592
Денис,Макаренко,denys.makarenko@student.org,1969,7,21,XEJ-78,79.64,38(095)73-85-164
Анна,Рибак,anna.rybak2@student.org,1958,1,29,RJN-57,58.24,38(096)78-54-698
Тарас,Руденко,taras.rudenko3@student.org,1980,12,27,XLL-44,43.17,38(068)62-13-207
Павло,Шевчук,pavlo.shevchuk1@student.org,1962,11,15,SJT-74,94.52,38(096)57-30-850
Оксана,Ткаченко,oksana.tkachenko3@student.org,1961,11,6,MRJ-23,61.22,38(097)64-42-446
Денис,Мельник,denys.melnyk2@student.org,2007,6,22,WMG-91,65.9,38(073)51-88-670
Лариса,Гайдук,larysa.hayduk1@student.org,1969,1,9,QXQ-40,82.0,38(067)28-71-823
Богдан,Павленко,bohdan.pavlenko2@student.org,1988,2,18,TON-41,10.77,38(099)74-32-138
Роман,Мельник,roman.melnyk@student.org,1971,1,14,FFL-16,33.15,38(096)40-78-274
Юрій,Білоус,yuriy.bilous@student.org,1989,2,21,EXU-68,97.76,38(066)28-63-376
Ірина,Рибак,iryna.rybak1@student.org,1990,3,7,LEW-44,0.93,38(073)88-61-116
Галина,Король,halyna.korol1@student.org,1967,6,5,RRO-73,38.49,38(098)21-20-674
Ігор,Рибак,ihor.rybak@student.org,1954,10,15,EWG-61,70.6,38(099)30-89-695
Станіслав,Кузьменко,stanislav.kuzmenko@student.org,2005,3,29,FLM-71,67.13,38(093)16-14-626
Ірина,Руденко,iryna.rudenko@student.org,2010,3,24,TRY-78,24.82,38(097)22-21-439
Тарас,Ковальчук,taras.kovalchuk3@student.org,1974,11,26,DFG-88,21.24,38(099)36-93-945
Надія,Демченко,nadiya.demchenko1@student.org,1960,4,12,EMU-53,29.92,38(067)99-11-265
Ярослав,Скрипка,yaroslav.skrypka1@student.org,1957,6,9,GLM-91,98.85,38(066)96-94-758
Роман,Новік,roman.novik3@student.org,1990,4,27,MAQ-17,93.65,38(063)65-98-760
Ігор,Лисенко,ihor.lysenko1@student.org,1950,5,7,WWG-90,24.03,38(050)17-16-505
Алла,Демченко,alla.demchenko@student.org,1991,11,13,RLS-67,68.9,38(073)14-32-739
Ганна,Шевчук,hanna.shevchuk3@student.org,1997,9,8,XFQ-74,26.06,38(073)88-97-291
Тарас,Гайдук,taras.hayduk@student.org,1967,3,26,VTT-82,31.28,38(098)93-71-697
Євгенія,Лебедь,yevheniya.lebed1@student.org,1985,11,18,EZR-22,4.7,38(097)27-83-958
Роман,Савченко,roman.savchenko1@student.org,1990,5,8,YZY-43,11.24,38(067)66-68-307
Ганна,Василенко,hanna.vasylenko3@student.org,2003,12,19,ZTM-44,65.42,38(096)57-38-170
Людмила,Савченко,lyudmyla.savchenko2@student.org,2003,12,24,BAJ-82,73.94,38(096)70-46-344
Іван,Авраменко,ivan.avramenko1@student.org,1987,9,25,TBA-46,8.27,38(096)45-86-962
Богдан,Новік,bohdan.novik@student.org,1978,7,8,IVT-59,55.29,38(066)38-32-394
Максим,Демченко,maksym.demchenko@student.org,1996,4,17,AZL-84,8.27,38(099)74-43-671
Віталій,Стельмах,vitaliy.stelmakh2@student.org,2002,3,30,RSL-29,85.55,38(095)67-49-135
Любов,Захарченко,lyubov.zakharchenko1@student.org,1990,11,16,CVQ-94,27.09,38(093)63-74-486
Дмитро,Павленко,dmytro.pavlenko@student.org,1975,1,15,YUV-88,99.5,38(093)52-38-113
Людмила,Білоус,lyudmyla.bilous1@student.org,1969,1,28,ALP-13,8.21,38(099)32-30-692
Юлія,Костенко,yuliya.kostenko@student.org,1954,1,10,QJV-17,31.69,38(098)77-19-838
Євгенія,Король,yevheniya.korol@student.org,1977,8,1,XRA-59,74.49,38(068)66-68-947
Галина,Новік,halyna.novik@student.org,1959,6,4,HEJ-69,4.26,38(063)20-55-490
Анна,Шевченко,anna.shevchenko3@student.org,1955,8,31,ARZ-63,85.93,38(098)82-58-963
Раїса,Литвин,rayisa.lytvyn4@student.org,1992,9,3,DYT-69,73.11,38(093)55-72-639
Дмитро,Стельмах,dmytro.stelmakh1@student.org,1967,2,24,OYN-14,45.58,38(073)27-65-260
Сергій,Ткаченко,serhiy.tkachenko1@student.org,1957,7,17,FYC-58,71.73,38(099)72-12-408
Сергій,Бойко,serhiy.boyko1@student.org,2002,3,18,CNR-35,33.77,38(093)22-23-820
Михайло,Лисенко,mykhaylo.lysenko3@student.org,2003,5,28,MYH-65,88.84,38(095)64-78-940
Інна,Никоненко,inna.nykonenko1@student.org,1973,11,8,RLS-67,7.18,38(096)71-54-586
Андрій,Шаповал,andriy.shapoval2@student.org,1979,6,8,OTF-54,95.09,38(050)17-77-227
Ірина,Зайцев,iryna.zaytsev1@student.org,1973,8,19,OAF-96,58.23,38(067)35-91-788
Віталій,Гриценко,vitaliy.hrytsenko@student.org,1980,6,12,YVA-94,68.4,38(067)86-51-896
Віталій,Коваль,vitaliy.koval@student.org,1991,11,26,JZF-19,76.43,38(063)43-18-484
Любов,Гайдук,lyubov.hayduk2@student.org,1968,3,31,QUM-74,32.69,38(067)72-86-815
Олеся,Шаповал,olesya.shapoval1@student.org,1994,9,11,MYC-51,61.9,38(066)52-65-388
Роман,Авраменко,roman.avramenko4@student.org,2003,12,22,UEF-21,18.98,38(096)85-29-963
Галина,Гриценко,halyna.hrytsenko1@student.org,1958,1,2,LEV-52,62.87,38(050)33-80-573
Артем,Марченко,artem.marchenko3@student.org,1953,1,14,VHA-81,33.76,38(066)18-99-919
Лариса,Кравченко,larysa.kravchenko1@student.org,1982,3,30,WAV-91,36.85,38(066)12-35-577
Костянтин,Дорошенко,kostyantyn.doroshenko1@student.org,1961,3,6,AIU-95,92.76,38(096)94-69-702
Олеся,Гайдук,olesya.hayduk@student.org,1976,7,4,AZL-84,83.9,38(096)12-34-172
Наталія,Шевченко,nataliya.shevchenko2@student.org,1985,5,2,VEQ-35,23.82,38(068)86-87-172
Євгенія,Левченко,yevheniya.levchenko@student.org,1981,4,25,COD-54,25.78,38(098)46-84-522
Михайло,Гриценко,mykhaylo.hrytsenko1@student.org,1968,12,16,YII-87,75.59,38(066)37-62-889
Юрій,Рибак,yuriy.rybak2@student.org,1968,9,7,ZGN-26,77.72,38(093)22-60-853
Марія,Захарченко,mariya.zakharchenko1@student.org,2002,6,30,FNQ-27,33.27,38(097)37-69-445
Наталія,Стельмах,nataliya.stelmakh@student.org,1995,12,20,VYQ-18,6.35,38(093)43-57-980
Лариса,Савченко,larysa.savchenko@student.org,1984,3,15,HHY-15,49.97,38(067)64-99-439
Андрій,Гайдук,andriy.hayduk2@student.org,1958,12,16,KYA-34,79.33,38(063)17-17-917
Віталій,Панченко,vitaliy.panchenko2@student.org,1959,11,12,RVT-71,28.37,38(095)90-81-162
Василь,Ковальчук,vasyl.kovalchuk1@student.org,2010,11,6,SRG-38,38.74,38(066)81-49-519
Вікторія,Литвин,viktoriya.lytvyn1@student.org,2007,7,3,AUQ-38,6.18,38(098)87-22-849
Юлія,Гайдук,yuliya.hayduk1@student.org,2001,9,16,RVE-55,69.86,38(095)36-19-880
Андрій,Омельченко,andriy.omelchenko1@student.org,1990,12,9,VHQ-92,44.57,38(050)38-10-852
Вера,Іваненко,vera.ivanenko2@student.org,1984,5,3,HTM-43,21.46,38(093)54-95-403
Тетяна,Петренко,tetyana.petrenko1@student.org,1975,2,24,OEZ-68,82.32,38(073)98-68-477
Денис,Павленко,denys.pavlenko1@student.org,2008,3,14,QYQ-76,55.1,38(050)13-53-323
Віталій,Скрипка,vitaliy.skrypka@student.org,1983,4,27,WLA-91,65.28,38(066)91-18-217
Павло,Шевченко,pavlo.shevchenko1@student.org,2002,11,13,UKH-69,74.74,38(063)10-93-736
Роман,Марченко,roman.marchenko2@student.org,1980,2,11,YQU-70,20.67,38(067)33-84-359
Михайло,Іваненко,mykhaylo.ivanenko@student.org,2000,10,4,NXK-35,22.37,38(067)93-63-859
Тетяна,Авраменко,tetyana.avramenko1@student.org,1997,3,22,UKG-23,76.77,38(096)89-88-804
Світлана,Романенко,svitlana.romanenko@student.org,1991,2,18,PIK-23,63.03,38(073)48-33-446
Раїса,Коваль,rayisa.koval1@student.org,1954,7,3,RWB-77,52.52,38(050)64-36-683
Костянтин,Литвин,kostyantyn.lytvyn1@student.org,1982,11,23,BSR-18,18.03,38(093)24-57-844
Тетяна,Скрипка,tetyana.skrypka1@student.org,1979,11,18,KGO-40,81.87,38(068)31-16-930
Вера,Костенко,vera.kostenko@student.org,1981,2,24,ADY-76,17.69,38(073)82-47-682
Лілія,Зайцев,liliya.zaytsev2@student.org,1993,11,2,NWC-21,99.9,38(099)68-23-693
Іван,Цимбал,ivan.tsymbal3@student.org,1973,9,21,PBA-98,80.35,38(073)22-37-166
Павло,Захарченко,pavlo.zakharchenko2@student.org,1995,7,14,YIW-82,96.32,38(099)31-69-828
Наталія,Ткаченко,nataliya.tkachenko2@student.org,2008,6,11,RGA-68,37.14,38(067)64-51-329
Юлія,Рибак,yuliya.rybak3@student.org,1983,4,18,IFO-79,97.36,38(063)86-78-959
Володимир,Коваль,volodymyr.koval@student.org,2002,8,8,GBY-37,90.57,38(096)22-66-744
Василь,Новік,vasyl.novik@student.org,2009,2,4,KGY-95,80.13,38(050)40-38-839
Лариса,Никоненко,larysa.nykonenko2@student.org,1962,7,10,JNM-47,91.7,38(093)70-78-954
Лілія,Петренко,liliya.petrenko1@student.org,1953,12,25,LTZ-81,3.94,38(050)59-22-483
Роман,Кравченко,roman.kravchenko2@student.org,1954,10,30,DCH-51,91.19,38(095)68-22-338
Остап,Левченко,ostap.levchenko@student.org,1973,8,26,DAY-75,63.84,38(050)12-47-724
Галина,Шевченко,halyna.shevchenko1@student.org,1999,6,5,CRS-54,98.02,38(098)33-78-425
Денис,Іваненко,denys.ivanenko1@student.org,1960,12,25,BHY-49,11.1,38(067)15-23-892
Павло,Литвин,pavlo.lytvyn@student.org,1986,11,12,BRW-62,98.93,38(073)69-13-380
Ярослав,Скрипка,yaroslav.skrypka2@student.org,1998,12,17,IQP-64,87.78,38(063)92-84-655
Алла,Лисенко,alla.lysenko2@student.org,2005,7,13,MAY-67,96.81,38(097)49-47-721
Віталій,Панченко,vitaliy.panchenko3@student.org,1978,8,22,UCZ-59,85.58,38(067)59-11-469
Галина,Демченко,halyna.demchenko@student.org,1964,5,23,MXS-53,55.34,38(063)68-30-558
Ганна,Кузьменко,hanna.kuzmenko@student.org,1999,1,11,POF-91,78.07,38(098)23-69-870
Інна,Ковальчук,inna.kovalchuk1@student.org,1974,7,10,FHA-37,13.87,38(050)48-39-372
Валентина,Гладко,valentyna.hladko1@student.org,1979,6,14,RQY-16,18.66,38(050)88-92-395
Оксана,Коваль,oksana.koval2@student.org,1991,3,21,GXY-94,22.2,38(095)27-43-100
Галина,Шевченко,halyna.shevchenko2@student.org,1977,1,27,ABY-41,46.0,38(099)39-70-373
Марія,Стельмах,mariya.stelmakh@student.org,1964,4,2,ESG-16,82.49,38(066)50-57-304
Юрій,Кравченко,yuriy.kravchenko@student.org,2001,6,30,KFF-44,20.48,38(093)39-27-184
Світлана,Михайленко,svitlana.mykhaylenko@student.org,1996,4,7,YVZ-93,9.78,38(096)30-46-507
Михайло,Рибак,mykhaylo.rybak3@student.org,1981,5,19,WGM-82,49.64,38(067)79-93-183
Ігор,Зайцев,ihor.zaytsev@student.org,1985,2,6,YIB-50,53.7,38(097)49-94-719
Михайло,Кравченко,mykhaylo.kravchenko@student.org,1954,11,30,TRB-55,70.15,38(073)88-91-189
Олександр,Лисенко,oleksandr.lysenko3@student.org,1973,3,30,DGR-98,37.97,38(063)45-30-172
Максим,Демченко,maksym.demchenko1@student.org,1997,10,5,JOW-48,98.31,38(067)15-81-397
Іван,Коваленко,ivan.kovalenko@student.org,2001,5,28,ESG-16,8.41,38(097)51-49-862
Галина,Ковальчук,halyna.kovalchuk1@student.org,1963,9,17,XCF-76,8.28,38(095)77-95-774
Лілія,Костенко,liliya.kostenko@student.org,1955,12,23,CWL-86,80.68,38(050)61-93-382
Віктор,Цимбал,viktor.tsymbal@student.org,1987,11,24,LUE-73,58.15,38(096)10-20-764
Тетяна,Скрипка,tetyana.skrypka2@student.org,1971,12,28,WUB-75,88.22,38(063)99-41-344
Тетяна,Гайдук,tetyana.hayduk1@student.org,1963,8,10,MVJ-24,73.6,38(068)21-37-795
Василь,Павленко,vasyl.pavlenko1@student.org,1995,9,13,NRA-83,28.83,38(063)14-31-419
Алла,Никоненко,alla.nykonenko@student.org,1966,8,7,LSK-20,10.62,38(073)66-26-971
Петро,Шевченко,petro.shevchenko1@student.org,1964,4,16,GOT-74,87.22,38(093)67-85-308
Оксана,Захарченко,oksana.zakharchenko2@student.org,1973,11,7,KYR-44,73.03,38(098)85-95-853
Тарас,Стельмах,taras.stelmakh1@student.org,1966,12,9,FDC-29,57.75,38(093)69-81-213
Максим,Литвин,maksym.lytvyn@student.org,2000,9,12,NEA-27,49.86,38(066)61-95-932
Алла,Цимбал,alla.tsymbal1@student.org,1979,7,3,ZEI-90,12.26,38(066)17-78-195
Раїса,Шевчук,rayisa.shevchuk1@student.org,1987,8,20,MPT-62,85.31,38(073)71-39-643
Галина,Василенко,halyna.vasylenko1@student.org,2001,6,26,VFJ-78,41.12,38(050)36-66-533
Віталій,Демченко,vitaliy.demchenko2@student.org,1994,1,24,YQR-91,49.79,38(098)35-24-655
Костянтин,Никоненко,kostyantyn.nykonenko@student.org,1959,4,27,OYY-63,65.13,38(050)42-15-944
Ярослав,Шевченко,yaroslav.shevchenko@student.org,1966,6,27,MXR-62,17.38,38(093)50-59-152
Павло,Стельмах,pavlo.stelmakh1@student.org,1962,7,29,CJO-89,70.66,38(095)89-36-945
Любов,Рибак,lyubov.rybak1@student.org,1951,2,28,QTK-28,42.47,38(096)25-31-530
Оксана,Руденко,oksana.rudenko1@student.org,1953,7,13,KQV-25,75.05,38(068)39-81-457
Дмитро,Ткаченко,dmytro.tkachenko2@student.org,1959,5,26,SZB-12,63.75,38(063)41-93-508
Раїса,Литвин,rayisa.lytvyn5@student.org,1966,2,17,TPS-12,8.95,38(050)82-57-542
Максим,Білоус,maksym.bilous@student.org,1971,9,17,BBB-30,30.93,38(099)36-62-413
Денис,Панченко,denys.panchenko1@student.org,1989,2,10,BLH-15,91.96,38(068)91-47-774
Олена,Шевчук,olena.shevchuk2@student.org,1973,2,13,OEU-94,15.57,38(066)79-20-212
Василь,Василенко,vasyl.vasylenko1@student.org,1980,8,31,OMJ-33,15.45,38(068)44-15-868
Сергій,Савченко,serhiy.savchenko1@student.org,1988,1,31,CNW-26,4.7,38(098)70-69-995
Надія,Панченко,nadiya.panchenko3@student.org,1990,12,14,VIB-80,77.03,38(050)20-72-451
Остап,Білоус,ostap.bilous1@student.org,1989,2,17,PWS-37,79.8,38(073)94-30-845
Наталія,Гордієнко,nataliya.hordiyenko2@student.org,1989,1,20,WBY-69,76.17,38(099)81-83-633
Остап,Макаренко,ostap.makarenko1@student.org,1983,9,10,EVP-88,73.91,38(095)54-50-193
Василь,Гладко,vasyl.hladko1@student.org,1979,4,12,UEF-21,48.45,38(063)86-48-638
Наталія,Никоненко,nataliya.nykonenko1@student.org,1978,11,30,BWL-44,47.37,38(098)97-34-827
Денис,Зайцев,denys.zaytsev1@student.org,2004,4,5,XGC-67,15.46,38(096)96-22-805
Остап,Гончаренко,ostap.honcharenko1@student.org,1994,6,18,MSW-18,22.08,38(095)78-12-446
Ігор,Гордієнко,ihor.hordiyenko@student.org,1985,9,22,TLV-60,27.38,38(050)28-16-587
Олеся,Стельмах,olesya.stelmakh@student.org,1991,1,16,GPH-85,72.39,38(096)22-84-487
Юлія,Кузьменко,yuliya.kuzmenko3@student.org,1982,4,17,KQQ-67,25.21,38(066)18-97-180
Катерина,Гордієнко,kateryna.hordiyenko@student.org,1989,8,17,SYE-54,28.24,38(096)94-32-281
Світлана,Гриценко,svitlana.hrytsenko4@student.org,1970,10,6,QDZ-22,15.64,38(067)58-36-294
Василь,Шевченко,vasyl.shevchenko2@student.org,1973,6,22,BVR-72,38.02,38(050)95-53-866
Ганна,Макаренко,hanna.makarenko@student.org,1954,3,5,JLD-92,14.25,38(099)86-28-665
Марія,Коваленко,mariya.kovalenko2@student.org,1955,10,1,PRG-45,6.83,38(096)57-43-520
Ярослав,Козлов,yaroslav.kozlov1@student.org,1968,2,10,BHE-94,28.28,38(050)14-74-158
Михайло,Рибак,mykhaylo.rybak4@student.org,1952,7,25,TGD-82,34.62,38(099)76-73-680
Григорій,Панченко,hryhoriy.panchenko3@student.org,1972,9,4,QDA-23,87.65,38(099)20-92-657
Оксана,Петренко,oksana.petrenko1@student.org,2009,6,27,KHF-11,37.86,38(066)43-50-528
Павло,Гриценко,pavlo.hrytsenko@student.org,1952,10,7,RNW-32,51.3,38(067)61-57-772
Віктор,Авраменко,viktor.avramenko@student.org,1985,4,19,TPU-22,77.77,38(067)62-86-547
Любов,Омельченко,lyubov.omelchenko3@student.org,1967,8,22,XUT-37,4.9,38(098)47-95-602
Катерина,Мельник,kateryna.melnyk@student.org,1956,12,21,JII-94,4.27,38(063)29-80-111
Роман,Зайцев,roman.zaytsev1@student.org,1954,2,26,BTW-65,34.21,38(095)72-48-464
Дмитро,Новік,dmytro.novik1@student.org,1970,9,11,OKP-80,21.94,38(068)75-10-923
Наталія,Захарченко,nataliya.zakharchenko1@student.org,2002,1,6,SHC-32,7.38,38(067)50-55-226
Валентина,Кузьменко,valentyna.kuzmenko1@student.org,2007,7,28,IHA-49,21.34,38(093)34-20-702
Вікторія,Левченко,viktoriya.levchenko1@student.org,1969,9,12,WDM-93,73.43,38(063)87-64-760
Ганна,Гайдук,hanna.hayduk@student.org,2004,3,30,ZDW-22,13.68,38(099)58-74-770
Петро,Захарченко,petro.zakharchenko1@student.org,1978,3,4,OVE-81,68.09,38(066)48-90-480
Олександр,Стельмах,oleksandr.stelmakh@student.org,2006,12,6,BIP-34,71.64,38(098)74-10-636
Анна,Кузьменко,anna.kuzmenko@student.org,1966,3,30,STE-30,30.78,38(067)58-47-767
Любов,Литвин,lyubov.lytvyn2@student.org,1950,5,24,GXY-94,61.81,38(099)65-70-362
Станіслав,Ткаченко,stanislav.tkachenko@student.org,1998,12,1,ZKM-78,61.15,38(050)14-69-314
Катерина,Новік,kateryna.novik@student.org,1959,3,23,HLB-66,98.42,38(093)12-69-971
Олеся,Кузьменко,olesya.kuzmenko1@student.org,1976,8,20,AVY-16,58.96,38(066)62-96-380
Роман,Кузьменко,roman.kuzmenko@student.org,1996,12,2,MCS-42,48.88,38(066)48-55-778
Олеся,Никоненко,olesya.nykonenko@student.org,1961,6,13,LFM-68,19.92,38(096)63-11-677
Олександр,Цимбал,oleksandr.tsymbal1@student.org,1954,3,25,OKS-97,57.37,38(068)90-37-709
Павло,Захарченко,pavlo.zakharchenko3@student.org,1971,8,19,SYO-15,10.82,38(097)12-96-217
Ігор,Руденко,ihor.rudenko1@student.org,1993,4,19,RFV-22,61.59,38(067)20-25-791
Артем,Білоус,artem.bilous2@student.org,1992,2,1,VKA-78,72.38,38(097)32-40-637
Андрій,Омельченко,andriy.omelchenko2@student.org,1973,8,20,IHN-12,34.07,38(097)28-90-781
Любов,Кравченко,lyubov.kravchenko1@student.org,1967,5,29,AZM-57,50.35,38(066)13-47-178
Анна,Зайцев,anna.zaytsev@student.org,1994,9,2,ZME-55,85.46,38(050)40-41-542
Федір,Цимбал,fedir.tsymbal1@student.org,1955,11,3,PGA-94,27.42,38(098)38-13-567
Юлія,Костенко,yuliya.kostenko1@student.org,1996,4,10,XLU-63,29.68,38(050)90-61-167
Анна,Стельмах,anna.stelmakh2@student.org,1958,7,24,CPQ-53,75.91,38(098)10-72-642
Світлана,Марченко,svitlana.marchenko3@student.org,1983,8,25,KCR-13,60.59,38(073)80-11-332
Лариса,Король,larysa.korol@student.org,2001,10,27,TMM-37,5.02,38(050)84-59-573
Галина,Шевченко,halyna.shevchenko3@student.org,1957,9,14,ISW-24,78.39,38(063)88-87-399
Ігор,Гладко,ihor.hladko2@student.org,1983,11,27,SLR-72,2.49,38(068)97-33-656
Сергій,Дорошенко,serhiy.doroshenko1@student.org,1959,6,8,KNI-55,54.84,38(067)26-78-922
Василь,Левченко,vasyl.levchenko@student.org,1986,12,1,HLN-95,40.76,38(097)38-41-105
Тетяна,Новік,tetyana.novik2@student.org,1953,1,1,RNW-32,29.91,38(067)54-93-758
Станіслав,Ткаченко,stanislav.tkachenko1@student.org,2006,5,31,TRY-78,54.79,38(068)22-81-122
Анна,Левченко,anna.levchenko1@student.org,1975,1,7,UIS-87,86.32,38(063)70-57-436
Наталія,Кравченко,nataliya.kravchenko1@student.org,2007,7,16,XPL-24,39.92,38(095)25-84-141
Сергій,Коваленко,serhiy.kovalenko1@student.org,2004,10,29,BUD-55,39.12,38(068)50-99-535
Віктор,Шевченко,viktor.shevchenko1@student.org,2008,8,3,CYR-27,53.27,38(067)36-43-159
Денис,Романенко,denys.romanenko@student.org,1990,12,18,MJW-41,48.24,38(098)43-33-982
Юрій,Костенко,yuriy.kostenko1@student.org,1955,5,9,AKZ-24,30.69,38(073)38-87-973
Алла,Білоус,alla.bilous1@student.org,1975,12,25,HFG-42,39.39,38(073)90-31-205
Валентина,Коваль,valentyna.koval2@student.org,1952,9,29,YFP-79,20.42,38(097)75-79-228
Лілія,Іваненко,liliya.ivanenko1@student.org,1953,7,19,ZLF-89,38.38,38(050)78-72-952
Раїса,Стельмах,rayisa.stelmakh4@student.org,1970,8,9,FKZ-25,77.35,38(067)88-38-423
Павло,Мельник,pavlo.melnyk@student.org,1964,4,30,EDM-79,63.18,38(073)72-69-361
Іван,Марченко,ivan.marchenko@student.org,1981,8,9,ZAQ-79,78.1,38(063)38-74-340
Ігор,Шаповал,ihor.shapoval@student.org,1950,10,24,ZUK-89,79.67,38(066)85-12-599
Федір,Савченко,fedir.savchenko1@student.org,1981,12,15,NAY-55,51.14,38(093)83-32-580
Олена,Михайленко,olena.mykhaylenko2@student.org,1968,6,25,XBU-48,40.93,38(073)44-32-118
Ганна,Гриценко,hanna.hrytsenko@student.org,1997,7,13,BRW-62,82.08,38(067)98-27-840
Богдан,Поліщук,bohdan.polishchuk@student.org,1980,5,23,VFT-87,91.74,38(068)69-92-182
Валентина,Кравченко,valentyna.kravchenko2@student.org,1966,11,11,AKB-83,30.41,38(050)80-21-556
Тетяна,Цимбал,tetyana.tsymbal1@student.org,1973,1,27,OVE-81,34.77,38(096)98-99-883
Людмила,Гладко,lyudmyla.hladko1@student.org,1991,3,11,VNJ-46,91.94,38(066)11-38-219
Ігор,Гордієнко,ihor.hordiyenko1@student.org,2003,10,14,HLC-84,77.34,38(050)23-71-601
Станіслав,Руденко,stanislav.rudenko@student.org,2004,4,23,WIC-44,87.92,38(095)40-29-997
Григорій,Левченко,hryhoriy.levchenko@student.org,1980,10,28,QYQ-76,63.09,38(098)68-86-407
Костянтин,Марченко,kostyantyn.marchenko@student.org,2002,1,27,ARH-42,7.74,38(098)13-55-783
Станіслав,Гладко,stanislav.hladko2@student.org,1969,8,26,BHH-22,49.76,38(098)40-97-532
Іван,Козлов,ivan.kozlov@student.org,1968,2,21,QRR-38,91.52,38(066)74-71-785
Лілія,Авраменко,liliya.avramenko@student.org,1963,2,25,CGO-91,64.18,38(096)69-75-601
Юлія,Гладко,yuliya.hladko1@student.org,2006,4,8,QAF-60,45.37,38(095)91-20-821
Ірина,Литвин,iryna.lytvyn2@student.org,2009,8,29,GUV-10,46.22,38(066)77-91-945
Олександр,Гладко,oleksandr.hladko2@student.org,1981,3,24,FZU-91,45.12,38(050)64-51-439
Віктор,Костенко,viktor.kostenko@student.org,1999,10,13,ZCV-16,67.88,38(095)69-47-169
Тарас,Козлов,taras.kozlov@student.org,1981,6,28,RLF-84,35.61,38(095)62-82-485
Анна,Білоус,anna.bilous4@student.org,1953,9,13,ZYM-17,36.12,38(068)46-83-916
Людмила,Михайленко,lyudmyla.mykhaylenko1@student.org,1982,9,29,MFA-70,8.4,38(073)51-20-659
Федір,Кравченко,fedir.kravchenko@student.org,1987,4,21,SYU-79,14.61,38(093)79-76-413
Станіслав,Авраменко,stanislav.avramenko2@student.org,1988,12,29,ICO-23,64.38,38(050)14-90-486
Вікторія,Михайленко,viktoriya.mykhaylenko1@student.org,1986,10,15,BHV-58,80.13,38(099)98-40-673
Максим,Левченко,maksym.levchenko@student.org,1993,2,25,OFZ-66,88.69,38(066)57-80-360
Анна,Захарченко,anna.zakharchenko1@student.org,1984,5,4,XNQ-49,47.37,38(050)54-76-843
Інна,Лебедь,inna.lebed1@student.org,1975,12,13,YEP-18,19.19,38(099)21-84-986
Роман,Савченко,roman.savchenko2@student.org,1978,10,5,LFY-71,84.13,38(073)42-54-227
Костянтин,Павленко,kostyantyn.pavlenko1@student.org,1963,8,11,TYM-75,16.75,38(073)79-26-587
Богдан,Король,bohdan.korol1@student.org,1971,2,5,EQV-12,33.87,38(066)42-64-632
Вера,Шаповал,vera.shapoval4@student.org,2009,8,31,RZJ-12,82.08,38(068)11-23-547
Федір,Демченко,fedir.demchenko1@student.org,1969,11,12,MFP-16,81.77,38(095)64-79-595
Володимир,Коваленко,volodymyr.kovalenko1@student.org,1995,10,3,GLM-91,93.54,38(050)70-37-273
Володимир,Василенко,volodymyr.vasylenko@student.org,1970,3,4,DJK-48,68.21,38(073)17-48-756
Андрій,Левченко,andriy.levchenko@student.org,2000,5,8,SAM-83,22.12,38(073)60-35-994
Надія,Романенко,nadiya.romanenko@student.org,1982,12,19,CGL-19,76.79,38(099)82-69-157
Світлана,Лисенко,svitlana.lysenko2@student.org,1990,7,29,XYA-14,18.78,38(093)24-64-781
Богдан,Демченко,bohdan.demchenko@student.org,1985,3,18,TRB-55,45.5,38(095)53-67-750
Станіслав,Коваленко,stanislav.kovalenko@student.org,1999,9,2,MUW-51,54.02,38(068)70-94-975
Лілія,Білоус,liliya.bilous1@student.org,1986,9,29,VSC-21,37.35,38(093)52-75-304
Світлана,Бойко,svitlana.boyko1@student.org,2004,8,20,SZQ-62,22.91,38(050)59-70-788
Ганна,Макаренко,hanna.makarenko1@student.org,1976,4,6,MOH-71,73.96,38(097)94-81-756
Лариса,Никоненко,larysa.nykonenko3@student.org,1997,3,27,TGU-88,44.87,38(050)38-29-145
Вікторія,Никоненко,viktoriya.nykonenko1@student.org,1974,2,22,ZUU-81,60.96,38(067)26-40-781
Артем,Захарченко,artem.zakharchenko1@student.org,1995,5,21,VJV-26,64.89,38(096)59-49-689
Світлана,Шевчук,svitlana.shevchuk1@student.org,1970,1,17,ROR-90,95.98,38(067)29-10-899
Костянтин,Шевченко,kostyantyn.shevchenko1@student.org,2009,10,30,TTE-46,49.25,38(098)98-92-524
Інна,Ткаченко,inna.tkachenko1@student.org,1975,10,7,XZW-68,18.42,38(095)26-86-783
Ярослав,Захарченко,yaroslav.zakharchenko@student.org,2010,3,30,ZUX-74,86.9,38(097)17-51-551
Галина,Козлов,halyna.kozlov1@student.org,1957,4,5,SQA-22,79.09,38(097)54-71-527
Юлія,Дорошенко,yuliya.doroshenko1@student.org,2001,10,10,APF-58,30.02,38(099)69-35-743
Максим,Шевченко,maksym.shevchenko@student.org,1984,3,30,SCB-13,73.98,38(095)66-46-110
Олександр,Омельченко,oleksandr.omelchenko@student.org,1968,1,17,GNN-28,40.15,38(050)34-15-885
Олександр,Дорошенко,oleksandr.doroshenko@student.org,1998,5,12,HOO-32,70.17,38(073)89-57-585
Людмила,Савченко,lyudmyla.savchenko3@student.org,2006,11,5,GHI-47,81.72,38(093)13-52-266
Максим,Демченко,maksym.demchenko2@student.org,2000,1,29,QYZ-31,41.81,38(096)39-64-336
Сергій,Зайцев,serhiy.zaytsev3@student.org,1954,6,20,FQU-44,60.26,38(093)84-20-473
Віктор,Панченко,viktor.panchenko4@student.org,1958,2,20,IQT-57,96.61,38(098)66-50-693
Денис,Гайдук,denys.hayduk2@student.org,2008,8,26,FHA-37,85.88,38(099)53-49-704
Галина,Михайленко,halyna.mykhaylenko2@student.org,1959,12,15,GQF-41,3.34,38(095)94-49-760
Олеся,Лебедь,olesya.lebed2@student.org,1965,10,9,ARK-41,39.19,38(099)85-37-630
Віталій,Захарченко,vitaliy.zakharchenko3@student.org,1983,2,4,NMG-31,55.55,38(096)17-84-493
Ганна,Гладко,hanna.hladko@student.org,1994,7,4,PUO-74,81.83,38(066)91-74-470
Олена,Рибак,olena.rybak@student.org,1989,12,28,NCL-76,75.47,38(093)71-73-550
Любов,Василенко,lyubov.vasylenko1@student.org,1996,6,29,CJW-51,86.63,38(098)68-42-783
Олександр,Гордієнко,oleksandr.hordiyenko3@student.org,1979,5,30,WPJ-81,86.32,38(067)31-39-187
Богдан,Савченко,bohdan.savchenko@student.org,1952,7,2,TJB-64,88.37,38(097)73-42-964
Вера,Гордієнко,vera.hordiyenko3@student.org,1974,9,18,ZUQ-25,32.24,38(067)99-13-648
Артем,Шевчук,artem.shevchuk@student.org,2008,7,21,WQA-62,55.61,38(073)43-90-331
Артем,Зайцев,artem.zaytsev1@student.org,1977,2,12,HQN-61,0.88,38(050)55-32-293
Вера,Рибак,vera.rybak1@student.org,1995,4,11,PAK-57,12.93,38(066)17-66-930
Інна,Литвин,inna.lytvyn@student.org,1985,4,11,IPH-66,77.48,38(093)13-80-173
Артем,Іваненко,artem.ivanenko2@student.org,1952,6,18,FNS-25,28.93,38(063)72-49-530
Оксана,Авраменко,oksana.avramenko4@student.org,1953,6,16,FWE-67,24.85,38(067)59-27-814
Алла,Дорошенко,alla.doroshenko@student.org,1955,11,2,FWE-67,99.57,38(068)66-75-816
Ярослав,Коваленко,yaroslav.kovalenko1@student.org,2008,12,1,CYA-12,36.82,38(067)95-25-700
Вікторія,Дорошенко,viktoriya.doroshenko2@student.org,1990,9,1,KXV-43,69.45,38(093)57-17-229
Іван,Шаповал,ivan.shapoval2@student.org,1982,4,13,THC-38,9.45,38(095)68-76-288
Людмила,Кузьменко,lyudmyla.kuzmenko1@student.org,1999,3,24,BNC-22,69.63,38(093)53-40-522
Валентина,Бойко,valentyna.boyko4@student.org,1961,2,16,PEW-50,10.3,38(096)98-95-325
Петро,Зайцев,petro.zaytsev@student.org,2000,5,20,MCJ-35,52.58,38(066)17-18-683
Ганна,Панченко,hanna.panchenko2@student.org,1965,3,18,MKC-39,93.75,38(096)60-43-246
Роман,Гордієнко,roman.hordiyenko2@student.org,1991,3,16,LOU-99,82.83,38(063)32-84-463
Юрій,Кравченко,yuriy.kravchenko1@student.org,1972,1,30,DBR-33,51.71,38(095)41-44-654
Юлія,Мельник,yuliya.melnyk3@student.org,1982,9,5,RAS-52,75.21,38(068)60-91-645
Надія,Савченко,nadiya.savchenko1@student.org,1990,8,21,LJJ-35,23.23,38(068)74-79-971
Алла,Левченко,alla.levchenko@student.org,1981,1,20,YOH-21,96.73,38(050)97-69-182
Людмила,Шевченко,lyudmyla.shevchenko1@student.org,1977,9,23,ZTV-62,38.83,38(093)43-79-497
Роман,Ткаченко,roman.tkachenko3@student.org,1994,10,5,KYR-44,77.25,38(093)33-45-528
Ярослав,Зайцев,yaroslav.zaytsev1@student.org,1970,11,18,LKW-22,20.74,38(067)51-99-692
Денис,Макаренко,denys.makarenko1@student.org,1966,3,9,LKI-56,52.09,38(093)79-58-362
Василь,Коваль,vasyl.koval1@student.org,1998,11,11,IWI-27,2.15,38(066)29-96-830
Іван,Іваненко,ivan.ivanenko2@student.org,2004,11,3,UCM-25,99.95,38(097)32-97-594
Ярослав,Білоус,yaroslav.bilous@student.org,1956,9,27,CZT-77,80.25,38(066)26-20-349
Роман,Гончаренко,roman.honcharenko1@student.org,1969,1,18,JXG-42,97.74,38(096)77-60-164
Тетяна,Марченко,tetyana.marchenko@student.org,1966,10,1,LGT-94,81.66,38(063)19-59-582
Богдан,Макаренко,bohdan.makarenko1@student.org,1984,9,15,PHW-53,10.13,38(093)59-68-492
Роман,Никоненко,roman.nykonenko@student.org,2009,3,11,DFR-40,71.61,38(095)72-90-232
Віталій,Василенко,vitaliy.vasylenko1@student.org,1985,1,24,GBU-57,76.52,38(063)74-93-467
Олександр,Омельченко,oleksandr.omelchenko1@student.org,1987,10,27,VTM-15,41.32,38(096)85-63-693
Григорій,Кузьменко,hryhoriy.kuzmenko1@student.org,1960,6,14,XML-10,25.19,38(067)47-79-675
Любов,Гордієнко,lyubov.hordiyenko@student.org,1970,3,15,DLN-14,48.54,38(096)72-35-815
Марія,Стельмах,mariya.stelmakh1@student.org,1982,3,7,HTP-18,16.48,38(050)64-34-336
Юлія,Шевчук,yuliya.shevchuk@student.org,1965,10,30,WAK-67,94.17,38(098)41-36-725
Василь,Литвин,vasyl.lytvyn2@student.org,2006,3,28,TVJ-59,1.69,38(063)37-70-722
Віталій,Стельмах,vitaliy.stelmakh3@student.org,1994,12,10,YLU-47,92.71,38(098)52-15-979
Станіслав,Руденко,stanislav.rudenko1@student.org,1988,9,1,VFX-41,98.22,38(073)17-87-878
Петро,Никоненко,petro.nykonenko@student.org,1967,5,13,NMI-97,53.2,38(067)57-73-465
Артем,Демченко,artem.demchenko2@student.org,1970,6,16,TMI-17,89.42,38(067)23-82-973
Ярослав,Литвин,yaroslav.lytvyn2@student.org,2010,1,8,BQZ-57,30.07,38(097)59-63-731
Любов,Король,lyubov.korol2@student.org,1960,3,7,VBF-61,33.33,38(050)38-28-832
Алла,Михайленко,alla.mykhaylenko@student.org,1968,1,21,NTI-68,47.69,38(073)26-78-355
Наталія,Литвин,nataliya.lytvyn1@student.org,1975,12,15,EBR-36,83.52,38(050)27-89-566
Ігор,Козлов,ihor.kozlov1@student.org,1961,2,13,IFO-79,15.37,38(066)30-97-464
Андрій,Михайленко,andriy.mykhaylenko@student.org,1965,9,6,YSH-71,78.41,38(068)78-31-526
Павло,Демченко,pavlo.demchenko@student.org,1994,12,23,MRR-86,31.61,38(050)70-72-716
Надія,Никоненко,nadiya.nykonenko@student.org,1970,2,1,ADN-74,30.04,38(068)31-59-895
Алла,Левченко,alla.levchenko1@student.org,1972,5,8,AKT-68,88.92,38(097)33-50-374
Марія,Литвин,mariya.lytvyn@student.org,1973,8,23,RKT-11,50.72,38(096)67-35-263
Денис,Іваненко,denys.ivanenko2@student.org,2001,5,5,IQA-60,67.38,38(093)57-84-988
Юрій,Скрипка,yuriy.skrypka1@student.org,1953,4,7,WLT-47,59.63,38(099)32-95-599
Ганна,Авраменко,hanna.avramenko1@student.org,1998,6,21,QQM-96,8.6,38(099)25-88-150
Федір,Коваль,fedir.koval@student.org,1985,11,4,ZLN-22,36.41,38(098)37-46-149
Павло,Ковальчук,pavlo.kovalchuk1@student.org,1952,2,29,UGG-87,30.02,38(099)75-34-877
Валентина,Гриценко,valentyna.hrytsenko@student.org,1967,2,25,QLR-17,95.75,38(066)36-44-652
Наталія,Кузьменко,nataliya.kuzmenko@student.org,1973,7,23,ORS-66,44.27,38(093)37-77-619
Олеся,Макаренко,olesya.makarenko2@student.org,1999,1,19,EDJ-33,4.36,38(073)52-62-114
Людмила,Коваль,lyudmyla.koval@student.org,1951,7,30,MWE-50,90.13,38(066)64-22-289
Станіслав,Стельмах,stanislav.stelmakh1@student.org,1950,10,16,CRV-56,52.95,38(066)71-14-221
Павло,Демченко,pavlo.demchenko1@student.org,1973,9,17,QPB-88,88.44,38(097)61-33-876
Роман,Коваленко,roman.kovalenko2@student.org,1967,4,6,IKX-12,10.06,38(067)70-14-169
Богдан,Левченко,bohdan.levchenko3@student.org,1954,1,6,DIH-43,7.66,38(066)69-43-257
Наталія,Білоус,nataliya.bilous@student.org,2006,7,31,WLD-29,49.86,38(050)50-28-798
Вера,Гордієнко,vera.hordiyenko4@student.org,2000,6,26,QHY-18,21.92,38(095)18-67-385
Остап,Білоус,ostap.bilous2@student.org,1979,9,18,JWS-45,91.68,38(066)68-31-514
Анна,Козлов,anna.kozlov@student.org,1984,4,15,FNQ-27,76.22,38(099)59-84-865
Віталій,Король,vitaliy.korol2@student.org,2003,5,13,RFR-30,16.53,38(050)46-67-720
Іван,Шевчук,ivan.shevchuk1@student.org,1999,4,5,TKF-83,78.79,38(095)23-83-184
Вікторія,Новік,viktoriya.novik2@student.org,1978,8,8,YFO-13,9.81,38(099)77-52-571
Сергій,Шевчук,serhiy.shevchuk@student.org,2000,11,4,ZSZ-74,44.13,38(093)18-28-219
Костянтин,Захарченко,kostyantyn.zakharchenko1@student.org,1967,5,14,RWZ-83,95.07,38(050)29-38-350
Артем,Гайдук,artem.hayduk1@student.org,1982,5,7,VVX-29,22.26,38(093)68-92-241
Роман,Гончаренко,roman.honcharenko2@student.org,1993,3,10,DHM-33,72.55,38(095)74-19-303
Тетяна,Кузьменко,tetyana.kuzmenko@student.org,1968,12,11,QTX-24,4.89,38(050)15-88-286
Станіслав,Макаренко,stanislav.makarenko2@student.org,1979,4,1,JKV-67,76.74,38(067)73-21-854
Галина,Макаренко,halyna.makarenko3@student.org,1950,12,19,JDK-31,16.63,38(098)66-88-903
Артем,Дорошенко,artem.doroshenko2@student.org,1964,12,21,LQD-42,2.77,38(096)57-64-981
Артем,Зайцев,artem.zaytsev2@student.org,1993,6,14,OUP-47,87.21,38(096)46-14-426
Тарас,Шевченко,taras.shevchenko@student.org,1992,8,10,GKJ-13,33.89,38(066)90-18-715
Галина,Гончаренко,halyna.honcharenko2@student.org,1980,2,4,UHN-97,31.84,38(067)80-10-997
Віктор,Костенко,viktor.kostenko1@student.org,1992,7,1,LCF-17,44.14,38(093)18-16-281
Олена,Омельченко,olena.omelchenko@student.org,1978,8,13,OKP-80,61.68,38(095)99-91-367
Юрій,Ковальчук,yuriy.kovalchuk@student.org,2008,10,26,LJJ-35,55.34,38(096)38-25-573
Михайло,Гриценко,mykhaylo.hrytsenko2@student.org,1959,9,29,UJJ-16,68.14,38(066)92-38-810
Юлія,Бойко,yuliya.boyko@student.org,1993,10,18,ZKX-53,37.83,38(098)29-45-660
Наталія,Іваненко,nataliya.ivanenko@student.org,2006,6,21,FGT-84,7.13,38(095)28-49-292
Світлана,Козлов,svitlana.kozlov2@student.org,1999,5,27,MDS-81,28.44,38(097)56-42-644
Дмитро,Лисенко,dmytro.lysenko1@student.org,2006,10,15,JUZ-61,50.93,38(066)73-47-643
Роман,Демченко,roman.demchenko2@student.org,1993,5,13,XXC-38,49.39,38(066)99-59-880
Ірина,Марченко,iryna.marchenko@student.org,1994,1,21,BXO-83,4.95,38(096)11-59-528
Юрій,Шевченко,yuriy.shevchenko1@student.org,1991,3,24,OXM-94,4.06,38(068)35-38-531
Остап,Петренко,ostap.petrenko@student.org,1953,12,14,NRP-52,47.62,38(067)52-16-571
Андрій,Стельмах,andriy.stelmakh1@student.org,1973,11,4,HDF-13,43.45,38(097)25-28-128
Федір,Мельник,fedir.melnyk1@student.org,2010,12,1,VHB-70,83.18,38(066)39-91-650
Раїса,Рибак,rayisa.rybak2@student.org,2007,2,22,BUC-37,20.1,38(096)33-42-905
Сергій,Король,serhiy.korol2@student.org,1974,3,15,FKA-97,33.98,38(098)51-87-384
Олена,Мельник,olena.melnyk1@student.org,1957,10,21,CRV-76,65.79,38(098)29-61-779
Світлана,Романенко,svitlana.romanenko1@student.org,1982,12,18,IAD-16,81.56,38(093)30-76-489
Раїса,Демченко,rayisa.demchenko2@student.org,1966,8,21,DGJ-19,90.69,38(098)74-62-571
Лариса,Іваненко,larysa.ivanenko@student.org,1956,5,30,OQW-75,80.23,38(093)20-41-432
Алла,Білоус,alla.bilous2@student.org,2003,7,25,AMP-36,11.35,38(099)59-25-798
Лариса,Цимбал,larysa.tsymbal1@student.org,2006,11,10,RWC-39,17.03,38(063)48-72-191
Євгенія,Макаренко,yevheniya.makarenko1@student.org,1950,2,23,BCB-70,50.58,38(097)91-90-150
Олеся,Зайцев,olesya.zaytsev@student.org,1985,10,18,EVC-88,22.85,38(073)58-51-175
Тетяна,Лисенко,tetyana.lysenko@student.org,1993,3,11,EEU-26,13.29,38(068)47-55-509
Артем,Шевчук,artem.shevchuk1@student.org,2009,12,7,SAM-83,45.1,38(067)45-60-907
Катерина,Білоус,kateryna.bilous@student.org,1965,2,15,FEH-34,49.35,38(098)92-35-762
Петро,Коваленко,petro.kovalenko1@student.org,1976,5,9,RCI-40,64.61,38(098)45-67-701
Наталія,Мельник,nataliya.melnyk@student.org,2004,9,14,IIY-69,0.62,38(098)14-62-633
Юлія,Цимбал,yuliya.tsymbal2@student.org,1968,1,4,KIQ-96,45.5,38(093)85-27-502
Максим,Гордієнко,maksym.hordiyenko1@student.org,1955,10,6,DCA-32,59.48,38(093)83-59-378
Наталія,Лисенко,nataliya.lysenko1@student.org,2001,9,7,QOJ-17,7.03,38(099)75-96-582
Лілія,Павленко,liliya.pavlenko2@student.org,1981,2,25,BQV-12,48.62,38(063)42-39-125
Оксана,Омельченко,oksana.omelchenko1@student.org,1986,2,5,VQM-71,18.01,38(096)32-55-970
Євгенія,Омельченко,yevheniya.omelchenko4@student.org,1966,7,22,EPU-92,2.27,38(067)66-70-474
Вікторія,Гриценко,viktoriya.hrytsenko@student.org,1995,2,26,ZKV-72,10.05,38(063)30-61-608
Михайло,Кузьменко,mykhaylo.kuzmenko2@student.org,1957,2,4,KPI-76,78.17,38(095)27-81-725
Віктор,Ковальчук,viktor.kovalchuk@student.org,1977,5,9,IYI-39,17.67,38(097)96-41-578
Тарас,Поліщук,taras.polishchuk@student.org,1959,6,19,XCF-76,90.04,38(067)27-18-127
Григорій,Козлов,hryhoriy.kozlov2@student.org,1952,2,9,CMA-76,97.64,38(099)66-72-312
Віктор,Коваль,viktor.koval3@student.org,1972,5,7,VLK-27,76.66,38(099)11-47-830
Ігор,Марченко,ihor.marchenko1@student.org,1997,12,12,LTH-56,5.48,38(067)19-18-885
Катерина,Романенко,kateryna.romanenko@student.org,2005,7,27,QUS-16,50.57,38(066)13-89-884
Остап,Омельченко,ostap.omelchenko1@student.org,1991,6,9,JFI-53,70.39,38(068)29-74-707
Дмитро,Василенко,dmytro.vasylenko1@student.org,1954,9,11,PXE-78,84.36,38(067)87-62-823
Юлія,Шаповал,yuliya.shapoval1@student.org,1998,10,18,JCU-94,98.95,38(067)46-46-902
Сергій,Мельник,serhiy.melnyk@student.org,1954,2,25,MVT-19,5.06,38(097)12-67-319
Іван,Кравченко,ivan.kravchenko2@student.org,1961,1,9,ABY-41,21.97,38(063)12-88-820
Василь,Макаренко,vasyl.makarenko2@student.org,1971,10,24,KQI-14,13.5,38(099)67-17-678
Денис,Захарченко,denys.zakharchenko@student.org,1984,2,27,FWL-33,46.88,38(096)50-53-448
Інна,Дорошенко,inna.doroshenko1@student.org,1980,12,5,LFY-71,93.47,38(098)91-44-178
Тарас,Руденко,taras.rudenko4@student.org,1954,12,20,UOJ-75,25.01,38(098)33-89-602
Максим,Зайцев,maksym.zaytsev@student.org,2001,6,24,GPH-85,37.34,38(050)19-94-105
Юрій,Авраменко,yuriy.avramenko5@student.org,1967,7,17,SEH-98,48.08,38(099)63-29-805
Ганна,Костенко,hanna.kostenko@student.org,1950,10,23,ZDY-54,13.77,38(098)16-74-716
Інна,Левченко,inna.levchenko2@student.org,2009,1,5,WDW-53,35.37,38(068)77-31-481
Олександр,Гордієнко,oleksandr.hordiyenko4@student.org,1996,4,8,SZD-97,93.54,38(099)95-22-276
Галина,Ткаченко,halyna.tkachenko3@student.org,1959,12,2,FLT-27,95.9,38(066)82-57-417
Оксана,Поліщук,oksana.polishchuk1@student.org,2010,1,20,VWX-33,41.53,38(095)52-77-616
Ігор,Гладко,ihor.hladko3@student.org,1991,11,10,OGH-36,39.07,38(063)18-13-635
Ганна,Панченко,hanna.panchenko3@student.org,1973,5,9,LHC-63,34.62,38(097)90-28-784
Роман,Зайцев,roman.zaytsev2@student.org,1972,7,10,QOI-12,22.54,38(063)26-24-503
Ірина,Ковальчук,iryna.kovalchuk2@student.org,1977,12,1,BGV-92,10.21,38(050)53-29-531
Володимир,Костенко,volodymyr.kostenko3@student.org,1998,3,15,WJO-24,14.12,38(098)65-39-827
Андрій,Михайленко,andriy.mykhaylenko1@student.org,1959,1,26,ZPU-44,12.42,38(066)85-54-776
Лілія,Авраменко,liliya.avramenko1@student.org,2002,8,2,UIK-78,74.67,38(067)91-52-597
Григорій,Іваненко,hryhoriy.ivanenko@student.org,1966,2,19,MLI-30,74.98,38(068)27-32-109
Вера,Никоненко,vera.nykonenko4@student.org,2003,10,18,XSK-65,46.44,38(066)42-25-240
Ярослав,Гончаренко,yaroslav.honcharenko@student.org,1973,12,7,KWE-56,49.04,38(097)91-52-704
Ярослав,Кравченко,yaroslav.kravchenko@student.org,1973,5,18,YIN-82,79.79,38(095)91-20-585
Марія,Коваль,mariya.koval@student.org,1991,1,15,IDG-60,8.14,38(098)32-64-176
Інна,Гончаренко,inna.honcharenko1@student.org,1999,8,7,RTX-70,9.73,38(097)77-14-643
Олена,Коваленко,olena.kovalenko@student.org,1951,12,11,IBD-78,66.59,38(096)89-32-345
Григорій,Ткаченко,hryhoriy.tkachenko1@student.org,2005,1,7,MAQ-17,75.7,38(093)22-48-512
Андрій,Коваленко,andriy.kovalenko4@student.org,1963,9,12,DMW-46,8.44,38(093)84-76-689
Тарас,Василенко,taras.vasylenko@student.org,1950,6,5,LQV-82,44.22,38(050)17-84-567
Ігор,Мельник,ihor.melnyk2@student.org,1977,10,6,JQQ-18,59.32,38(068)74-53-408
Вікторія,Шевчук,viktoriya.shevchuk1@student.org,1959,7,25,RQG-63,42.8,38(063)48-39-788
Ігор,Шаповал,ihor.shapoval1@student.org,1991,10,7,UYN-34,33.26,38(068)20-28-961
Денис,Білоус,denys.bilous@student.org,1959,5,20,TGY-18,3.13,38(073)17-59-694
Роман,Кузьменко,roman.kuzmenko1@student.org,1980,3,8,VIE-66,4.98,38(066)81-73-886
Роман,Іваненко,roman.ivanenko1@student.org,1952,10,28,UJJ-16,49.44,38(066)67-44-916
Роман,Кравченко,roman.kravchenko3@student.org,1993,7,8,ZVA-10,95.55,38(067)77-58-858
Віктор,Новік,viktor.novik@student.org,1958,10,16,XQP-66,40.43,38(068)74-86-803
Катерина,Руденко,kateryna.rudenko1@student.org,1962,5,28,JSH-11,14.58,38(073)30-83-397
Андрій,Демченко,andriy.demchenko2@student.org,1963,6,18,SFH-87,76.35,38(097)13-45-498
Михайло,Кузьменко,mykhaylo.kuzmenko3@student.org,2002,8,27,WXL-73,30.76,38(068)29-51-681
Артем,Руденко,artem.rudenko@student.org,1970,8,10,GEI-58,93.69,38(095)32-27-278
Лариса,Никоненко,larysa.nykonenko4@student.org,1968,1,11,KNI-55,61.01,38(093)89-74-875
Федір,Новік,fedir.novik1@student.org,1993,7,24,MSW-18,73.85,38(050)69-40-274
Григорій,Панченко,hryhoriy.panchenko4@student.org,1952,4,13,EHZ-91,59.08,38(073)29-89-363
Андрій,Шевченко,andriy.shevchenko1@student.org,1953,3,9,SYU-79,65.61,38(068)26-50-315
Інна,Василенко,inna.vasylenko@student.org,1962,8,20,DVF-10,51.09,38(073)62-78-293
Максим,Романенко,maksym.romanenko1@student.org,1965,10,15,IKX-12,90.88,38(093)15-12-235
Оксана,Гайдук,oksana.hayduk@student.org,1980,3,24,EBO-35,21.98,38(063)82-50-752
Василь,Рибак,vasyl.rybak@student.org,2003,7,4,FCE-23,40.83,38(096)44-80-237
Анна,Білоус,anna.bilous5@student.org,1986,7,22,SPO-68,44.94,38(068)71-14-621
Артем,Кравченко,artem.kravchenko1@student.org,1954,1,8,PPK-58,41.71,38(095)78-48-404
Галина,Литвин,halyna.lytvyn@student.org,1975,5,5,RRT-21,38.5,38(067)86-58-995
Віталій,Бойко,vitaliy.boyko@student.org,1982,4,22,VNK-18,30.99,38(096)18-31-223
Вікторія,Поліщук,viktoriya.polishchuk1@student.org,1987,4,11,AHN-22,89.7,38(097)66-69-333
Олена,Демченко,olena.demchenko2@student.org,1973,1,3,TMZ-53,80.98,38(095)30-19-830
Павло,Іваненко,pavlo.ivanenko2@student.org,1965,11,15,AWY-22,4.59,38(096)62-24-733
Андрій,Марченко,andriy.marchenko1@student.org,1969,4,25,YSH-71,38.56,38(093)27-63-146
Григорій,Новік,hryhoriy.novik@student.org,1974,10,5,BOU-17,24.89,38(050)33-46-286
Сергій,Павленко,serhiy.pavlenko1@student.org,1971,7,21,CMS-20,15.94,38(098)46-74-788
Ірина,Гордієнко,iryna.hordiyenko@student.org,1980,7,31,ZTE-88,45.05,38(096)34-53-156
Анна,Савченко,anna.savchenko1@student.org,1982,12,14,BLK-38,26.46,38(099)90-57-503
Анна,Шаповал,anna.shapoval@student.org,1973,9,5,XQW-97,51.78,38(097)63-47-634
Наталія,Коваль,nataliya.koval1@student.org,1988,1,16,UCM-25,84.17,38(073)73-41-437
Надія,Панченко,nadiya.panchenko4@student.org,1960,3,13,STJ-71,73.33,38(096)38-71-278
Лариса,Гайдук,larysa.hayduk2@student.org,2009,9,15,HQV-30,16.49,38(067)43-24-503
Віталій,Ткаченко,vitaliy.tkachenko1@student.org,1985,4,6,KPB-47,69.13,38(063)18-23-766
Максим,Гордієнко,maksym.hordiyenko2@student.org,2009,7,6,NCL-76,72.87,38(050)59-32-334
Ярослав,Ткаченко,yaroslav.tkachenko3@student.org,1956,10,9,HKN-68,63.18,38(093)81-31-625
Петро,Гордієнко,petro.hordiyenko@student.org,1968,2,1,CMO-77,60.28,38(096)30-31-320
Лілія,Козлов,liliya.kozlov@student.org,1966,12,21,QYH-96,42.74,38(067)56-14-435
Алла,Білоус,alla.bilous3@student.org,1996,3,26,QZW-42,52.64,38(096)71-61-927
Надія,Руденко,nadiya.rudenko1@student.org,1977,2,27,JPN-25,65.49,38(050)96-88-602
Раїса,Левченко,rayisa.levchenko2@student.org,1981,1,1,MGK-30,82.95,38(063)98-43-852
Ірина,Новік,iryna.novik@student.org,2008,10,15,MJW-41,72.94,38(093)59-91-625
Станіслав,Савченко,stanislav.savchenko1@student.org,1979,4,22,EWD-30,39.64,38(050)64-41-498
Світлана,Демченко,svitlana.demchenko@student.org,1988,1,26,VZI-53,67.51,38(093)69-88-801
Євгенія,Поліщук,yevheniya.polishchuk1@student.org,1977,7,21,TXK-54,14.3,38(066)84-50-800
Раїса,Лисенко,rayisa.lysenko3@student.org,1977,7,9,VXV-83,90.49,38(050)14-37-433
Валентина,Романенко,valentyna.romanenko1@student.org,1951,12,19,RXH-75,12.88,38(066)76-53-593
Роман,Гайдук,roman.hayduk1@student.org,1958,12,2,OUK-20,21.26,38(098)69-80-285
Ірина,Лебедь,iryna.lebed@student.org,1950,11,16,UQW-56,22.92,38(093)29-47-462
Максим,Шевченко,maksym.shevchenko1@student.org,1950,7,3,LLO-67,49.71,38(073)31-93-587
Євгенія,Марченко,yevheniya.marchenko1@student.org,2010,5,4,RHD-24,64.72,38(050)32-37-979
Людмила,Макаренко,lyudmyla.makarenko@student.org,1961,8,16,EVS-47,53.19,38(063)97-58-984
Дмитро,Захарченко,dmytro.zakharchenko2@student.org,1957,5,21,MTE-82,17.27,38(063)32-95-319
Григорій,Мельник,hryhoriy.melnyk1@student.org,1983,12,27,NZU-67,7.33,38(096)37-48-618
Раїса,Рибак,rayisa.rybak3@student.org,2010,2,9,QWK-73,90.84,38(066)94-65-366
Анна,Павленко,anna.pavlenko2@student.org,1983,1,4,GHZ-19,18.21,38(068)60-76-384
Ірина,Панченко,iryna.panchenko2@student.org,1978,6,7,ADQ-50,93.02,38(067)20-33-121
Дмитро,Макаренко,dmytro.makarenko@student.org,1953,10,27,TYC-90,80.57,38(073)85-70-274
Федір,Шаповал,fedir.shapoval@student.org,2004,5,30,NEE-22,30.2,38(093)72-77-447
Світлана,Василенко,svitlana.vasylenko@student.org,2001,12,27,WVG-55,96.09,38(095)60-48-790
Олександр,Лебедь,oleksandr.lebed2@student.org,1974,3,11,PXJ-30,74.21,38(097)97-92-994
Ігор,Романенко,ihor.romanenko2@student.org,1958,12,31,YHS-66,60.17,38(067)99-50-982
Костянтин,Михайленко,kostyantyn.mykhaylenko@student.org,2003,3,22,YPM-16,53.47,38(066)77-43-322
Денис,Король,denys.korol1@student.org,1977,4,16,HQY-57,66.81,38(096)82-56-675
Федір,Король,fedir.korol@student.org,1976,3,18,RIB-13,76.84,38(095)87-42-917
Євгенія,Савченко,yevheniya.savchenko1@student.org,2000,1,17,XCR-72,94.16,38(068)40-37-751
Роман,Дорошенко,roman.doroshenko2@student.org,2001,7,2,XMM-57,38.82,38(063)94-71-616
Роман,Білоус,roman.bilous4@student.org,1984,3,2,XWX-37,34.86,38(063)59-28-524
Євгенія,Гончаренко,yevheniya.honcharenko@student.org,1995,12,24,MXM-70,92.4,38(050)20-99-223
Михайло,Шаповал,mykhaylo.shapoval@student.org,1979,6,29,OMQ-10,38.97,38(073)75-90-147
Іван,Шаповал,ivan.shapoval3@student.org,1982,3,6,BPB-33,52.26,38(063)74-80-832
Юлія,Дорошенко,yuliya.doroshenko2@student.org,1951,10,5,DON-86,81.83,38(067)30-37-393
Інна,Савченко,inna.savchenko3@student.org,1958,7,1,MNO-33,68.51,38(068)79-43-284
Лілія,Гончаренко,liliya.honcharenko@student.org,2008,2,23,SZQ-62,11.91,38(068)39-83-299
Максим,Гладко,maksym.hladko1@student.org,1992,7,14,ZSR-39,47.44,38(066)55-82-985
Іван,Костенко,ivan.kostenko2@student.org,1986,2,19,MFD-36,91.26,38(050)75-40-191
Олена,Ковальчук,olena.kovalchuk2@student.org,1965,2,17,XMS-50,46.28,38(098)12-26-248
Ганна,Бойко,hanna.boyko@student.org,1955,4,15,FUF-83,73.34,38(050)28-97-528
Віктор,Бойко,viktor.boyko@student.org,1991,12,11,PCD-39,30.18,38(098)81-48-413
Артем,Василенко,artem.vasylenko1@student.org,1995,10,11,MZL-99,95.15,38(073)33-35-490
Петро,Цимбал,petro.tsymbal@student.org,1993,3,8,FPM-83,19.05,38(068)97-44-924
Станіслав,Петренко,stanislav.petrenko1@student.org,1982,6,21,AEV-87,61.72,38(097)20-23-125
Марія,Руденко,mariya.rudenko1@student.org,1986,9,26,CGK-95,58.33,38(097)22-34-973
Марія,Ковальчук,mariya.kovalchuk2@student.org,1994,5,22,COZ-70,74.46,38(096)95-32-640
Григорій,Шевчук,hryhoriy.shevchuk@student.org,1981,8,18,TPG-62,56.22,38(098)27-17-899
Тетяна,Демченко,tetyana.demchenko@student.org,1995,6,30,LLO-67,49.14,38(067)30-39-808
Володимир,Коваленко,volodymyr.kovalenko2@student.org,1952,10,22,GZK-41,57.86,38(099)91-28-875
Тетяна,Лебедь,tetyana.lebed@student.org,1960,8,20,BQR-58,0.57,38(093)50-33-289
Тетяна,Лебедь,tetyana.lebed1@student.org,1969,11,15,GIP-79,39.97,38(099)86-67-438
Федір,Петренко,fedir.petrenko2@student.org,1979,2,26,MIY-47,50.77,38(096)20-12-954
Іван,Мельник,ivan.melnyk3@student.org,1987,10,2,CSL-69,90.23,38(099)61-57-164
Катерина,Демченко,kateryna.demchenko4@student.org,1978,9,12,KHG-38,79.59,38(063)81-19-373
Юрій,Марченко,yuriy.marchenko1@student.org,1963,9,5,AXW-55,77.26,38(095)51-43-266
Роман,Михайленко,roman.mykhaylenko3@student.org,1964,5,4,YPJ-11,12.38,38(066)47-85-538
Іван,Ковальчук,ivan.kovalchuk2@student.org,1991,2,18,QGZ-10,14.19,38(093)30-54-397
Григорій,Поліщук,hryhoriy.polishchuk@student.org,1972,3,13,LEI-16,91.45,38(099)16-85-778
Юрій,Скрипка,yuriy.skrypka2@student.org,1995,1,27,SYO-15,30.88,38(073)92-76-319
Людмила,Шевчук,lyudmyla.shevchuk@student.org,1953,2,23,LLK-38,99.84,38(068)93-89-754
Тетяна,Гайдук,tetyana.hayduk2@student.org,2005,4,11,QDI-78,82.87,38(099)83-86-497
Катерина,Омельченко,kateryna.omelchenko@student.org,2008,5,27,XTQ-63,69.49,38(066)55-69-267
Костянтин,Козлов,kostyantyn.kozlov3@student.org,1952,5,12,HXJ-37,6.53,38(066)64-89-176
Василь,Руденко,vasyl.rudenko@student.org,1954,12,18,UPY-14,63.59,38(066)12-16-417
Павло,Гайдук,pavlo.hayduk3@student.org,1989,11,1,VFX-41,64.1,38(095)39-48-265
Богдан,Костенко,bohdan.kostenko4@student.org,1973,8,12,PAI-55,15.27,38(066)42-50-996
Ігор,Поліщук,ihor.polishchuk@student.org,1982,11,8,YUT-91,99.82,38(067)55-20-272
Роман,Авраменко,roman.avramenko5@student.org,2008,5,6,MNZ-23,33.22,38(098)40-61-400
Григорій,Гладко,hryhoriy.hladko1@student.org,1996,1,6,MSB-58,47.76,38(068)23-36-843
Юлія,Лебедь,yuliya.lebed@student.org,1973,11,23,CMA-76,33.8,38(068)71-51-882
Михайло,Левченко,mykhaylo.levchenko2@student.org,1998,4,23,MGZ-69,87.52,38(066)67-36-234
Юлія,Гордієнко,yuliya.hordiyenko1@student.org,1979,11,16,RXO-11,63.28,38(068)12-15-255
Лариса,Дорошенко,larysa.doroshenko1@student.org,1961,6,16,YFP-79,34.18,38(063)34-67-888
Світлана,Левченко,svitlana.levchenko3@student.org,1967,8,29,UNH-31,55.1,38(073)82-45-287
Катерина,Кравченко,kateryna.kravchenko@student.org,1987,4,10,DHS-86,71.59,38(096)98-70-717
Олександр,Бойко,oleksandr.boyko2@student.org,1979,11,7,HCN-72,40.35,38(066)38-36-919
Галина,Козлов,halyna.kozlov2@student.org,1999,3,7,XTI-74,76.65,38(099)35-66-423
Вікторія,Руденко,viktoriya.rudenko@student.org,1971,2,4,PEW-11,40.28,38(097)43-26-107
Галина,Макаренко,halyna.makarenko4@student.org,1951,8,20,OIX-84,80.28,38(097)73-65-226
Богдан,Шаповал,bohdan.shapoval2@student.org,1988,5,2,ITN-59,47.34,38(068)36-17-548
Костянтин,Козлов,kostyantyn.kozlov4@student.org,1997,1,21,RHD-36,80.17,38(095)68-52-971
Алла,Новік,alla.novik1@student.org,1959,9,21,KPT-93,44.22,38(097)80-94-218
Євгенія,Новік,yevheniya.novik@student.org,1952,5,17,WQR-42,43.25,38(093)33-77-542
Роман,Макаренко,roman.makarenko6@student.org,1982,11,17,LVB-79,96.53,38(063)47-45-614
Марія,Шевченко,mariya.shevchenko1@student.org,1979,8,16,HQN-61,81.25,38(099)10-52-588
Станіслав,Цимбал,stanislav.tsymbal3@student.org,2010,1,4,IMZ-70,77.09,38(068)52-39-735
Роман,Кравченко,roman.kravchenko4@student.org,1985,10,1,UCZ-59,60.88,38(093)52-64-746
Андрій,Руденко,andriy.rudenko@student.org,2000,7,29,EDO-48,28.05,38(067)73-79-251
Роман,Демченко,roman.demchenko3@student.org,1994,6,14,QIT-71,24.36,38(066)24-96-389
Наталія,Поліщук,nataliya.polishchuk@student.org,1984,7,31,BYM-54,0.43,38(096)98-49-429
Олеся,Кравченко,olesya.kravchenko1@student.org,2010,3,22,NVR-96,12.72,38(066)62-85-646
Артем,Панченко,artem.panchenko3@student.org,1998,6,29,ZLO-20,89.78,38(099)93-46-424
Олеся,Омельченко,olesya.omelchenko1@student.org,1992,8,21,AEV-87,28.7,38(097)61-74-911
Олена,Гладко,olena.hladko2@student.org,1975,10,28,QGM-51,62.89,38(099)27-42-395
Віктор,Панченко,viktor.panchenko5@student.org,1960,3,17,BVU-10,87.6,38(096)56-41-972
Марія,Омельченко,mariya.omelchenko3@student.org,1978,6,8,YVU-95,25.57,38(050)28-81-861
Любов,Дорошенко,lyubov.doroshenko3@student.org,2000,2,5,XEE-41,68.78,38(068)18-70-158
Василь,Новік,vasyl.novik1@student.org,1965,2,26,KOH-44,63.37,38(097)41-57-964
Анна,Стельмах,anna.stelmakh3@student.org,1956,3,2,NAM-86,85.93,38(097)41-51-803
Василь,Козлов,vasyl.kozlov2@student.org,1998,11,15,NHX-85,24.05,38(066)17-45-123
Дмитро,Мельник,dmytro.melnyk@student.org,1958,4,14,DJK-42,4.91,38(095)40-17-448
Людмила,Кравченко,lyudmyla.kravchenko1@student.org,1970,3,6,QMJ-52,0.6,38(093)87-12-286
Катерина,Гладко,kateryna.hladko1@student.org,1992,6,9,MHF-64,84.98,38(066)72-71-649
Галина,Коваль,halyna.koval@student.org,1972,1,4,DQL-64,31.03,38(063)30-16-123
Артем,Марченко,artem.marchenko4@student.org,1954,9,23,JXL-90,74.35,38(099)94-63-969
Тетяна,Стельмах,tetyana.stelmakh2@student.org,1994,8,14,IJK-73,64.36,38(096)35-11-352
Лілія,Стельмах,liliya.stelmakh@student.org,1972,4,18,AOA-59,78.09,38(096)19-35-536
Роман,Василенко,roman.vasylenko1@student.org,2002,12,19,PZX-54,90.85,38(099)76-77-263
Марія,Лебедь,mariya.lebed1@student.org,2007,3,17,ZQV-93,12.52,38(068)39-29-142
Дмитро,Бойко,dmytro.boyko@student.org,1970,4,19,IRJ-91,37.89,38(068)27-36-577
Роман,Лисенко,roman.lysenko3@student.org,1951,12,13,UKC-88,49.86,38(073)41-71-427
Павло,Михайленко,pavlo.mykhaylenko@student.org,1954,4,22,PAI-55,41.98,38(073)24-94-421
Костянтин,Василенко,kostyantyn.vasylenko@student.org,2001,6,11,VAD-70,50.49,38(098)93-92-906
Валентина,Мельник,valentyna.melnyk2@student.org,1970,1,26,NRZ-94,8.88,38(099)28-76-701
Надія,Білоус,nadiya.bilous1@student.org,1951,1,19,ZCV-16,82.79,38(063)78-15-368
Тетяна,Демченко,tetyana.demchenko1@student.org,1962,8,1,GFN-99,44.9,38(093)19-31-442
Павло,Стельмах,pavlo.stelmakh2@student.org,1996,8,10,YBJ-70,62.19,38(098)10-22-184
Ярослав,Омельченко,yaroslav.omelchenko1@student.org,1958,9,2,WXD-22,10.28,38(073)15-37-691
Віталій,Бойко,vitaliy.boyko1@student.org,1978,5,23,NNX-96,29.62,38(063)61-94-330
Станіслав,Коваль,stanislav.koval2@student.org,1984,1,5,VQM-71,89.21,38(095)29-80-769
Олександр,Мельник,oleksandr.melnyk4@student.org,1956,4,22,FUZ-35,53.69,38(096)53-46-832
Світлана,Савченко,svitlana.savchenko1@student.org,1995,1,12,MDB-13,55.19,38(066)41-64-360
Оксана,Никоненко,oksana.nykonenko@student.org,1954,1,27,HTY-32,19.08,38(068)55-54-223
Юлія,Козлов,yuliya.kozlov@student.org,2000,4,11,SPO-68,13.52,38(067)30-74-506
Раїса,Костенко,rayisa.kostenko@student.org,1993,11,14,ZZR-61,45.86,38(096)76-48-351
Віталій,Марченко,vitaliy.marchenko1@student.org,1983,12,15,VFV-82,8.74,38(050)65-73-821
Лілія,Марченко,liliya.marchenko@student.org,1955,9,2,ELD-34,16.0,38(067)47-27-290
Любов,Руденко,lyubov.rudenko1@student.org,1959,12,18,VOF-54,93.13,38(073)55-98-310
Лілія,Гайдук,liliya.hayduk1@student.org,1976,6,19,QRR-38,78.79,38(096)49-16-145
Артем,Омельченко,artem.omelchenko@student.org,1966,7,6,WXL-73,33.31,38(097)22-58-816
Станіслав,Макаренко,stanislav.makarenko3@student.org,1980,11,16,FKA-38,15.62,38(096)99-11-331
Валентина,Никоненко,valentyna.nykonenko@student.org,1992,1,12,XZC-15,67.6,38(096)95-66-658
Людмила,Гордієнко,lyudmyla.hordiyenko1@student.org,1971,5,27,IXH-86,27.6,38(063)69-62-495
Василь,Руденко,vasyl.rudenko1@student.org,1990,2,1,KAT-51,40.23,38(098)57-14-561
Григорій,Гончаренко,hryhoriy.honcharenko1@student.org,1993,5,16,LVU-20,14.75,38(067)81-86-877
Дмитро,Цимбал,dmytro.tsymbal@student.org,1984,8,30,FRW-16,7.26,38(068)10-11-450
Григорій,Рибак,hryhoriy.rybak@student.org,1975,8,14,ZQR-35,5.85,38(068)33-17-714
Алла,Авраменко,alla.avramenko@student.org,1999,10,10,JNO-79,20.94,38(095)40-18-685
Артем,Романенко,artem.romanenko1@student.org,1995,12,7,ESG-16,60.62,38(050)46-62-317
Костянтин,Шевчук,kostyantyn.shevchuk2@student.org,1997,8,31,UGC-35,31.42,38(068)27-31-712
Лариса,Панченко,larysa.panchenko@student.org,1994,8,6,KFS-31,47.72,38(073)74-39-882
Анна,Ковальчук,anna.kovalchuk2@student.org,1977,12,19,ZUM-66,74.99,38(050)23-99-384
Катерина,Петренко,kateryna.petrenko2@student.org,1992,1,27,VMY-44,56.72,38(098)98-74-210
Федір,Марченко,fedir.marchenko@student.org,1967,11,20,XJN-58,77.2,38(093)24-38-450
Олеся,Макаренко,olesya.makarenko3@student.org,1995,2,26,YCP-32,81.27,38(095)87-69-481
Ігор,Цимбал,ihor.tsymbal1@student.org,1952,10,10,KPG-93,4.39,38(095)48-71-922
Оксана,Костенко,oksana.kostenko2@student.org,1979,4,28,GEG-86,99.22,38(073)26-94-642
Надія,Захарченко,nadiya.zakharchenko1@student.org,1958,4,14,AEI-61,31.86,38(067)34-19-682
Вікторія,Гладко,viktoriya.hladko@student.org,2006,7,25,YZH-71,15.07,38(096)22-65-751
Тетяна,Руденко,tetyana.rudenko@student.org,1986,3,26,NWC-21,78.99,38(098)52-88-162
Віталій,Новік,vitaliy.novik1@student.org,1991,11,28,WLD-29,58.77,38(099)42-56-921
Богдан,Руденко,bohdan.rudenko1@student.org,1979,4,28,XQU-69,73.97,38(050)10-57-424
Максим,Василенко,maksym.vasylenko@student.org,1981,6,19,DSA-73,34.79,38(050)48-81-522
Олена,Білоус,olena.bilous1@student.org,1956,8,8,PKA-29,35.46,38(067)11-57-576
Михайло,Коваленко,mykhaylo.kovalenko2@student.org,1965,7,30,ZYM-17,1.94,38(050)97-12-399
Остап,Король,ostap.korol2@student.org,1983,8,4,CLA-41,61.37,38(063)66-80-910
Оксана,Захарченко,oksana.zakharchenko3@student.org,1950,5,4,JBP-16,16.84,38(067)82-66-362
Тетяна,Кузьменко,tetyana.kuzmenko1@student.org,1980,4,15,HTP-18,74.2,38(099)95-53-844
Тарас,Бойко,taras.boyko1@student.org,1959,10,28,MCJ-35,86.38,38(095)72-81-572
Надія,Омельченко,nadiya.omelchenko@student.org,1967,2,7,EDX-14,28.74,38(098)97-28-543
Сергій,Романенко,serhiy.romanenko1@student.org,1977,4,16,AUL-30,97.86,38(098)28-40-951
Євгенія,Захарченко,yevheniya.zakharchenko1@student.org,1971,4,2,JPN-25,13.71,38(066)66-96-172
Ярослав,Марченко,yaroslav.marchenko1@student.org,1963,5,15,BWH-21,67.2,38(096)28-73-178
Галина,Литвин,halyna.lytvyn1@student.org,1966,6,23,NHJ-35,87.84,38(050)81-42-506
Тарас,Макаренко,taras.makarenko@student.org,1985,3,14,RUP-26,40.86,38(098)23-58-615
Роман,Новік,roman.novik4@student.org,2004,6,16,PBP-16,32.56,38(063)94-53-597
Денис,Гайдук,denys.hayduk3@student.org,1962,4,3,FIR-31,8.23,38(095)16-91-676
Ірина,Поліщук,iryna.polishchuk1@student.org,1980,10,13,JBB-95,58.37,38(095)97-25-444
Ярослав,Шевченко,yaroslav.shevchenko1@student.org,1994,12,4,GNM-37,1.44,38(095)27-32-437
Інна,Гончаренко,inna.honcharenko2@student.org,1960,10,23,RHE-83,32.3,38(073)90-24-206
Раїса,Демченко,rayisa.demchenko3@student.org,1989,12,2,KPO-43,96.64,38(066)44-63-976
Надія,Новік,nadiya.novik4@student.org,1954,2,27,RSV-65,27.14,38(098)57-11-472
Андрій,Авраменко,andriy.avramenko1@student.org,1970,3,22,NAC-76,2.31,38(067)84-19-263
Оксана,Зайцев,oksana.zaytsev1@student.org,2005,3,2,YPQ-73,55.1,38(063)80-76-442
Остап,Гордієнко,ostap.hordiyenko@student.org,1994,3,14,PFT-87,89.38,38(095)90-20-493
Роман,Рибак,roman.rybak5@student.org,1974,3,6,HUU-78,82.92,38(073)69-22-786
Анна,Гладко,anna.hladko2@student.org,1996,6,1,DIH-43,20.22,38(068)74-34-287
Василь,Василенко,vasyl.vasylenko2@student.org,1962,11,21,LLL-88,27.69,38(093)90-37-346
Раїса,Шаповал,rayisa.shapoval@student.org,1970,2,13,VKY-23,99.5,38(093)92-19-234
Павло,Ткаченко,pavlo.tkachenko4@student.org,1996,3,20,VOZ-89,71.17,38(066)59-83-666
Людмила,Романенко,lyudmyla.romanenko2@student.org,2003,2,4,UEM-41,64.83,38(050)69-66-652
Лариса,Романенко,larysa.romanenko2@student.org,1958,7,12,JVD-39,39.07,38(099)30-44-593
Остап,Авраменко,ostap.avramenko2@student.org,1954,5,1,YEP-18,47.27,38(099)54-77-731
Євгенія,Гладко,yevheniya.hladko3@student.org,1979,11,21,LHZ-11,78.18,38(067)26-15-252
Тетяна,Костенко,tetyana.kostenko@student.org,1966,8,14,ZOI-94,48.1,38(099)48-39-337
Артем,Поліщук,artem.polishchuk2@student.org,1990,12,4,HRW-44,56.68,38(099)16-84-998
Ігор,Король,ihor.korol2@student.org,1962,3,19,ZTK-81,21.34,38(096)69-63-166
Роман,Козлов,roman.kozlov2@student.org,1976,5,10,PEW-11,43.99,38(096)45-60-820
Вікторія,Цимбал,viktoriya.tsymbal2@student.org,1976,5,14,YRC-12,48.59,38(099)91-35-530
Галина,Зайцев,halyna.zaytsev@student.org,1964,4,29,SOV-93,34.03,38(097)50-83-954
Олена,Шаповал,olena.shapoval1@student.org,1953,4,30,WFZ-16,33.49,38(095)94-43-937
Станіслав,Василенко,stanislav.vasylenko3@student.org,1979,5,4,TPG-62,89.99,38(099)44-49-324
Любов,Рибак,lyubov.rybak2@student.org,1977,3,31,NZU-67,46.1,38(073)82-44-566
Наталія,Скрипка,nataliya.skrypka@student.org,1954,1,27,GEK-86,46.94,38(050)95-67-234
Вікторія,Новік,viktoriya.novik3@student.org,1995,5,31,HLR-46,69.93,38(098)92-15-921
Ганна,Лисенко,hanna.lysenko1@student.org,2002,2,24,WSI-36,20.28,38(050)47-70-636
Роман,Петренко,roman.petrenko2@student.org,1957,10,24,KVI-78,55.99,38(050)54-21-249
Олександр,Рибак,oleksandr.rybak2@student.org,1968,11,13,JMA-58,26.32,38(068)28-49-141
Денис,Іваненко,denys.ivanenko3@student.org,1971,4,24,WLH-50,21.39,38(096)15-77-783
Галина,Зайцев,halyna.zaytsev1@student.org,1998,5,20,ZWS-20,37.28,38(099)83-31-316
Максим,Гордієнко,maksym.hordiyenko3@student.org,1964,4,4,LGL-28,23.9,38(096)17-32-163
Ірина,Романенко,iryna.romanenko1@student.org,1957,7,11,EIN-35,4.08,38(050)60-22-380
Валентина,Павленко,valentyna.pavlenko2@student.org,1987,9,7,JHG-33,6.79,38(063)90-80-213
Галина,Захарченко,halyna.zakharchenko1@student.org,1966,3,21,WSR-96,57.54,38(096)25-96-324
Олеся,Коваленко,olesya.kovalenko1@student.org,1985,8,20,ICH-85,41.16,38(096)19-65-404
Катерина,Василенко,kateryna.vasylenko@student.org,2001,8,2,WWG-37,62.65,38(050)85-14-775
Андрій,Романенко,andriy.romanenko@student.org,1981,6,29,MXM-70,17.69,38(099)50-32-183
Віталій,Козлов,vitaliy.kozlov3@student.org,1956,11,12,QDZ-87,98.16,38(073)47-34-374
Михайло,Гриценко,mykhaylo.hrytsenko3@student.org,2003,4,19,RAA-82,43.35,38(099)66-99-187
Юлія,Зайцев,yuliya.zaytsev1@student.org,1957,7,23,HEK-28,84.84,38(050)65-12-702
Юлія,Руденко,yuliya.rudenko3@student.org,1977,11,22,IDN-86,7.43,38(066)77-72-534
Петро,Поліщук,petro.polishchuk@student.org,2007,5,14,ORS-66,50.73,38(063)54-28-295
Раїса,Король,rayisa.korol1@student.org,1984,8,23,IXU-95,9.42,38(067)58-13-436
Лілія,Коваленко,liliya.kovalenko@student.org,2010,9,18,ZJA-40,93.5,38(095)23-87-351
Вікторія,Іваненко,viktoriya.ivanenko2@student.org,1974,2,8,CQV-82,62.01,38(067)57-66-642
Інна,Цимбал,inna.tsymbal@student.org,1965,3,29,BVL-74,0.28,38(099)85-25-984
Оксана,Зайцев,oksana.zaytsev2@student.org,1979,9,20,GSB-28,23.25,38(097)97-18-455
Вера,Костенко,vera.kostenko1@student.org,1968,4,9,MLF-20,9.04,38(067)10-82-507
Ярослав,Авраменко,yaroslav.avramenko@student.org,1973,8,18,ECP-99,88.31,38(073)55-56-752
Роман,Ткаченко,roman.tkachenko4@student.org,1968,2,7,REF-72,95.6,38(066)56-24-758
Ганна,Демченко,hanna.demchenko@student.org,1997,6,17,BVR-72,0.51,38(097)58-88-925
Раїса,Шевчук,rayisa.shevchuk2@student.org,2007,5,11,LYX-17,45.22,38(099)25-99-877
Григорій,Зайцев,hryhoriy.zaytsev1@student.org,1977,5,19,HMM-56,11.78,38(066)92-66-649
Інна,Демченко,inna.demchenko1@student.org,2004,1,25,AQK-33,71.55,38(050)65-75-938
Людмила,Омельченко,lyudmyla.omelchenko2@student.org,1992,6,7,OVE-81,49.97,38(066)52-73-335
Вікторія,Бойко,viktoriya.boyko1@student.org,1999,10,23,MKP-50,81.23,38(073)83-35-812
Михайло,Гладко,mykhaylo.hladko1@student.org,1955,9,17,PUO-74,17.97,38(067)85-30-974
Богдан,Коваль,bohdan.koval1@student.org,1983,5,30,UFM-58,64.69,38(097)12-90-444
Богдан,Левченко,bohdan.levchenko4@student.org,1955,9,13,QDI-78,43.55,38(093)27-48-982
Юрій,Панченко,yuriy.panchenko2@student.org,1973,1,16,HFY-24,92.87,38(093)68-52-221
Віталій,Василенко,vitaliy.vasylenko2@student.org,2008,1,21,SVB-30,48.45,38(067)37-36-341
Надія,Руденко,nadiya.rudenko2@student.org,1976,4,13,UYU-11,49.21,38(073)54-64-926
Тетяна,Лебедь,tetyana.lebed2@student.org,1971,11,26,JJW-62,97.92,38(093)39-59-961
Ірина,Стельмах,iryna.stelmakh2@student.org,1972,11,18,ZRB-53,37.13,38(099)38-45-305
Павло,Павленко,pavlo.pavlenko1@student.org,1988,6,11,UGV-63,58.73,38(099)24-31-768
Марія,Новік,mariya.novik@student.org,1952,9,5,KVB-61,40.52,38(066)98-60-226
Лариса,Петренко,larysa.petrenko@student.org,1968,7,16,FRF-29,65.42,38(099)76-13-700
Тетяна,Кравченко,tetyana.kravchenko1@student.org,2007,4,24,TGD-46,51.55,38(068)44-64-518
Віталій,Поліщук,vitaliy.polishchuk1@student.org,1963,6,3,IQY-14,28.77,38(067)84-29-114
Олена,Козлов,olena.kozlov@student.org,1980,7,9,AQJ-54,48.11,38(095)14-41-685
Анна,Іваненко,anna.ivanenko@student.org,1991,1,2,SDR-95,56.36,38(063)11-74-222
Алла,Шаповал,alla.shapoval@student.org,1979,10,4,BWW-44,91.83,38(097)63-68-873
Денис,Демченко,denys.demchenko@student.org,1972,11,24,VTI-41,3.75,38(097)75-60-226
Дмитро,Новік,dmytro.novik2@student.org,1996,6,19,XYT-71,1.09,38(068)40-30-846
Олеся,Литвин,olesya.lytvyn1@student.org,2006,9,27,OEY-65,22.49,38(095)67-66-728
Олеся,Демченко,olesya.demchenko@student.org,2000,7,15,JUH-10,33.04,38(067)86-20-421
Раїса,Ткаченко,rayisa.tkachenko@student.org,1983,3,4,ZFE-11,23.59,38(050)71-60-562
Інна,Михайленко,inna.mykhaylenko2@student.org,1999,9,5,QWV-96,63.03,38(068)72-30-180
Вера,Білоус,vera.bilous1@student.org,2003,10,8,GUL-62,3.45,38(093)50-21-797
Анна,Кравченко,anna.kravchenko1@student.org,1966,12,8,ZKX-53,20.49,38(068)55-19-450
Олександр,Гайдук,oleksandr.hayduk@student.org,1962,3,6,DKM-25,91.04,38(063)49-48-594
Катерина,Авраменко,kateryna.avramenko@student.org,2000,7,14,HUU-78,92.29,38(067)74-51-938
Максим,Костенко,maksym.kostenko1@student.org,2000,11,21,BEQ-47,11.25,38(073)30-40-825
Віталій,Гордієнко,vitaliy.hordiyenko@student.org,1989,4,4,NZU-67,56.88,38(095)14-40-736
Станіслав,Гайдук,stanislav.hayduk1@student.org,1962,6,19,QDV-62,2.48,38(063)47-43-438
Станіслав,Дорошенко,stanislav.doroshenko2@student.org,1955,10,8,XPL-69,48.92,38(067)97-40-923
Сергій,Мельник,serhiy.melnyk1@student.org,2000,1,31,NWJ-27,7.29,38(098)34-97-808
Роман,Іваненко,roman.ivanenko2@student.org,1982,11,9,ISW-24,32.64,38(050)71-83-402
Станіслав,Білоус,stanislav.bilous1@student.org,1999,11,24,QMZ-96,65.34,38(063)69-90-384
Костянтин,Левченко,kostyantyn.levchenko2@student.org,1974,1,12,OAA-49,3.18,38(050)14-87-884
Юрій,Петренко,yuriy.petrenko@student.org,2000,11,27,XBU-48,29.49,38(093)41-59-126
Любов,Рибак,lyubov.rybak3@student.org,1998,3,15,JYV-76,81.82,38(063)88-96-499
Тарас,Новік,taras.novik@student.org,1992,9,6,OLW-96,46.36,38(096)62-63-330
Лілія,Скрипка,liliya.skrypka@student.org,1981,10,21,DID-97,86.14,38(068)54-12-302
Роман,Цимбал,roman.tsymbal2@student.org,1966,7,17,UAO-12,36.09,38(068)31-47-257
Євгенія,Михайленко,yevheniya.mykhaylenko2@student.org,1979,8,21,TMQ-57,45.77,38(097)17-97-184
Станіслав,Демченко,stanislav.demchenko2@student.org,1977,7,12,DXM-10,92.98,38(093)56-81-270
Ганна,Левченко,hanna.levchenko@student.org,1969,9,28,IAM-51,66.36,38(066)17-29-901
Костянтин,Руденко,kostyantyn.rudenko@student.org,1953,6,4,VJH-55,70.58,38(050)38-80-584
Катерина,Іваненко,kateryna.ivanenko@student.org,2006,10,17,RTJ-16,67.71,38(050)38-24-417
Євгенія,Гладко,yevheniya.hladko4@student.org,2010,6,6,MFA-70,40.97,38(063)67-43-142
Людмила,Гриценко,lyudmyla.hrytsenko@student.org,1984,6,16,IAX-64,47.77,38(098)57-56-505
Алла,Марченко,alla.marchenko1@student.org,2009,6,15,JVD-39,80.6,38(068)35-81-148
Тетяна,Шевченко,tetyana.shevchenko1@student.org,2000,11,10,MOK-92,83.07,38(067)49-84-925
Дмитро,Стельмах,dmytro.stelmakh2@student.org,1999,12,26,QYH-96,81.43,38(068)86-63-907
Катерина,Никоненко,kateryna.nykonenko1@student.org,1961,4,4,XGP-48,22.66,38(093)18-56-477
Роман,Костенко,roman.kostenko3@student.org,2005,5,27,EXP-55,9.61,38(095)42-23-877
Михайло,Бойко,mykhaylo.boyko2@student.org,1984,6,29,ENL-15,12.71,38(095)76-97-103
Олена,Скрипка,olena.skrypka1@student.org,1976,3,4,DTP-85,83.58,38(068)55-80-925
Денис,Бойко,denys.boyko2@student.org,1981,7,2,CGY-74,68.33,38(063)38-75-565
Остап,Ковальчук,ostap.kovalchuk3@student.org,1977,8,5,HDO-12,46.38,38(073)63-31-720
Денис,Скрипка,denys.skrypka@student.org,1959,7,23,UEQ-73,34.49,38(068)23-84-540
Галина,Шаповал,halyna.shapoval3@student.org,1958,10,29,COD-54,58.53,38(068)10-11-952
Наталія,Шевченко,nataliya.shevchenko3@student.org,1977,11,18,OJW-11,6.0,38(097)86-60-829
Роман,Левченко,roman.levchenko3@student.org,1970,6,7,YPJ-11,4.08,38(093)14-29-296
Павло,Мельник,pavlo.melnyk1@student.org,1953,6,4,OMJ-33,10.79,38(097)73-68-137
Юрій,Новік,yuriy.novik1@student.org,1989,4,19,AAZ-56,97.88,38(098)87-38-207
Володимир,Поліщук,volodymyr.polishchuk1@student.org,1999,12,4,XLH-40,83.31,38(093)51-72-790
Марія,Михайленко,mariya.mykhaylenko2@student.org,2004,2,5,UGT-52,78.32,38(073)28-79-735
Алла,Козлов,alla.kozlov@student.org,1951,4,30,HSH-83,17.56,38(073)45-25-726
Роман,Мельник,roman.melnyk1@student.org,1972,6,23,BSQ-40,99.17,38(067)55-65-439
Роман,Василенко,roman.vasylenko2@student.org,1959,8,23,WZP-70,39.79,38(096)32-96-123
Артем,Лебедь,artem.lebed1@student.org,1981,2,20,WWQ-97,20.92,38(068)54-63-490
Ігор,Гордієнко,ihor.hordiyenko2@student.org,2001,12,6,RZG-31,69.99,38(063)93-51-625
Володимир,Іваненко,volodymyr.ivanenko1@student.org,1989,4,27,FJU-86,80.55,38(093)78-10-941
Юлія,Гордієнко,yuliya.hordiyenko2@student.org,1965,2,15,GTB-82,33.2,38(095)98-16-579
Анна,Петренко,anna.petrenko1@student.org,2002,1,13,XEX-98,71.7,38(068)23-83-383
Максим,Король,maksym.korol1@student.org,1978,2,5,WPJ-81,37.37,38(093)10-87-681
Федір,Гладко,fedir.hladko@student.org,1967,4,18,IQY-14,27.6,38(097)30-85-945
Федір,Бойко,fedir.boyko@student.org,1961,8,16,RGX-34,81.83,38(066)48-92-716
Любов,Гончаренко,lyubov.honcharenko@student.org,1964,6,10,VOX-27,67.84,38(066)20-57-461
Дмитро,Панченко,dmytro.panchenko@student.org,1991,10,9,NJO-98,88.13,38(099)11-78-838
Григорій,Лисенко,hryhoriy.lysenko@student.org,1987,7,4,RLF-84,4.28,38(095)55-68-461
Вера,Шаповал,vera.shapoval5@student.org,1954,2,23,LQU-46,62.9,38(068)20-35-434
Іван,Омельченко,ivan.omelchenko@student.org,1966,12,22,QUM-74,43.29,38(068)91-39-751
Лілія,Левченко,liliya.levchenko@student.org,1968,5,10,OGO-96,49.06,38(073)91-62-528
Іван,Руденко,ivan.rudenko2@student.org,1981,1,4,QRR-38,19.44,38(099)76-37-816
Алла,Захарченко,alla.zakharchenko@student.org,1995,5,25,ICP-18,15.06,38(095)92-14-269
Вера,Іваненко,vera.ivanenko3@student.org,2008,10,19,MWC-58,65.42,38(093)20-97-879
Віктор,Шевченко,viktor.shevchenko2@student.org,2003,9,28,FNS-25,35.91,38(093)63-67-858
Тетяна,Коваленко,tetyana.kovalenko2@student.org,1951,10,7,UMH-90,82.66,38(050)11-93-933
Олександр,Бойко,oleksandr.boyko3@student.org,1969,8,3,XGZ-64,20.32,38(068)74-76-816
Андрій,Новік,andriy.novik@student.org,1998,9,9,NLC-55,10.57,38(097)80-48-491
Олена,Шаповал,olena.shapoval2@student.org,1964,9,23,RQI-66,29.08,38(068)61-10-294
Григорій,Ковальчук,hryhoriy.kovalchuk2@student.org,1984,4,12,NNG-38,97.87,38(098)11-84-849
Остап,Стельмах,ostap.stelmakh4@student.org,1998,5,3,HQN-61,74.47,38(099)64-71-453
Роман,Левченко,roman.levchenko4@student.org,1951,7,26,XEX-98,11.81,38(066)91-59-392
Валентина,Захарченко,valentyna.zakharchenko2@student.org,2006,9,30,ZLO-20,88.65,38(067)56-87-895
Лілія,Іваненко,liliya.ivanenko2@student.org,1950,4,17,WQV-24,65.19,38(066)54-76-112
Андрій,Ковальчук,andriy.kovalchuk1@student.org,1989,12,27,YCI-56,5.34,38(093)74-34-763
Роман,Марченко,roman.marchenko3@student.org,1983,6,5,BUL-27,45.99,38(068)63-95-767
Дмитро,Скрипка,dmytro.skrypka@student.org,1951,10,11,OLT-32,56.07,38(095)81-38-894
Сергій,Дорошенко,serhiy.doroshenko2@student.org,1963,8,3,OMP-76,29.5,38(099)57-72-254
Анна,Лебедь,anna.lebed3@student.org,1982,7,6,AEC-17,41.42,38(097)21-66-496
Вера,Кравченко,vera.kravchenko2@student.org,1976,3,24,UMH-35,25.43,38(096)75-14-968
Віталій,Гладко,vitaliy.hladko1@student.org,2007,4,18,NEE-22,92.49,38(063)32-38-569
Станіслав,Мельник,stanislav.melnyk1@student.org,1957,12,30,JCT-72,71.71,38(063)60-93-552
Надія,Шаповал,nadiya.shapoval@student.org,1997,4,4,SZU-42,46.53,38(098)84-49-732
Катерина,Шаповал,kateryna.shapoval@student.org,1976,7,19,PDP-47,2.65,38(096)94-44-871
Катерина,Авраменко,kateryna.avramenko1@student.org,1998,12,18,KZE-34,85.92,38(097)88-76-139
Інна,Мельник,inna.melnyk@student.org,1997,5,29,BGD-91,66.14,38(067)82-22-218
Юлія,Лисенко,yuliya.lysenko2@student.org,2005,3,16,GRY-60,41.49,38(095)26-64-247
Наталія,Савченко,nataliya.savchenko1@student.org,1958,8,4,DEZ-88,55.32,38(068)46-17-112
Лілія,Руденко,liliya.rudenko@student.org,1985,4,19,LSV-57,65.4,38(068)69-19-935
Лілія,Скрипка,liliya.skrypka1@student.org,1964,2,15,MJW-29,31.23,38(068)32-81-722
Лілія,Макаренко,liliya.makarenko1@student.org,1985,8,4,CBJ-61,40.61,38(050)45-11-472
Петро,Павленко,petro.pavlenko2@student.org,1959,3,18,FDU-92,32.03,38(096)81-98-780
Роман,Гладко,roman.hladko1@student.org,1966,4,22,RFV-22,94.32,38(093)72-39-220
Дмитро,Марченко,dmytro.marchenko1@student.org,2006,11,3,IAD-16,79.0,38(093)24-35-941
Світлана,Рибак,svitlana.rybak1@student.org,1980,7,14,GGI-76,80.76,38(066)47-88-572
Олена,Новік,olena.novik2@student.org,1985,3,19,QFX-72,44.25,38(098)59-58-202
Лілія,Романенко,liliya.romanenko@student.org,1957,7,21,PKO-40,7.64,38(096)79-67-848
Любов,Поліщук,lyubov.polishchuk1@student.org,1953,9,4,XLP-23,82.28,38(099)50-10-894
Денис,Лисенко,denys.lysenko@student.org,1991,1,25,MRF-87,57.55,38(095)29-33-322
Віталій,Кравченко,vitaliy.kravchenko2@student.org,1953,11,19,GZN-51,41.17,38(068)80-95-586
Наталія,Новік,nataliya.novik@student.org,1952,1,11,JBZ-52,13.43,38(067)90-34-630
Ганна,Скрипка,hanna.skrypka2@student.org,2005,4,26,HRA-75,37.22,38(095)87-32-650
Любов,Василенко,lyubov.vasylenko2@student.org,1965,3,31,GLZ-13,50.93,38(097)47-11-307
Любов,Гайдук,lyubov.hayduk3@student.org,1995,2,1,YFO-13,69.21,38(099)10-46-569
Максим,Василенко,maksym.vasylenko1@student.org,1974,7,24,QGM-51,60.27,38(095)67-24-157
Віктор,Бойко,viktor.boyko1@student.org,1951,1,9,PMT-82,26.48,38(068)34-21-799
Юлія,Шевченко,yuliya.shevchenko@student.org,1970,5,22,NON-18,84.67,38(098)52-42-111
Іван,Кравченко,ivan.kravchenko3@student.org,1982,4,26,TYM-75,29.18,38(097)45-49-163
Максим,Ковальчук,maksym.kovalchuk2@student.org,1965,5,4,QOI-12,84.08,38(050)74-52-955
Ірина,Цимбал,iryna.tsymbal@student.org,1959,1,6,MYC-53,93.24,38(067)86-83-391
Дмитро,Стельмах,dmytro.stelmakh3@student.org,1958,6,13,YQK-74,28.15,38(063)51-41-251
Галина,Лисенко,halyna.lysenko1@student.org,1967,3,3,TEN-40,21.87,38(066)10-59-296
Анна,Стельмах,anna.stelmakh4@student.org,1985,12,4,KBM-61,84.88,38(068)34-92-803
Роман,Авраменко,roman.avramenko6@student.org,1956,1,21,WRR-34,38.16,38(068)26-16-887
Катерина,Панченко,kateryna.panchenko@student.org,1954,9,29,ZCV-16,31.83,38(096)38-50-547
Максим,Руденко,maksym.rudenko@student.org,1992,8,16,JMZ-12,54.16,38(067)82-90-144
Дмитро,Литвин,dmytro.lytvyn4@student.org,1971,1,13,HFI-96,57.52,38(068)86-90-896
Оксана,Панченко,oksana.panchenko2@student.org,1953,2,18,KBR-82,14.95,38(066)33-91-241
Григорій,Руденко,hryhoriy.rudenko1@student.org,1982,10,6,JSH-11,40.34,38(097)41-19-328
Оксана,Дорошенко,oksana.doroshenko@student.org,1965,5,2,WOA-90,82.07,38(068)92-47-279
Тетяна,Никоненко,tetyana.nykonenko1@student.org,1959,1,22,OZW-83,25.92,38(066)12-19-374
Любов,Шевченко,lyubov.shevchenko2@student.org,1977,1,22,UAU-76,81.01,38(096)98-42-564
Максим,Панченко,maksym.panchenko1@student.org,1991,3,9,XTQ-63,66.53,38(099)56-46-734
Федір,Ткаченко,fedir.tkachenko@student.org,1982,12,9,QDZ-87,34.67,38(063)25-75-975
Павло,Захарченко,pavlo.zakharchenko4@student.org,1962,2,27,GDE-26,40.32,38(073)51-13-325
Анна,Іваненко,anna.ivanenko1@student.org,1971,1,5,XGK-58,81.63,38(097)52-60-717
Лариса,Марченко,larysa.marchenko@student.org,1985,9,9,HII-96,42.64,38(067)57-93-294
Наталія,Шевчук,nataliya.shevchuk@student.org,1952,4,6,VYJ-77,50.44,38(097)56-58-144
Лілія,Коваленко,liliya.kovalenko1@student.org,1978,8,30,CXY-75,61.37,38(066)14-77-899
Артем,Никоненко,artem.nykonenko@student.org,1990,3,17,PNB-94,44.76,38(073)17-98-580
Марія,Никоненко,mariya.nykonenko3@student.org,1968,2,14,AQW-53,12.15,38(097)58-41-414
Лариса,Романенко,larysa.romanenko3@student.org,1952,9,8,AYK-36,87.2,38(093)40-87-907
Іван,Гладко,ivan.hladko2@student.org,2008,3,14,GDR-74,76.48,38(063)53-38-434
Лілія,Рибак,liliya.rybak@student.org,1986,1,28,PIC-82,62.09,38(098)95-24-937
Наталія,Кравченко,nataliya.kravchenko2@student.org,1997,8,15,WZA-23,49.04,38(095)81-45-581
Людмила,Авраменко,lyudmyla.avramenko1@student.org,1964,10,24,JQD-19,11.03,38(073)27-54-279
Володимир,Омельченко,volodymyr.omelchenko@student.org,1988,7,25,YIW-82,35.84,38(073)33-25-657
Володимир,Рибак,volodymyr.rybak1@student.org,1969,11,15,MMS-77,85.77,38(099)66-98-100
Артем,Ковальчук,artem.kovalchuk1@student.org,1986,4,8,SXB-85,26.58,38(098)86-26-263
Алла,Романенко,alla.romanenko1@student.org,2006,2,8,RLS-67,88.62,38(073)67-50-530
Інна,Кузьменко,inna.kuzmenko1@student.org,1986,8,1,TSJ-44,90.41,38(095)85-57-688
Тарас,Ковальчук,taras.kovalchuk4@student.org,1977,8,7,ZZP-48,32.27,38(066)64-70-345
Вера,Литвин,vera.lytvyn1@student.org,1974,11,3,OWF-50,50.57,38(096)29-63-688
Богдан,Ткаченко,bohdan.tkachenko1@student.org,1986,10,24,XPH-46,42.4,38(066)93-15-285
Василь,Коваль,vasyl.koval2@student.org,1984,6,21,DEB-43,81.81,38(066)21-65-101
Олександр,Павленко,oleksandr.pavlenko@student.org,1965,4,18,RBH-55,14.86,38(099)67-84-580
Віталій,Руденко,vitaliy.rudenko1@student.org,1974,12,15,RAA-82,69.02,38(097)37-27-755
Вера,Захарченко,vera.zakharchenko1@student.org,2005,7,17,HIV-48,4.94,38(063)73-46-331
Денис,Макаренко,denys.makarenko2@student.org,1963,8,16,GZG-93,91.2,38(050)59-81-165
Юрій,Демченко,yuriy.demchenko2@student.org,1975,4,4,OZJ-69,84.02,38(098)75-14-593
Євгенія,Никоненко,yevheniya.nykonenko1@student.org,1954,10,9,ZRS-78,35.73,38(095)52-63-763
Ігор,Савченко,ihor.savchenko@student.org,1953,3,5,YYL-90,51.79,38(073)88-40-637
Катерина,Бойко,kateryna.boyko1@student.org,1983,9,12,YFH-71,87.37,38(068)17-61-361
Марія,Білоус,mariya.bilous1@student.org,1999,7,1,AUL-30,21.1,38(063)88-82-580
Інна,Павленко,inna.pavlenko@student.org,1991,3,9,JHG-33,49.17,38(096)17-66-711
Галина,Гладко,halyna.hladko1@student.org,1961,12,11,AWK-54,29.61,38(050)11-23-103
Галина,Мельник,halyna.melnyk@student.org,2001,3,23,JFM-19,80.01,38(099)64-76-465
Тетяна,Мельник,tetyana.melnyk2@student.org,1950,10,13,LXD-42,8.43,38(050)67-33-273
Віталій,Коваленко,vitaliy.kovalenko2@student.org,2004,2,6,EGC-44,38.15,38(073)37-51-660
Лілія,Шевчук,liliya.shevchuk@student.org,1960,4,28,TLL-38,92.34,38(063)85-91-716
Петро,Петренко,petro.petrenko2@student.org,2001,2,28,DKZ-98,31.43,38(073)88-83-772
Максим,Коваленко,maksym.kovalenko1@student.org,1980,5,21,MEF-64,94.14,38(097)44-15-244
Ірина,Шевчук,iryna.shevchuk@student.org,1951,11,6,DRQ-85,14.47,38(066)13-79-139
Роман,Зайцев,roman.zaytsev3@student.org,1955,12,2,RTW-73,27.42,38(068)39-59-189
Дмитро,Іваненко,dmytro.ivanenko1@student.org,1994,7,4,WUH-91,64.8,38(097)36-64-572
Любов,Макаренко,lyubov.makarenko2@student.org,2008,8,21,NLB-26,5.78,38(096)52-17-566
Валентина,Цимбал,valentyna.tsymbal1@student.org,1957,4,28,LDI-22,9.2,38(068)22-21-720
Юрій,Авраменко,yuriy.avramenko6@student.org,1999,11,28,QYI-65,15.94,38(050)52-19-333
Роман,Демченко,roman.demchenko4@student.org,1996,5,31,YGQ-17,50.95,38(050)16-18-311
Любов,Гончаренко,lyubov.honcharenko1@student.org,2003,3,17,LQX-21,38.24,38(068)96-69-598
Оксана,Цимбал,oksana.tsymbal1@student.org,1965,6,7,EPM-84,82.18,38(095)44-54-345
Михайло,Коваленко,mykhaylo.kovalenko3@student.org,1998,12,23,XAU-61,40.48,38(050)79-32-428
Алла,Гайдук,alla.hayduk@student.org,2008,10,4,SZQ-62,51.8,38(093)73-54-146
Олеся,Павленко,olesya.pavlenko@student.org,1990,12,11,MWC-58,26.55,38(097)79-29-154
Сергій,Кравченко,serhiy.kravchenko1@student.org,1990,2,19,LIX-89,45.95,38(050)79-68-118
Костянтин,Коваленко,kostyantyn.kovalenko@student.org,1950,10,1,MDE-59,48.24,38(098)39-92-533
Володимир,Савченко,volodymyr.savchenko@student.org,1961,11,21,VIE-66,1.71,38(073)64-27-310
Григорій,Цимбал,hryhoriy.tsymbal1@student.org,1982,5,14,UUV-28,20.46,38(096)60-57-269
Петро,Цимбал,petro.tsymbal1@student.org,1995,12,23,FTJ-18,93.25,38(073)60-55-222
Олена,Іваненко,olena.ivanenko@student.org,1988,5,28,RKC-99,62.61,38(063)90-40-359
Валентина,Руденко,valentyna.rudenko1@student.org,1977,8,6,GCA-78,54.41,38(097)48-94-925
Євгенія,Лисенко,yevheniya.lysenko2@student.org,1999,3,21,JTH-11,90.68,38(093)37-27-601
Анна,Гриценко,anna.hrytsenko5@student.org,1992,6,28,YAA-85,35.23,38(068)83-81-935
Ярослав,Костенко,yaroslav.kostenko1@student.org,2003,2,10,EBP-62,38.86,38(073)37-56-287
Володимир,Макаренко,volodymyr.makarenko1@student.org,1968,3,13,QZG-88,41.07,38(068)13-61-265
Алла,Омельченко,alla.omelchenko1@student.org,1951,4,1,TGV-52,83.43,38(073)52-91-805
Олена,Омельченко,olena.omelchenko1@student.org,1986,5,2,IHN-12,14.55,38(096)89-48-504
Денис,Романенко,denys.romanenko1@student.org,1962,4,3,UEF-21,49.18,38(096)76-80-902
Ярослав,Ковальчук,yaroslav.kovalchuk@student.org,2008,2,29,FAA-25,30.26,38(073)79-52-255
Ярослав,Макаренко,yaroslav.makarenko1@student.org,1989,11,5,VKY-23,60.27,38(097)64-35-851
Олена,Никоненко,olena.nykonenko1@student.org,2000,7,9,HLL-75,61.09,38(098)85-90-460
Ярослав,Демченко,yaroslav.demchenko3@student.org,1981,2,25,RNW-32,59.34,38(099)79-29-999
Любов,Козлов,lyubov.kozlov@student.org,1962,7,25,DPM-76,63.03,38(097)99-51-873
Віктор,Марченко,viktor.marchenko1@student.org,1990,5,12,WSR-96,68.84,38(099)82-68-689
Інна,Левченко,inna.levchenko3@student.org,1995,5,11,YSF-65,34.37,38(067)63-58-738
Анна,Михайленко,anna.mykhaylenko@student.org,1961,3,4,ERG-13,55.76,38(098)98-58-389
Роман,Кузьменко,roman.kuzmenko2@student.org,1989,8,24,ZWY-30,61.17,38(093)77-84-187
Федір,Ткаченко,fedir.tkachenko1@student.org,2004,6,17,WTU-82,95.99,38(050)83-45-244
Марія,Гордієнко,mariya.hordiyenko1@student.org,2007,2,15,SAA-30,57.62,38(093)45-95-116
Євгенія,Романенко,yevheniya.romanenko@student.org,1983,4,25,PCD-39,83.22,38(093)89-70-871
Олеся,Поліщук,olesya.polishchuk1@student.org,1957,9,11,HPH-87,52.22,38(068)83-37-473
Вера,Козлов,vera.kozlov2@student.org,1970,4,11,KGU-90,61.6,38(068)52-23-148
Максим,Павленко,maksym.pavlenko@student.org,1975,2,21,QLH-54,70.92,38(050)13-28-979
Остап,Мельник,ostap.melnyk@student.org,1971,5,5,YIN-82,65.11,38(067)37-28-671
Сергій,Зайцев,serhiy.zaytsev4@student.org,1988,6,12,KZE-34,60.48,38(050)86-82-126
Федір,Савченко,fedir.savchenko2@student.org,1968,10,26,GVU-65,9.94,38(066)19-30-775
Лариса,Мельник,larysa.melnyk1@student.org,1967,9,25,KQQ-67,32.35,38(093)51-26-997
Василь,Руденко,vasyl.rudenko2@student.org,1964,10,1,RBW-41,7.85,38(068)75-66-712
Роман,Марченко,roman.marchenko4@student.org,2004,7,17,JVD-39,79.9,38(068)71-47-290
Олеся,Гордієнко,olesya.hordiyenko@student.org,2002,6,19,TAQ-70,22.75,38(095)13-95-625
Вера,Никоненко,vera.nykonenko5@student.org,1996,5,10,RZJ-12,4.81,38(099)59-33-773
Юрій,Михайленко,yuriy.mykhaylenko1@student.org,1971,3,8,IYJ-53,29.24,38(096)81-54-989
Тетяна,Коваленко,tetyana.kovalenko3@student.org,1995,9,8,OIO-66,40.16,38(093)61-76-867
Людмила,Василенко,lyudmyla.vasylenko@student.org,1992,4,8,FYJ-89,76.08,38(097)98-12-172
Алла,Панченко,alla.panchenko@student.org,1971,3,25,QLK-54,5.07,38(050)83-73-974
Ірина,Шаповал,iryna.shapoval@student.org,1961,1,30,XMT-45,62.9,38(050)30-88-452
Костянтин,Захарченко,kostyantyn.zakharchenko2@student.org,1985,7,4,VGQ-40,63.67,38(095)20-66-752
Алла,Король,alla.korol@student.org,1958,11,14,RXR-62,25.95,38(095)71-46-986
Петро,Савченко,petro.savchenko@student.org,1964,3,5,WCA-36,77.1,38(066)46-61-997
Олена,Коваленко,olena.kovalenko1@student.org,1982,5,28,TGD-82,65.47,38(097)71-88-734
Євгенія,Бойко,yevheniya.boyko2@student.org,2009,3,19,FDC-29,64.94,38(098)30-95-653
Євгенія,Поліщук,yevheniya.polishchuk2@student.org,1954,9,21,CSZ-46,11.54,38(095)31-14-676
Олександр,Рибак,oleksandr.rybak3@student.org,1986,3,27,IHN-12,23.46,38(067)45-38-659
Євгенія,Лисенко,yevheniya.lysenko3@student.org,2008,11,4,CLS-23,12.76,38(098)47-12-970
Костянтин,Зайцев,kostyantyn.zaytsev@student.org,1989,2,14,WKC-80,25.6,38(096)72-61-524
Катерина,Кузьменко,kateryna.kuzmenko@student.org,2005,7,25,VGD-51,94.53,38(073)71-47-780
Петро,Омельченко,petro.omelchenko@student.org,1987,11,11,EXU-68,46.03,38(066)25-86-655
Тарас,Гладко,taras.hladko3@student.org,1955,5,1,QVT-69,93.54,38(097)56-28-627
Денис,Бойко,denys.boyko3@student.org,1966,9,7,KFJ-78,94.14,38(097)21-49-858
Анна,Захарченко,anna.zakharchenko2@student.org,1978,4,22,OBT-67,86.29,38(093)33-56-266
Федір,Кравченко,fedir.kravchenko1@student.org,1980,4,6,REE-12,9.62,38(066)22-75-377
Тетяна,Гайдук,tetyana.hayduk3@student.org,1969,4,24,WQG-19,69.29,38(073)55-92-233
Наталія,Савченко,nataliya.savchenko2@student.org,1981,5,21,MAD-27,27.74,38(097)16-63-431
Денис,Козлов,denys.kozlov@student.org,1954,12,4,RDF-13,15.45,38(067)41-12-257
Раїса,Савченко,rayisa.savchenko1@student.org,2006,11,27,ITX-35,72.84,38(068)76-25-943
Ігор,Костенко,ihor.kostenko@student.org,1953,7,9,GHE-21,42.04,38(096)77-92-957
Людмила,Кузьменко,lyudmyla.kuzmenko2@student.org,1971,5,10,IJE-60,88.12,38(093)17-42-160
Тарас,Костенко,taras.kostenko2@student.org,2000,2,10,ARH-17,40.53,38(073)80-55-366
Оксана,Козлов,oksana.kozlov2@student.org,2005,1,17,HPX-46,10.29,38(096)66-43-347
Катерина,Новік,kateryna.novik1@student.org,1966,3,20,IBI-10,34.36,38(097)79-30-944
Остап,Мельник,ostap.melnyk1@student.org,1965,3,21,HBR-84,75.83,38(073)78-68-578
Алла,Скрипка,alla.skrypka1@student.org,1966,9,29,IHN-12,6.43,38(096)50-26-947
Лілія,Зайцев,liliya.zaytsev3@student.org,1993,2,16,JJZ-86,17.43,38(093)98-94-805
Тетяна,Стельмах,tetyana.stelmakh3@student.org,1992,6,10,IIA-79,83.35,38(097)65-62-631
Оксана,Руденко,oksana.rudenko2@student.org,2009,3,13,GNZ-23,65.55,38(063)14-27-590
Артем,Дорошенко,artem.doroshenko3@student.org,1974,1,16,VYJ-77,79.31,38(095)86-46-980
Максим,Романенко,maksym.romanenko2@student.org,1996,9,9,LEW-44,77.87,38(050)90-80-523
Михайло,Поліщук,mykhaylo.polishchuk2@student.org,1985,1,15,ERF-43,28.28,38(068)57-19-357
Олеся,Кравченко,olesya.kravchenko2@student.org,1950,6,18,IFB-80,77.06,38(067)53-19-681
Андрій,Ковальчук,andriy.kovalchuk2@student.org,1953,11,18,SZY-73,30.56,38(095)78-18-404
Максим,Лисенко,maksym.lysenko4@student.org,1996,10,4,KMV-14,73.27,38(073)22-75-535
Олена,Захарченко,olena.zakharchenko2@student.org,1962,12,11,MNN-42,40.13,38(050)97-31-937
Ірина,Цимбал,iryna.tsymbal1@student.org,1991,4,11,KPO-43,16.59,38(098)51-56-312
Олеся,Скрипка,olesya.skrypka2@student.org,1976,12,1,VDI-56,12.28,38(097)24-82-477
Юлія,Руденко,yuliya.rudenko4@student.org,1963,10,21,QGS-78,84.89,38(093)39-95-202
Галина,Поліщук,halyna.polishchuk1@student.org,1959,1,11,UIG-21,67.75,38(095)78-31-910
Олена,Гриценко,olena.hrytsenko1@student.org,1967,6,2,TTG-26,98.36,38(095)17-46-355
Остап,Дорошенко,ostap.doroshenko@student.org,1971,10,21,VWH-68,91.89,38(050)29-75-727
Тетяна,Новік,tetyana.novik3@student.org,1966,12,12,SZD-97,16.36,38(097)22-98-266
Раїса,Захарченко,rayisa.zakharchenko1@student.org,1978,10,25,ZMH-93,24.9,38(093)70-84-701
Олеся,Гончаренко,olesya.honcharenko@student.org,1983,3,21,VGD-51,98.78,38(098)57-44-800
Артем,Лебедь,artem.lebed2@student.org,2002,5,2,PZK-64,65.34,38(050)20-91-131
Сергій,Бойко,serhiy.boyko2@student.org,1956,3,21,ZKH-86,30.62,38(096)16-73-288
Вера,Козлов,vera.kozlov3@student.org,2009,10,21,LKM-90,16.47,38(063)27-23-368
Ярослав,Панченко,yaroslav.panchenko2@student.org,2010,1,8,DKW-52,51.38,38(063)22-94-353
Денис,Петренко,denys.petrenko2@student.org,2004,3,20,ZQG-21,54.05,38(050)46-65-598
Роман,Цимбал,roman.tsymbal3@student.org,1974,6,28,HSQ-85,39.46,38(066)20-99-671
Василь,Рибак,vasyl.rybak1@student.org,2006,7,9,GCA-78,4.4,38(099)25-95-231
Катерина,Дорошенко,kateryna.doroshenko@student.org,1993,4,14,EHN-27,23.48,38(098)87-88-612
Раїса,Рибак,rayisa.rybak4@student.org,1978,10,31,TSW-22,9.35,38(097)68-70-584
Віктор,Михайленко,viktor.mykhaylenko3@student.org,1965,8,27,FIR-31,32.93,38(073)69-47-167
Олена,Шаповал,olena.shapoval3@student.org,2002,1,10,YFO-13,60.18,38(066)31-46-635
Олена,Мельник,olena.melnyk2@student.org,1956,6,12,LNX-88,31.4,38(073)64-44-662
Андрій,Захарченко,andriy.zakharchenko2@student.org,1957,7,23,GBT-36,70.08,38(066)67-13-652
Роман,Марченко,roman.marchenko5@student.org,2007,8,27,JMA-58,70.19,38(097)96-51-135
Ігор,Дорошенко,ihor.doroshenko3@student.org,1968,3,28,ZQR-35,18.95,38(068)24-11-358
Вера,Коваль,vera.koval1@student.org,2004,5,9,DJK-42,24.44,38(096)61-37-732
Лілія,Макаренко,liliya.makarenko2@student.org,2008,7,28,LLW-80,74.35,38(096)69-29-564
Алла,Козлов,alla.kozlov1@student.org,1956,3,7,MCY-17,74.33,38(073)93-15-607
Любов,Цимбал,lyubov.tsymbal@student.org,1987,12,7,OYU-86,92.28,38(099)76-13-259
Марія,Гладко,mariya.hladko1@student.org,1958,11,19,JJW-62,99.55,38(093)93-54-581
Галина,Шаповал,halyna.shapoval4@student.org,1958,8,6,FII-55,52.85,38(093)91-79-223
Павло,Лебедь,pavlo.lebed@student.org,1998,2,13,AWJ-64,96.35,38(095)16-85-958
Сергій,Макаренко,serhiy.makarenko2@student.org,1978,5,1,YQO-30,4.39,38(097)14-91-264
Станіслав,Шаповал,stanislav.shapoval1@student.org,1962,10,11,QST-29,96.75,38(063)57-46-864
Валентина,Макаренко,valentyna.makarenko@student.org,1964,10,16,MGH-35,59.77,38(067)43-88-928
Людмила,Бойко,lyudmyla.boyko2@student.org,2006,8,1,WPC-18,80.88,38(073)39-65-990
Лариса,Коваль,larysa.koval3@student.org,1964,10,17,CWL-86,57.08,38(063)78-77-350
Віктор,Ткаченко,viktor.tkachenko@student.org,1996,4,4,OEY-65,5.63,38(093)25-81-771
Володимир,Білоус,volodymyr.bilous@student.org,1985,8,14,DQL-64,29.31,38(095)38-94-924
Костянтин,Литвин,kostyantyn.lytvyn2@student.org,1969,11,7,PSD-85,54.13,38(073)75-76-604
Віталій,Ткаченко,vitaliy.tkachenko2@student.org,1994,5,6,XIJ-37,50.41,38(068)79-98-919
Олеся,Гайдук,olesya.hayduk1@student.org,2002,3,1,CUD-33,43.17,38(073)28-58-710
Анна,Козлов,anna.kozlov1@student.org,1996,2,27,SIH-56,36.88,38(099)96-87-847
Роман,Авраменко,roman.avramenko7@student.org,1972,6,25,CMK-12,98.04,38(050)21-44-978
Ірина,Савченко,iryna.savchenko1@student.org,1998,7,29,ULO-15,79.84,38(098)27-98-906
Остап,Шевченко,ostap.shevchenko@student.org,1959,12,10,JUH-10,86.33,38(099)20-18-971
Ярослав,Скрипка,yaroslav.skrypka3@student.org,2003,8,7,IMQ-98,34.04,38(097)13-39-153
Любов,Новік,lyubov.novik4@student.org,2000,11,5,ELP-11,76.49,38(073)18-80-889
Володимир,Гончаренко,volodymyr.honcharenko1@student.org,2007,1,9,IMM-69,47.54,38(067)70-46-691
Людмила,Мельник,lyudmyla.melnyk@student.org,1998,6,2,ZUU-40,18.32,38(050)30-28-899
Юрій,Бойко,yuriy.boyko2@student.org,1966,7,28,MMG-46,70.07,38(063)75-48-789
Раїса,Зайцев,rayisa.zaytsev5@student.org,1993,7,12,UOC-57,36.14,38(096)27-59-124
Віталій,Кравченко,vitaliy.kravchenko3@student.org,1957,12,2,YXT-15,65.17,38(099)85-50-721
Любов,Омельченко,lyubov.omelchenko4@student.org,1999,7,6,RKG-36,19.55,38(093)60-61-685
Тарас,Василенко,taras.vasylenko1@student.org,1994,2,6,VFV-82,28.37,38(097)92-60-760
Анна,Бойко,anna.boyko@student.org,1986,3,9,FBI-82,54.58,38(097)80-23-766
Юрій,Іваненко,yuriy.ivanenko1@student.org,1987,7,26,VSK-34,27.12,38(073)15-97-720
Надія,Литвин,nadiya.lytvyn2@student.org,1952,5,26,BPE-62,57.6,38(067)17-91-850
Григорій,Стельмах,hryhoriy.stelmakh1@student.org,1992,6,26,PNA-16,25.02,38(096)52-15-418
Богдан,Костенко,bohdan.kostenko5@student.org,1971,1,23,TQF-53,89.33,38(093)23-36-665
Валентина,Макаренко,valentyna.makarenko1@student.org,1963,1,2,WJJ-27,24.42,38(050)73-93-603
Роман,Василенко,roman.vasylenko3@student.org,1970,9,22,SQF-42,30.36,38(093)72-34-861
Віктор,Мельник,viktor.melnyk@student.org,1951,7,24,BXD-48,48.07,38(067)88-78-651
Андрій,Коваленко,andriy.kovalenko5@student.org,1961,6,23,DHS-86,42.46,38(097)17-12-291
Надія,Цимбал,nadiya.tsymbal3@student.org,1974,11,4,AVY-16,20.3,38(068)13-43-755
Денис,Гордієнко,denys.hordiyenko1@student.org,1967,7,18,GHE-21,4.85,38(067)61-78-681
Світлана,Коваль,svitlana.koval@student.org,2003,6,2,WDM-93,22.27,38(095)88-48-425
Лариса,Новік,larysa.novik2@student.org,1971,8,21,TQQ-72,39.97,38(098)70-97-950
Лілія,Мельник,liliya.melnyk1@student.org,1997,12,17,AAB-44,86.17,38(073)36-76-964
Світлана,Романенко,svitlana.romanenko2@student.org,1959,5,17,BLD-84,87.19,38(099)77-34-236
Василь,Цимбал,vasyl.tsymbal@student.org,1986,11,9,EOB-22,98.24,38(096)81-60-544
Ярослав,Левченко,yaroslav.levchenko1@student.org,1979,6,29,SGE-81,87.95,38(097)55-33-157
Григорій,Скрипка,hryhoriy.skrypka2@student.org,1995,8,30,WQD-67,58.01,38(096)85-20-731
Дмитро,Бойко,dmytro.boyko1@student.org,1977,12,24,KPO-43,36.88,38(067)66-64-390
Оксана,Шевчук,oksana.shevchuk1@student.org,1963,9,19,HTY-32,83.22,38(066)74-70-544
Тетяна,Михайленко,tetyana.mykhaylenko@student.org,1955,3,30,ZTK-81,75.46,38(097)66-95-548
Тетяна,Романенко,tetyana.romanenko1@student.org,2006,5,12,SOT-76,30.59,38(063)54-95-106
Володимир,Никоненко,volodymyr.nykonenko@student.org,1978,2,1,ZVZ-60,34.87,38(096)53-29-570
Роман,Павленко,roman.pavlenko2@student.org,1970,6,17,UMH-90,89.16,38(067)45-44-386
Олеся,Ковальчук,olesya.kovalchuk2@student.org,1971,4,24,FRR-86,93.19,38(097)64-50-955
Костянтин,Костенко,kostyantyn.kostenko2@student.org,2004,12,25,PHW-53,7.2,38(098)96-62-826
Любов,Шевченко,lyubov.shevchenko3@student.org,2010,4,16,OCA-44,3.29,38(063)24-50-904
Людмила,Цимбал,lyudmyla.tsymbal@student.org,1958,11,4,NVR-96,23.08,38(073)31-75-657
Василь,Лебедь,vasyl.lebed3@student.org,1966,2,25,MVJ-24,26.08,38(095)86-91-763
Дмитро,Рибак,dmytro.rybak@student.org,1977,7,10,BVL-74,66.03,38(098)98-43-407
Катерина,Руденко,kateryna.rudenko2@student.org,1968,3,23,DVE-54,71.36,38(050)79-18-632
Вера,Іваненко,vera.ivanenko4@student.org,2002,9,23,AGO-30,11.52,38(096)39-90-275
Костянтин,Скрипка,kostyantyn.skrypka@student.org,1970,7,29,JTW-97,79.63,38(068)87-20-284
Володимир,Василенко,volodymyr.vasylenko1@student.org,2007,9,1,KQQ-43,14.34,38(068)93-15-635
Михайло,Дорошенко,mykhaylo.doroshenko3@student.org,1950,2,5,NPR-56,22.34,38(097)42-81-289
Євгенія,Василенко,yevheniya.vasylenko@student.org,1975,3,27,TGD-82,71.09,38(095)68-55-463
Лариса,Козлов,larysa.kozlov2@student.org,1987,9,28,EFL-51,37.23,38(066)18-66-237
Андрій,Захарченко,andriy.zakharchenko3@student.org,1961,5,12,CVJ-85,93.78,38(063)75-84-476
Вікторія,Цимбал,viktoriya.tsymbal3@student.org,1994,7,10,MNN-42,97.36,38(066)93-50-744
Оксана,Новік,oksana.novik1@student.org,1974,9,1,AWK-54,48.75,38(068)79-65-736
Дмитро,Коваленко,dmytro.kovalenko2@student.org,1988,6,12,BPF-99,93.32,38(093)17-17-958
Тарас,Ткаченко,taras.tkachenko@student.org,1957,9,13,RHT-52,66.55,38(093)19-69-492
Петро,Лисенко,petro.lysenko1@student.org,1950,9,27,TLO-90,75.81,38(067)82-35-879
Роман,Білоус,roman.bilous5@student.org,1977,5,7,HHI-15,49.21,38(063)67-31-714
Надія,Костенко,nadiya.kostenko3@student.org,1989,1,12,HPH-87,23.32,38(066)69-65-746
Валентина,Стельмах,valentyna.stelmakh@student.org,1991,11,25,FXL-53,41.78,38(099)12-66-375
Оксана,Стельмах,oksana.stelmakh2@student.org,2000,7,8,LFU-35,30.18,38(097)27-97-192
Роман,Панченко,roman.panchenko2@student.org,1974,8,6,KNH-71,75.55,38(097)47-40-245
Лариса,Стельмах,larysa.stelmakh2@student.org,1967,11,3,WYD-69,80.16,38(099)68-92-986
Вікторія,Скрипка,viktoriya.skrypka1@student.org,1950,9,19,FCG-69,86.2,38(093)47-99-869
Світлана,Кравченко,svitlana.kravchenko2@student.org,1979,8,15,RNW-32,44.13,38(093)31-60-536
Лариса,Марченко,larysa.marchenko1@student.org,1957,3,1,UWS-86,17.5,38(063)62-93-458
Петро,Демченко,petro.demchenko@student.org,1989,2,13,FHR-78,31.94,38(096)85-51-859
Сергій,Руденко,serhiy.rudenko1@student.org,2006,9,6,XWX-37,26.1,38(068)94-27-277
Інна,Марченко,inna.marchenko1@student.org,2006,8,18,WAI-98,38.93,38(063)50-37-421
Юлія,Шаповал,yuliya.shapoval2@student.org,1967,7,15,HRW-44,92.56,38(096)19-41-809
Павло,Кузьменко,pavlo.kuzmenko1@student.org,2005,8,22,SZD-97,49.21,38(098)56-25-620
Остап,Шевченко,ostap.shevchenko1@student.org,2003,5,24,LEQ-37,27.0,38(097)91-84-878
Станіслав,Білоус,stanislav.bilous2@student.org,1978,2,19,CSV-42,56.31,38(093)19-71-186
Ганна,Макаренко,hanna.makarenko2@student.org,1978,11,4,OBR-96,78.19,38(066)80-33-284
Роман,Кузьменко,roman.kuzmenko3@student.org,1952,1,19,AQP-93,2.51,38(050)81-10-803
Роман,Никоненко,roman.nykonenko1@student.org,1992,12,19,AYK-36,7.81,38(066)75-91-239
Наталія,Ковальчук,nataliya.kovalchuk2@student.org,1978,4,16,YWS-41,37.74,38(097)29-12-532
Федір,Демченко,fedir.demchenko2@student.org,1950,1,13,AJO-40,59.7,38(073)31-10-299
Анна,Руденко,anna.rudenko2@student.org,1998,8,20,SQO-31,10.12,38(063)19-64-199
Костянтин,Михайленко,kostyantyn.mykhaylenko1@student.org,2002,7,27,PDP-47,63.63,38(073)57-23-128
Михайло,Марченко,mykhaylo.marchenko2@student.org,1964,11,23,JCA-90,32.66,38(066)95-88-189
Катерина,Гриценко,kateryna.hrytsenko1@student.org,1955,6,2,MZG-58,2.86,38(073)12-60-158
Андрій,Никоненко,andriy.nykonenko@student.org,1992,7,21,GQB-11,97.0,38(050)58-76-717
Володимир,Руденко,volodymyr.rudenko@student.org,1975,4,29,ISV-28,54.82,38(063)97-53-776
Надія,Скрипка,nadiya.skrypka@student.org,1979,12,13,TCQ-17,91.15,38(093)19-23-104
Валентина,Бойко,valentyna.boyko5@student.org,1982,9,7,FFA-25,95.38,38(068)51-79-589
Володимир,Поліщук,volodymyr.polishchuk2@student.org,1970,12,20,RDF-13,9.42,38(093)44-81-589
Федір,Кравченко,fedir.kravchenko2@student.org,1993,4,28,MHA-54,9.99,38(063)31-30-193
Павло,Демченко,pavlo.demchenko2@student.org,1997,8,20,XZG-62,90.64,38(050)37-82-337
Юрій,Гончаренко,yuriy.honcharenko1@student.org,1983,7,11,JVD-39,80.57,38(093)55-11-740
Олександр,Ковальчук,oleksandr.kovalchuk1@student.org,2005,2,28,EET-93,15.55,38(096)39-53-359
Ярослав,Ковальчук,yaroslav.kovalchuk1@student.org,1956,1,18,EDM-79,96.4,38(073)37-64-153
Петро,Гордієнко,petro.hordiyenko1@student.org,1998,2,5,SWS-23,2.6,38(063)91-24-442
Вера,Стельмах,vera.stelmakh@student.org,1953,12,11,MUE-46,55.88,38(073)37-20-625
Роман,Лисенко,roman.lysenko4@student.org,2009,9,20,EII-42,2.3,38(097)49-21-773
Андрій,Гайдук,andriy.hayduk3@student.org,2001,1,3,NOP-58,21.21,38(066)65-47-685
Андрій,Коваленко,andriy.kovalenko6@student.org,1997,2,21,DZP-49,39.5,38(093)61-95-371
Петро,Омельченко,petro.omelchenko1@student.org,1996,10,24,RWL-70,62.25,38(098)32-84-589
Алла,Шаповал,alla.shapoval1@student.org,1951,7,26,VZL-84,49.17,38(067)85-74-756
Раїса,Ковальчук,rayisa.kovalchuk1@student.org,2001,11,8,BJA-33,71.24,38(099)73-80-340
Раїса,Костенко,rayisa.kostenko1@student.org,1957,11,20,IFE-11,55.49,38(067)52-13-612
Олександр,Костенко,oleksandr.kostenko@student.org,1986,11,30,XQK-47,20.4,38(073)15-61-581
Павло,Король,pavlo.korol1@student.org,1954,4,16,VAP-36,19.33,38(050)87-48-749
Наталія,Дорошенко,nataliya.doroshenko1@student.org,1953,7,24,LSV-57,40.96,38(098)60-60-103
Роман,Новік,roman.novik5@student.org,1972,2,3,XGV-38,17.06,38(063)21-22-876
Андрій,Костенко,andriy.kostenko1@student.org,1999,5,17,ECJ-35,27.53,38(097)50-30-794
Павло,Ткаченко,pavlo.tkachenko5@student.org,1976,3,11,DTY-10,24.96,38(093)82-61-203
Раїса,Цимбал,rayisa.tsymbal@student.org,1962,1,30,WSQ-76,73.88,38(098)17-94-618
Віталій,Іваненко,vitaliy.ivanenko@student.org,2008,1,14,KMU-74,23.1,38(093)75-31-977
Юрій,Михайленко,yuriy.mykhaylenko2@student.org,1953,3,18,VEZ-94,50.52,38(063)31-11-966
Тарас,Литвин,taras.lytvyn1@student.org,1967,8,9,SOV-93,65.26,38(063)11-18-363
Максим,Костенко,maksym.kostenko2@student.org,1960,8,27,OVE-81,36.95,38(096)86-40-912
Дмитро,Авраменко,dmytro.avramenko@student.org,1985,11,26,JNM-47,87.01,38(067)16-55-431
Тарас,Бойко,taras.boyko2@student.org,1994,3,12,LDP-84,99.62,38(073)93-58-420
Павло,Шаповал,pavlo.shapoval1@student.org,1957,10,14,PKK-25,50.15,38(098)70-84-781
Марія,Кравченко,mariya.kravchenko2@student.org,1990,6,28,GLF-75,32.46,38(096)74-58-529
Тарас,Цимбал,taras.tsymbal2@student.org,1973,1,18,YXU-80,83.78,38(093)29-71-534
Богдан,Макаренко,bohdan.makarenko2@student.org,1954,9,16,QVT-69,91.19,38(050)97-40-769
Ірина,Павленко,iryna.pavlenko1@student.org,1951,6,21,IRD-30,70.06,38(093)42-15-817
Валентина,Дорошенко,valentyna.doroshenko1@student.org,1954,11,14,JXL-90,94.68,38(073)31-89-865
Сергій,Левченко,serhiy.levchenko1@student.org,1962,7,29,WPJ-81,74.92,38(095)42-20-487
Сергій,Литвин,serhiy.lytvyn@student.org,1975,6,16,UEH-50,85.59,38(099)39-77-783
Алла,Гордієнко,alla.hordiyenko1@student.org,2010,8,13,BCP-36,21.65,38(097)75-18-119
Василь,Шевченко,vasyl.shevchenko3@student.org,1958,1,25,WBI-42,8.44,38(096)75-68-998
Оксана,Шаповал,oksana.shapoval1@student.org,1979,6,3,TDX-51,11.07,38(073)37-20-537
Олеся,Павленко,olesya.pavlenko1@student.org,1989,12,24,FBM-40,23.72,38(096)85-75-531
Павло,Бойко,pavlo.boyko@student.org,1990,2,24,PNA-16,37.71,38(063)78-51-595
Вера,Рибак,vera.rybak2@student.org,1977,12,6,JFM-19,17.67,38(096)60-38-397
Віталій,Марченко,vitaliy.marchenko2@student.org,1996,12,26,UUO-24,60.49,38(073)30-50-649
Інна,Поліщук,inna.polishchuk@student.org,1983,5,10,JBK-13,26.88,38(099)87-62-678
Ігор,Панченко,ihor.panchenko2@student.org,1988,2,11,SQA-42,33.16,38(068)12-43-907
Михайло,Кузьменко,mykhaylo.kuzmenko4@student.org,1992,4,9,XOD-78,24.65,38(050)77-34-472
Олеся,Шаповал,olesya.shapoval2@student.org,1955,3,24,IXU-95,55.6,38(050)33-66-972
Станіслав,Авраменко,stanislav.avramenko3@student.org,2001,12,1,HSH-83,30.25,38(098)67-87-280
Максим,Демченко,maksym.demchenko3@student.org,1996,1,19,MCT-69,88.88,38(068)86-78-331
Інна,Коваленко,inna.kovalenko2@student.org,1993,9,30,PFW-51,80.73,38(098)15-93-403
Віталій,Гладко,vitaliy.hladko2@student.org,1967,10,24,MDS-81,66.28,38(096)84-60-859
Богдан,Дорошенко,bohdan.doroshenko1@student.org,2004,6,11,KYR-44,11.5,38(066)71-83-296
Денис,Михайленко,denys.mykhaylenko@student.org,1996,11,10,PTV-58,25.51,38(096)96-39-750
Оксана,Гриценко,oksana.hrytsenko2@student.org,1971,5,4,QGS-78,44.5,38(095)36-26-732
Остап,Костенко,ostap.kostenko@student.org,1989,1,4,XZP-96,0.26,38(098)68-45-424
Інна,Коваль,inna.koval1@student.org,1997,3,2,UTB-40,10.75,38(097)26-90-427
Світлана,Гайдук,svitlana.hayduk1@student.org,1982,12,11,QQI-98,56.1,38(066)20-41-284
Тарас,Кравченко,taras.kravchenko@student.org,2003,1,13,NRZ-94,8.68,38(063)23-24-955
Роман,Іваненко,roman.ivanenko3@student.org,1954,7,26,GOR-58,46.94,38(096)86-65-294
Марія,Омельченко,mariya.omelchenko4@student.org,2006,11,27,EVG-32,20.2,38(099)28-97-342
Василь,Гордієнко,vasyl.hordiyenko2@student.org,1962,9,16,MUO-49,23.88,38(073)13-76-761
Тетяна,Гордієнко,tetyana.hordiyenko1@student.org,1963,11,13,UVH-18,58.57,38(067)91-61-240
Максим,Лебедь,maksym.lebed@student.org,1970,3,15,LVB-79,84.27,38(066)26-81-741
Остап,Гайдук,ostap.hayduk2@student.org,1995,2,8,GGI-76,97.63,38(096)24-72-348
Ірина,Кузьменко,iryna.kuzmenko@student.org,1966,3,19,ZSU-66,41.09,38(050)98-66-137
Богдан,Король,bohdan.korol2@student.org,1987,10,3,NRN-31,35.0,38(099)34-63-237
Андрій,Ковальчук,andriy.kovalchuk3@student.org,1986,1,17,KZK-79,86.38,38(098)22-58-987
Світлана,Костенко,svitlana.kostenko1@student.org,2006,12,8,ITI-56,48.0,38(093)97-53-997
Марія,Петренко,mariya.petrenko2@student.org,1998,10,4,ERF-99,77.51,38(067)81-81-134
Роман,Коваленко,roman.kovalenko3@student.org,1958,5,11,BTB-88,14.4,38(068)15-55-488
Анна,Руденко,anna.rudenko3@student.org,1952,6,7,KGP-68,33.74,38(073)56-76-442
Сергій,Лебедь,serhiy.lebed1@student.org,1968,10,6,FHJ-12,74.57,38(063)44-74-891
Роман,Демченко,roman.demchenko5@student.org,1966,7,13,DMM-54,85.86,38(095)40-88-830
Оксана,Гончаренко,oksana.honcharenko3@student.org,1992,10,9,ZEV-93,86.89,38(063)34-29-102
Тетяна,Гайдук,tetyana.hayduk4@student.org,2008,4,28,ABE-84,8.93,38(063)78-84-320
Андрій,Коваленко,andriy.kovalenko7@student.org,1958,11,20,BXV-10,32.55,38(097)37-55-215
Денис,Скрипка,denys.skrypka1@student.org,2004,5,7,KAT-51,86.86,38(098)97-74-425
Андрій,Костенко,andriy.kostenko2@student.org,2009,2,12,ZLH-78,94.3,38(068)56-91-717
Світлана,Савченко,svitlana.savchenko2@student.org,1990,10,19,WXL-20,43.7,38(096)83-88-254
Анна,Шевчук,anna.shevchuk1@student.org,1972,11,24,PLP-30,96.44,38(099)75-34-793
Павло,Бойко,pavlo.boyko1@student.org,1966,12,11,WLD-29,55.61,38(050)18-54-625
Станіслав,Білоус,stanislav.bilous3@student.org,1979,10,9,OXM-94,27.32,38(099)82-28-625
Лариса,Шаповал,larysa.shapoval4@student.org,1987,2,13,DMW-46,73.66,38(066)80-26-125
Володимир,Романенко,volodymyr.romanenko@student.org,1991,5,10,SDE-69,75.19,38(068)74-11-213
Павло,Білоус,pavlo.bilous1@student.org,1987,1,5,JAU-48,35.46,38(097)81-23-404
Валентина,Руденко,valentyna.rudenko2@student.org,2003,9,25,MZG-58,54.91,38(098)19-55-892
Оксана,Демченко,oksana.demchenko@student.org,1988,10,27,EDF-72,70.12,38(096)23-94-760
Григорій,Білоус,hryhoriy.bilous@student.org,1975,7,30,TNQ-36,10.44,38(099)50-24-258
Віктор,Лисенко,viktor.lysenko@student.org,1991,1,10,QST-29,2.42,38(096)34-60-743
Тарас,Руденко,taras.rudenko5@student.org,1985,7,13,VGE-70,8.82,38(095)62-26-447
Дмитро,Король,dmytro.korol1@student.org,1956,1,8,VZV-82,33.35,38(095)53-48-543
Галина,Шевченко,halyna.shevchenko4@student.org,2002,5,20,IDM-46,22.86,38(098)62-32-316
Катерина,Ковальчук,kateryna.kovalchuk1@student.org,1981,6,21,DKM-25,71.92,38(067)25-30-287
Костянтин,Кравченко,kostyantyn.kravchenko1@student.org,1975,6,30,HEQ-64,76.61,38(097)29-74-924
Григорій,Шаповал,hryhoriy.shapoval1@student.org,2008,1,29,MTE-82,20.74,38(066)18-28-150
Лілія,Поліщук,liliya.polishchuk2@student.org,1950,8,17,BBB-30,33.0,38(066)93-21-171
Катерина,Романенко,kateryna.romanenko1@student.org,1959,7,25,IRZ-78,12.53,38(095)75-29-110
Марія,Бойко,mariya.boyko1@student.org,1954,4,14,WSV-75,0.61,38(098)55-74-425
Віктор,Ткаченко,viktor.tkachenko1@student.org,1962,10,18,MVS-14,29.51,38(098)89-61-454
Олена,Никоненко,olena.nykonenko2@student.org,1961,12,23,DBF-72,77.32,38(096)61-25-769
Тетяна,Коваль,tetyana.koval1@student.org,1990,10,21,ILX-20,63.79,38(050)14-15-152
Андрій,Іваненко,andriy.ivanenko@student.org,1964,11,13,ITI-56,84.34,38(095)11-11-643
Тарас,Руденко,taras.rudenko6@student.org,1973,1,15,BFG-57,22.5,38(098)13-14-334
Олександр,Гриценко,oleksandr.hrytsenko1@student.org,1984,7,16,OXP-50,36.86,38(063)22-56-868
Любов,Левченко,lyubov.levchenko@student.org,1971,7,22,OTP-60,55.97,38(073)15-49-222
Євгенія,Омельченко,yevheniya.omelchenko5@student.org,1951,3,5,OCH-78,28.32,38(067)68-27-518
Денис,Шаповал,denys.shapoval1@student.org,1962,6,17,ZLG-47,69.34,38(099)64-67-605
Тарас,Руденко,taras.rudenko7@student.org,1993,6,27,TEN-40,41.17,38(067)11-10-515
Андрій,Цимбал,andriy.tsymbal@student.org,1964,10,13,HQV-30,32.51,38(067)72-18-839
Костянтин,Панченко,kostyantyn.panchenko2@student.org,1951,7,3,JLT-49,95.57,38(093)64-92-254
Олександр,Гайдук,oleksandr.hayduk1@student.org,1968,3,15,LLO-67,8.0,38(096)73-45-923
Валентина,Мельник,valentyna.melnyk3@student.org,1961,2,10,BZX-35,66.83,38(097)51-66-970
Денис,Омельченко,denys.omelchenko3@student.org,2006,1,23,BWL-44,25.44,38(063)85-69-775
Віталій,Гайдук,vitaliy.hayduk@student.org,2008,3,20,OTF-54,47.7,38(066)61-37-343
Євгенія,Марченко,yevheniya.marchenko2@student.org,2000,7,16,RMJ-25,58.55,38(098)34-20-798
Олександр,Гончаренко,oleksandr.honcharenko1@student.org,1995,12,28,MJW-41,22.98,38(099)98-81-358
Ігор,Макаренко,ihor.makarenko@student.org,1988,9,2,LXT-33,2.61,38(099)55-12-408
Михайло,Авраменко,mykhaylo.avramenko@student.org,1985,11,19,IRD-30,20.53,38(099)79-77-953
Анна,Ткаченко,anna.tkachenko@student.org,1977,9,29,RPM-99,85.23,38(098)15-87-358
Олена,Ткаченко,olena.tkachenko2@student.org,1953,4,26,CVZ-73,61.73,38(066)87-80-833
Віталій,Ткаченко,vitaliy.tkachenko3@student.org,2008,10,5,RGX-34,49.8,38(097)63-47-400
Анна,Панченко,anna.panchenko1@student.org,1993,11,28,HIY-28,20.01,38(073)27-13-438
Федір,Кравченко,fedir.kravchenko3@student.org,1977,7,22,RCC-22,88.2,38(063)77-10-357
Ірина,Ковальчук,iryna.kovalchuk3@student.org,1994,12,25,CBB-37,76.66,38(068)88-23-235
Федір,Шевченко,fedir.shevchenko@student.org,1960,10,11,KHT-45,0.86,38(073)77-40-221
Лариса,Цимбал,larysa.tsymbal2@student.org,1963,9,25,WWO-20,15.88,38(097)84-76-884
Юлія,Левченко,yuliya.levchenko1@student.org,1978,11,19,HHI-15,24.24,38(097)91-36-835
Галина,Король,halyna.korol2@student.org,1961,2,12,PCU-15,26.19,38(097)12-99-865
Марія,Демченко,mariya.demchenko@student.org,1981,8,26,TOO-39,66.64,38(063)61-51-883
Олеся,Шаповал,olesya.shapoval3@student.org,2008,3,25,AKB-43,40.84,38(097)12-23-627
Лариса,Демченко,larysa.demchenko@student.org,1956,8,31,YGX-80,19.39,38(093)51-89-346
Остап,Кузьменко,ostap.kuzmenko@student.org,1985,6,13,QUM-74,31.36,38(098)63-81-329
Раїса,Стельмах,rayisa.stelmakh5@student.org,1982,1,29,WLO-28,52.4,38(068)50-20-281
Лариса,Руденко,larysa.rudenko1@student.org,1982,11,6,ZJA-40,31.4,38(067)95-35-401
Олександр,Козлов,oleksandr.kozlov1@student.org,1995,4,27,BVL-74,94.07,38(098)97-79-652
Анна,Гайдук,anna.hayduk@student.org,1979,9,20,CAA-51,45.89,38(050)66-84-893
Сергій,Гриценко,serhiy.hrytsenko2@student.org,2008,3,6,UBD-43,51.56,38(067)49-58-829
Роман,Дорошенко,roman.doroshenko3@student.org,1973,3,14,GCP-93,63.44,38(067)63-31-143
Артем,Дорошенко,artem.doroshenko4@student.org,1966,9,3,QPA-45,90.63,38(099)84-53-215
Михайло,Цимбал,mykhaylo.tsymbal2@student.org,2006,10,6,OXZ-98,68.76,38(063)81-80-305
Роман,Стельмах,roman.stelmakh2@student.org,2005,4,24,MLY-38,17.71,38(073)78-95-891
Роман,Лебедь,roman.lebed@student.org,1987,9,9,ERU-29,16.04,38(096)95-18-335
Григорій,Король,hryhoriy.korol1@student.org,1976,2,13,KYL-52,85.4,38(063)14-67-770
Ярослав,Михайленко,yaroslav.mykhaylenko1@student.org,1995,12,1,VGR-80,94.2,38(097)27-68-617
Лариса,Гриценко,larysa.hrytsenko2@student.org,1971,10,17,XYQ-13,23.83,38(050)26-38-412
Григорій,Костенко,hryhoriy.kostenko1@student.org,1959,8,13,UPF-31,93.14,38(095)26-55-562
Олександр,Гордієнко,oleksandr.hordiyenko5@student.org,1957,2,4,CLX-14,71.66,38(097)90-28-210
Дмитро,Макаренко,dmytro.makarenko1@student.org,1994,9,8,QUZ-22,75.48,38(095)82-10-901
Вера,Лисенко,vera.lysenko@student.org,1976,7,1,KXV-43,88.5,38(095)30-77-885
Володимир,Король,volodymyr.korol1@student.org,1963,3,27,VCJ-17,83.35,38(098)26-15-702
Ярослав,Шаповал,yaroslav.shapoval2@student.org,2005,8,12,LQK-93,75.75,38(097)56-14-376
Артем,Мельник,artem.melnyk4@student.org,1962,7,26,KIQ-96,23.46,38(093)49-54-601
Тарас,Шевчук,taras.shevchuk1@student.org,1970,6,25,YET-67,28.8,38(068)97-51-385
Людмила,Ткаченко,lyudmyla.tkachenko@student.org,2000,11,12,WIF-81,31.98,38(099)71-24-648
Денис,Романенко,denys.romanenko2@student.org,2003,2,10,HCN-72,34.92,38(066)69-87-667
Артем,Романенко,artem.romanenko2@student.org,1988,6,13,YCP-32,0.69,38(095)19-89-898
Надія,Шевченко,nadiya.shevchenko2@student.org,1959,6,17,KLV-90,19.22,38(063)43-73-462
Петро,Коваленко,petro.kovalenko2@student.org,2001,3,4,LKP-65,68.9,38(099)18-52-223
Тетяна,Поліщук,tetyana.polishchuk@student.org,1973,5,28,AHN-22,69.1,38(093)90-38-183
Віктор,Петренко,viktor.petrenko@student.org,1956,9,5,JPR-40,44.41,38(098)20-98-583
Любов,Цимбал,lyubov.tsymbal1@student.org,1976,4,28,EVC-88,67.95,38(063)32-14-967
Оксана,Бойко,oksana.boyko1@student.org,1986,9,17,SIH-56,42.62,38(095)66-54-924
Артем,Поліщук,artem.polishchuk3@student.org,1985,8,27,LTZ-81,78.78,38(093)24-42-500
Павло,Марченко,pavlo.marchenko1@student.org,1980,4,23,USJ-99,71.48,38(066)68-89-722
Світлана,Никоненко,svitlana.nykonenko1@student.org,2004,6,18,XZC-15,4.08,38(073)99-60-884
Вера,Кравченко,vera.kravchenko3@student.org,1954,11,8,PWS-37,84.97,38(068)68-83-349
Роман,Цимбал,roman.tsymbal4@student.org,1969,8,20,JVD-39,65.5,38(073)19-16-325
Віктор,Стельмах,viktor.stelmakh1@student.org,1985,5,31,PFW-51,52.96,38(098)98-75-451
Денис,Захарченко,denys.zakharchenko1@student.org,1965,5,6,WUN-96,29.91,38(099)92-86-794
Василь,Мельник,vasyl.melnyk1@student.org,2002,6,16,MLF-98,44.62,38(066)60-18-159
Наталія,Василенко,nataliya.vasylenko@student.org,2008,10,27,KFJ-57,53.69,38(067)77-33-352
Григорій,Мельник,hryhoriy.melnyk2@student.org,1969,3,21,PTX-65,42.99,38(097)26-97-428
Вікторія,Макаренко,viktoriya.makarenko@student.org,1988,2,28,VVK-45,84.12,38(067)99-31-767
Дмитро,Цимбал,dmytro.tsymbal1@student.org,1960,5,22,SQY-98,11.33,38(066)55-36-666
Роман,Новік,roman.novik6@student.org,1972,7,1,NNX-96,78.0,38(068)73-87-381
Федір,Мельник,fedir.melnyk2@student.org,1959,1,2,AER-27,68.71,38(063)56-36-813
Михайло,Шевченко,mykhaylo.shevchenko4@student.org,1967,5,19,NLC-55,33.78,38(068)13-43-669
Оксана,Макаренко,oksana.makarenko@student.org,1969,8,27,SKB-62,42.62,38(095)67-20-828
Людмила,Скрипка,lyudmyla.skrypka2@student.org,1995,2,17,DUP-41,94.83,38(063)46-86-766
Ірина,Новік,iryna.novik1@student.org,1979,9,6,VQM-71,45.7,38(093)68-83-659
Остап,Ткаченко,ostap.tkachenko1@student.org,1988,2,28,SHO-59,18.46,38(093)69-71-586
Валентина,Костенко,valentyna.kostenko2@student.org,1997,6,29,REF-72,90.68,38(095)80-20-846
Світлана,Василенко,svitlana.vasylenko1@student.org,1998,6,30,FNN-37,50.91,38(050)18-68-238
Роман,Гайдук,roman.hayduk2@student.org,1965,3,16,EPI-61,99.9,38(099)79-29-130
Василь,Шевчук,vasyl.shevchuk@student.org,1961,1,29,ZCJ-44,49.07,38(068)53-26-294
Петро,Гриценко,petro.hrytsenko1@student.org,1970,8,31,JOF-77,90.09,38(095)74-26-817
Юрій,Михайленко,yuriy.mykhaylenko3@student.org,1989,1,13,EFD-53,64.95,38(095)94-68-834
Василь,Цимбал,vasyl.tsymbal1@student.org,1979,7,24,JFX-85,12.6,38(099)86-86-760
Лілія,Марченко,liliya.marchenko1@student.org,1959,11,23,TOS-69,68.49,38(093)46-14-616
Денис,Рибак,denys.rybak1@student.org,2010,10,9,BHY-49,33.99,38(099)19-47-922
Богдан,Захарченко,bohdan.zakharchenko@student.org,1957,8,12,FVI-58,6.93,38(098)38-91-486
Лариса,Шевченко,larysa.shevchenko@student.org,2001,5,4,MCC-53,77.29,38(099)93-29-253
Ірина,Рибак,iryna.rybak2@student.org,1978,3,9,KGL-52,98.57,38(066)68-44-449
Остап,Король,ostap.korol3@student.org,1953,2,13,OZJ-69,59.1,38(073)81-87-577
Дмитро,Демченко,dmytro.demchenko@student.org,1955,4,16,OBR-96,48.17,38(050)20-42-610
Роман,Новік,roman.novik7@student.org,1954,10,22,NKH-82,84.46,38(093)50-13-105
Ярослав,Гладко,yaroslav.hladko1@student.org,1950,6,17,EVS-47,32.23,38(098)22-77-627
Петро,Литвин,petro.lytvyn@student.org,1962,1,16,ZGN-26,19.24,38(093)62-64-162
Надія,Михайленко,nadiya.mykhaylenko1@student.org,2008,10,9,ING-26,92.53,38(068)75-50-618
Любов,Шевчук,lyubov.shevchuk4@student.org,1985,4,9,DGR-98,92.96,38(097)25-34-748
Ірина,Петренко,iryna.petrenko2@student.org,2010,11,5,PKO-40,78.16,38(066)34-30-314
Ганна,Поліщук,hanna.polishchuk@student.org,2004,3,14,ZWQ-41,71.79,38(073)37-49-237
Тетяна,Іваненко,tetyana.ivanenko2@student.org,1985,6,23,UWS-86,32.76,38(050)92-61-459
Станіслав,Михайленко,stanislav.mykhaylenko@student.org,1964,4,12,XOX-32,74.6,38(066)57-30-535
Лілія,Шевчук,liliya.shevchuk1@student.org,1995,4,22,SAM-83,17.46,38(095)64-90-100
Ганна,Стельмах,hanna.stelmakh1@student.org,1957,7,23,UOU-42,62.61,38(096)44-39-120
Алла,Романенко,alla.romanenko2@student.org,1983,2,7,OOD-97,86.68,38(063)88-44-671
Богдан,Марченко,bohdan.marchenko3@student.org,1977,11,12,ZQM-99,54.1,38(073)40-29-431
Тарас,Марченко,taras.marchenko@student.org,1967,6,30,BXO-83,41.57,38(067)43-22-403
Роман,Никоненко,roman.nykonenko2@student.org,2008,6,27,VSF-77,22.66,38(066)47-93-480
Григорій,Романенко,hryhoriy.romanenko1@student.org,1990,4,5,VAD-70,83.03,38(097)84-38-507
Тетяна,Шевчук,tetyana.shevchuk1@student.org,1981,8,9,IGC-79,22.43,38(095)58-55-398
Вікторія,Скрипка,viktoriya.skrypka2@student.org,1988,4,28,QHX-79,37.73,38(063)91-10-700
Петро,Скрипка,petro.skrypka1@student.org,1962,1,13,LHC-63,26.36,38(063)47-65-973
Михайло,Гордієнко,mykhaylo.hordiyenko@student.org,1966,3,4,KFJ-78,24.43,38(050)40-60-798
Надія,Савченко,nadiya.savchenko2@student.org,1963,7,3,URG-87,50.37,38(093)23-66-578
Лариса,Захарченко,larysa.zakharchenko@student.org,2004,9,24,IGG-34,60.55,38(066)46-21-303
Людмила,Іваненко,lyudmyla.ivanenko2@student.org,1976,8,9,JML-96,84.66,38(095)34-93-340
Лілія,Левченко,liliya.levchenko1@student.org,2000,6,19,LCB-41,6.28,38(073)26-48-961
Остап,Шаповал,ostap.shapoval@student.org,2004,6,12,VLK-27,61.84,38(099)89-29-186
Денис,Білоус,denys.bilous1@student.org,1952,8,2,OCQ-25,5.83,38(095)65-83-934
Михайло,Коваленко,mykhaylo.kovalenko4@student.org,1967,7,22,IEY-46,99.19,38(067)31-51-618
Тетяна,Василенко,tetyana.vasylenko1@student.org,2004,1,20,DDZ-78,89.78,38(066)13-85-302
Марія,Іваненко,mariya.ivanenko3@student.org,1985,5,7,XWO-72,65.94,38(095)45-75-257
Раїса,Левченко,rayisa.levchenko3@student.org,1990,7,11,SGE-81,97.9,38(095)56-35-988
Роман,Козлов,roman.kozlov3@student.org,1957,1,1,RHT-52,66.34,38(098)91-27-544
Віталій,Цимбал,vitaliy.tsymbal1@student.org,1965,1,3,UPF-31,21.5,38(097)59-98-274
Сергій,Лисенко,serhiy.lysenko2@student.org,1998,11,19,FHL-31,56.1,38(073)24-75-125
Вера,Поліщук,vera.polishchuk1@student.org,1976,9,5,JPR-49,72.3,38(095)84-38-933
Петро,Марченко,petro.marchenko@student.org,1984,4,4,BSZ-31,34.71,38(066)76-82-848
Роман,Ткаченко,roman.tkachenko5@student.org,1971,12,19,JKY-48,76.71,38(073)99-93-182
Михайло,Шевченко,mykhaylo.shevchenko5@student.org,1958,7,24,CTC-32,42.01,38(095)32-66-723
Тетяна,Король,tetyana.korol2@student.org,1956,3,3,UKT-33,11.5,38(066)17-79-234
Любов,Марченко,lyubov.marchenko2@student.org,1955,12,10,OOA-51,89.64,38(063)93-79-344
Михайло,Руденко,mykhaylo.rudenko1@student.org,1962,9,25,EGC-44,70.7,38(098)30-89-475
Петро,Дорошенко,petro.doroshenko2@student.org,2002,3,5,OFO-14,93.88,38(066)73-29-692
Вера,Левченко,vera.levchenko@student.org,2006,12,23,POZ-58,75.67,38(097)22-29-518
Ігор,Коваль,ihor.koval1@student.org,1986,4,12,AOA-59,85.8,38(093)10-61-286
Павло,Костенко,pavlo.kostenko1@student.org,2008,6,3,GKV-64,19.89,38(063)95-58-510
Валентина,Никоненко,valentyna.nykonenko1@student.org,2009,5,24,RDK-66,0.11,38(063)20-13-265
Тетяна,Шаповал,tetyana.shapoval1@student.org,1963,5,10,VLK-27,69.61,38(068)93-51-696
Тетяна,Король,tetyana.korol3@student.org,1986,12,13,YWU-86,90.98,38(098)10-87-965
Раїса,Шевченко,rayisa.shevchenko3@student.org,1961,11,15,PTY-23,73.07,38(063)72-28-386
Андрій,Іваненко,andriy.ivanenko1@student.org,1979,3,27,UZZ-41,87.37,38(067)35-96-484
Григорій,Ткаченко,hryhoriy.tkachenko2@student.org,2009,7,18,WWV-88,75.86,38(095)23-85-264
Богдан,Король,bohdan.korol3@student.org,1962,8,14,GSC-64,46.61,38(099)98-91-690
Іван,Гайдук,ivan.hayduk2@student.org,1996,1,9,QMR-88,20.32,38(063)19-80-260
Костянтин,Лисенко,kostyantyn.lysenko2@student.org,1998,10,24,HQJ-18,30.09,38(093)96-52-435
Наталія,Шаповал,nataliya.shapoval@student.org,2004,3,8,RWZ-83,38.01,38(067)59-11-178
Василь,Скрипка,vasyl.skrypka@student.org,2009,9,24,QJK-91,16.21,38(097)22-26-556
Євгенія,Романенко,yevheniya.romanenko1@student.org,1991,11,8,JFZ-77,36.55,38(097)43-98-476
Лариса,Никоненко,larysa.nykonenko5@student.org,1993,11,18,KAD-54,87.07,38(095)49-14-845
Галина,Шевчук,halyna.shevchuk1@student.org,2002,2,14,PGT-58,84.08,38(093)29-57-214
Вера,Зайцев,vera.zaytsev1@student.org,2008,12,18,ORU-68,80.17,38(067)41-95-114
Петро,Костенко,petro.kostenko@student.org,1982,7,23,OVF-62,94.56,38(067)45-35-348
Лілія,Мельник,liliya.melnyk2@student.org,1997,12,16,UKE-75,15.56,38(050)31-43-947
Олена,Василенко,olena.vasylenko@student.org,1990,5,15,ZNN-96,94.08,38(068)93-47-210
Сергій,Авраменко,serhiy.avramenko@student.org,1961,4,13,YFJ-92,24.35,38(066)27-84-562
Андрій,Гладко,andriy.hladko@student.org,2006,10,19,UUJ-94,51.68,38(093)17-54-850
Роман,Петренко,roman.petrenko3@student.org,2009,12,16,HOY-30,63.88,38(063)51-12-813
Наталія,Лисенко,nataliya.lysenko2@student.org,1982,5,4,PMN-41,25.79,38(096)86-64-267
Наталія,Козлов,nataliya.kozlov@student.org,1963,6,1,RBH-55,51.75,38(068)38-48-482
Остап,Скрипка,ostap.skrypka@student.org,2001,4,2,BSK-24,5.27,38(073)33-25-889
Андрій,Ковальчук,andriy.kovalchuk4@student.org,1967,2,14,TGW-21,38.04,38(066)19-56-523
Роман,Бойко,roman.boyko3@student.org,1996,8,5,HYK-73,49.86,38(073)52-69-768
Вікторія,Михайленко,viktoriya.mykhaylenko2@student.org,1969,10,18,EGE-98,42.39,38(063)74-38-702
Олена,Мельник,olena.melnyk3@student.org,1993,4,5,VVK-45,55.35,38(093)37-21-673
Галина,Король,halyna.korol3@student.org,1974,12,5,QTQ-86,91.33,38(095)61-15-645
Василь,Шевчук,vasyl.shevchuk1@student.org,1959,10,3,CIA-25,10.8,38(097)57-54-519
Валентина,Павленко,valentyna.pavlenko3@student.org,1961,6,10,QCK-38,67.13,38(099)93-32-586
Ірина,Руденко,iryna.rudenko1@student.org,1987,2,22,BZX-35,21.85,38(068)35-68-942
Лілія,Ковальчук,liliya.kovalchuk2@student.org,1974,6,22,YLU-47,66.22,38(096)74-21-954
Артем,Шевченко,artem.shevchenko@student.org,1959,7,22,OID-46,38.45,38(068)19-25-799
Михайло,Гордієнко,mykhaylo.hordiyenko1@student.org,2003,8,26,VSC-21,77.54,38(050)78-26-377
Марія,Никоненко,mariya.nykonenko4@student.org,1994,11,29,VGR-80,87.52,38(099)46-62-191
Роман,Скрипка,roman.skrypka1@student.org,1974,2,16,XEX-70,24.36,38(066)27-50-214
Раїса,Павленко,rayisa.pavlenko@student.org,1972,4,23,JYV-76,36.36,38(097)18-65-290
Денис,Омельченко,denys.omelchenko4@student.org,2010,3,15,HIV-32,72.29,38(050)50-38-984
Олена,Іваненко,olena.ivanenko1@student.org,1954,9,26,KFE-49,82.58,38(073)24-86-888
Лариса,Михайленко,larysa.mykhaylenko1@student.org,2009,12,9,GNP-66,22.36,38(096)98-87-635
Любов,Лисенко,lyubov.lysenko@student.org,1968,3,7,PIK-23,23.72,38(098)81-62-767
Олеся,Рибак,olesya.rybak@student.org,1962,10,12,CSY-52,36.84,38(068)74-83-551
Галина,Омельченко,halyna.omelchenko@student.org,1995,2,24,WRI-62,69.26,38(066)48-85-723
Григорій,Шевченко,hryhoriy.shevchenko@student.org,1985,2,16,FCT-16,95.42,38(066)31-27-312
Роман,Шаповал,roman.shapoval1@student.org,1992,8,26,UGG-87,52.26,38(067)49-31-464
Лариса,Руденко,larysa.rudenko2@student.org,1951,9,28,UVR-69,25.42,38(098)90-33-426
Євгенія,Скрипка,yevheniya.skrypka@student.org,1991,2,10,XWX-37,30.75,38(095)62-73-747
Олеся,Скрипка,olesya.skrypka3@student.org,1984,3,22,HDO-12,30.18,38(066)37-85-310
Денис,Лебедь,denys.lebed@student.org,1969,7,28,DDZ-78,87.33,38(099)16-26-418
Лариса,Коваленко,larysa.kovalenko@student.org,1976,1,7,NKH-82,18.82,38(066)57-12-916
Лілія,Кузьменко,liliya.kuzmenko2@student.org,1960,12,1,QHU-23,8.85,38(066)29-83-748
Оксана,Авраменко,oksana.avramenko5@student.org,1992,10,26,EMQ-12,48.36,38(099)25-46-726
Роман,Гончаренко,roman.honcharenko3@student.org,1955,1,12,POE-56,19.33,38(050)53-84-536
Віктор,Савченко,viktor.savchenko@student.org,2000,2,1,CYP-39,34.04,38(073)14-84-932
Наталія,Шевченко,nataliya.shevchenko4@student.org,1981,1,20,JMT-37,30.99,38(067)80-11-605
Денис,Гордієнко,denys.hordiyenko2@student.org,1970,3,29,XEJ-63,87.62,38(063)84-82-860
Володимир,Кузьменко,volodymyr.kuzmenko4@student.org,1987,7,13,FWS-27,84.25,38(063)50-26-470
Наталія,Петренко,nataliya.petrenko2@student.org,1987,5,29,MBM-91,96.98,38(066)50-55-601
Вера,Коваль,vera.koval2@student.org,1958,9,14,JBK-13,42.86,38(067)65-79-230
Євгенія,Гладко,yevheniya.hladko5@student.org,1998,7,10,UEH-88,36.67,38(093)55-95-237
Костянтин,Василенко,kostyantyn.vasylenko1@student.org,1982,4,4,ZSJ-70,4.25,38(073)55-60-848
Федір,Левченко,fedir.levchenko@student.org,1951,3,24,WCA-36,62.53,38(096)50-80-814
Дмитро,Козлов,dmytro.kozlov@student.org,1987,3,3,WSR-96,28.48,38(073)89-80-187
Людмила,Ковальчук,lyudmyla.kovalchuk2@student.org,1963,11,16,RYO-36,44.08,38(067)48-87-881
Михайло,Василенко,mykhaylo.vasylenko1@student.org,1962,4,13,NXN-56,39.1,38(097)55-98-242
Денис,Шевчук,denys.shevchuk2@student.org,1981,3,31,ITD-13,71.19,38(066)92-18-216
Іван,Гайдук,ivan.hayduk3@student.org,1963,7,19,XQW-97,42.73,38(068)66-24-268
Володимир,Руденко,volodymyr.rudenko1@student.org,1956,7,10,FYY-69,59.53,38(095)22-89-751
Ганна,Руденко,hanna.rudenko@student.org,2001,10,26,HGJ-39,98.09,38(063)66-27-938
Іван,Коваленко,ivan.kovalenko1@student.org,1972,6,1,ELW-50,81.51,38(097)48-77-586
Максим,Зайцев,maksym.zaytsev1@student.org,1953,11,12,QZG-41,40.43,38(073)99-69-632
Вікторія,Омельченко,viktoriya.omelchenko@student.org,1966,7,11,WOA-90,66.6,38(068)19-45-669
Раїса,Новік,rayisa.novik@student.org,2006,1,18,VGQ-40,18.8,38(063)16-28-513
Максим,Василенко,maksym.vasylenko2@student.org,1997,8,15,LXH-37,57.77,38(063)90-58-622
Андрій,Гриценко,andriy.hrytsenko@student.org,1996,1,1,YBK-86,32.55,38(063)23-24-292
Богдан,Поліщук,bohdan.polishchuk1@student.org,1973,8,7,MIY-47,41.32,38(063)53-88-612
Любов,Коваль,lyubov.koval1@student.org,1993,6,30,CNH-77,97.57,38(093)87-14-253
Олеся,Марченко,olesya.marchenko1@student.org,2003,3,18,CLM-84,42.2,38(098)66-26-187
Ярослав,Петренко,yaroslav.petrenko1@student.org,1965,12,22,IQA-60,24.5,38(097)63-41-493
Роман,Король,roman.korol3@student.org,1966,6,1,WOU-49,52.24,38(098)90-48-563
Дмитро,Гайдук,dmytro.hayduk@student.org,1970,6,17,BOW-15,48.5,38(073)59-10-775
Світлана,Іваненко,svitlana.ivanenko1@student.org,1984,9,21,UER-69,12.19,38(099)73-45-610
Катерина,Стельмах,kateryna.stelmakh1@student.org,2002,9,14,OHD-69,98.93,38(097)72-56-126
Роман,Петренко,roman.petrenko4@student.org,1971,9,1,YHK-72,13.43,38(067)16-17-272
Людмила,Ковальчук,lyudmyla.kovalchuk3@student.org,1982,10,16,EET-93,50.56,38(050)25-88-198
Галина,Омельченко,halyna.omelchenko1@student.org,1978,5,7,DEI-36,52.79,38(096)92-56-481
Богдан,Новік,bohdan.novik1@student.org,1982,8,8,PIN-84,47.66,38(093)50-26-911
Людмила,Гордієнко,lyudmyla.hordiyenko2@student.org,2000,8,7,QEU-60,57.8,38(093)11-67-441
Людмила,Мельник,lyudmyla.melnyk1@student.org,1988,11,3,PYA-61,41.19,38(073)81-72-782
Віталій,Никоненко,vitaliy.nykonenko1@student.org,1987,9,27,BQV-12,13.23,38(050)65-15-164
Людмила,Павленко,lyudmyla.pavlenko2@student.org,1973,4,2,WNJ-92,26.87,38(098)36-42-541
Олександр,Коваль,oleksandr.koval1@student.org,1985,9,9,JOY-36,39.51,38(099)75-87-139
Вера,Макаренко,vera.makarenko1@student.org,1993,6,13,CLS-57,61.35,38(063)87-74-267
Артем,Захарченко,artem.zakharchenko2@student.org,2003,2,21,GYX-84,60.46,38(068)23-17-429
Валентина,Рибак,valentyna.rybak2@student.org,2004,4,12,UTC-83,54.26,38(096)42-69-951
Ігор,Левченко,ihor.levchenko@student.org,1977,12,19,QST-29,26.04,38(097)35-54-107
Катерина,Гладко,kateryna.hladko2@student.org,2003,7,18,HKF-67,12.72,38(050)56-97-773
Віктор,Коваль,viktor.koval4@student.org,1989,9,4,WLL-85,18.29,38(063)91-50-601
Алла,Гайдук,alla.hayduk1@student.org,1991,7,29,TWM-33,72.12,38(068)18-97-338
Роман,Марченко,roman.marchenko6@student.org,1996,2,23,NMK-18,30.8,38(095)71-23-763
Денис,Гончаренко,denys.honcharenko1@student.org,1960,9,25,MFA-70,33.76,38(063)70-89-883
Костянтин,Король,kostyantyn.korol1@student.org,2005,4,7,MYB-15,87.71,38(099)49-98-268
Оксана,Савченко,oksana.savchenko@student.org,1971,1,31,PXN-74,97.26,38(099)25-87-240
Вікторія,Цимбал,viktoriya.tsymbal4@student.org,1965,4,6,DKW-52,36.76,38(099)98-79-318
Ганна,Савченко,hanna.savchenko1@student.org,1970,4,27,IMQ-98,64.84,38(073)19-18-791
Ярослав,Поліщук,yaroslav.polishchuk1@student.org,1974,9,5,GGT-88,62.71,38(066)46-17-226
Галина,Михайленко,halyna.mykhaylenko3@student.org,2007,7,21,INN-11,15.28,38(068)81-33-862
Олеся,Левченко,olesya.levchenko5@student.org,2000,12,27,UMH-63,57.27,38(095)56-37-665
Світлана,Захарченко,svitlana.zakharchenko@student.org,1969,3,28,MLM-23,52.4,38(095)68-69-640
Галина,Скрипка,halyna.skrypka2@student.org,2004,2,22,DXC-73,4.28,38(066)22-43-357
Людмила,Руденко,lyudmyla.rudenko@student.org,1996,7,26,COH-65,83.37,38(095)25-95-736
Юлія,Макаренко,yuliya.makarenko1@student.org,1977,4,20,ITJ-98,59.51,38(097)97-92-603
Богдан,Омельченко,bohdan.omelchenko@student.org,1959,6,7,ESH-14,86.53,38(095)11-62-853
Олена,Гордієнко,olena.hordiyenko@student.org,1957,3,23,FFR-80,37.05,38(099)15-68-704
Світлана,Павленко,svitlana.pavlenko@student.org,1967,9,5,QUZ-22,90.6,38(066)86-48-841
Максим,Гайдук,maksym.hayduk@student.org,1994,8,31,IAJ-70,49.52,38(096)40-25-891
Ірина,Омельченко,iryna.omelchenko1@student.org,1988,2,16,MLF-20,57.91,38(093)59-31-595
Станіслав,Савченко,stanislav.savchenko2@student.org,1950,1,7,ITI-56,37.26,38(063)94-72-599
Олена,Захарченко,olena.zakharchenko3@student.org,1975,4,3,JUN-56,68.71,38(097)11-33-224
Анна,Шевчук,anna.shevchuk2@student.org,1962,5,20,SFL-28,84.85,38(098)59-77-366
Вікторія,Бойко,viktoriya.boyko2@student.org,1955,12,12,IQX-90,14.82,38(099)64-29-393
Алла,Романенко,alla.romanenko3@student.org,1974,6,23,IGG-34,26.7,38(066)25-14-140
Валентина,Романенко,valentyna.romanenko2@student.org,1984,9,22,REC-53,85.06,38(067)17-85-615
Юрій,Ковальчук,yuriy.kovalchuk1@student.org,1978,3,8,IJO-65,75.49,38(067)82-32-784
Павло,Марченко,pavlo.marchenko2@student.org,1978,4,12,UTC-83,53.47,38(066)44-16-279
Артем,Василенко,artem.vasylenko2@student.org,1990,12,12,UJS-30,46.08,38(095)59-75-339
Денис,Гайдук,denys.hayduk4@student.org,1954,10,16,EKG-59,21.63,38(073)72-66-338
Лілія,Романенко,liliya.romanenko1@student.org,1968,10,17,AAC-33,72.67,38(063)94-50-118
Євгенія,Козлов,yevheniya.kozlov3@student.org,1977,12,9,KRI-27,94.18,38(095)15-54-610
Петро,Гончаренко,petro.honcharenko1@student.org,1961,2,25,MWN-70,97.56,38(095)52-19-428
Світлана,Король,svitlana.korol@student.org,1959,1,6,OUW-61,29.54,38(063)95-27-252
Вікторія,Захарченко,viktoriya.zakharchenko1@student.org,2007,12,30,DKC-39,40.85,38(067)69-39-595
Григорій,Шаповал,hryhoriy.shapoval2@student.org,1980,9,23,NML-73,75.91,38(073)59-81-996
Артем,Гриценко,artem.hrytsenko1@student.org,1962,4,15,AUV-23,26.55,38(093)14-48-455
Олександр,Гордієнко,oleksandr.hordiyenko6@student.org,1961,9,16,VQU-12,11.41,38(098)16-42-920
Надія,Козлов,nadiya.kozlov2@student.org,1966,6,14,DKQ-26,27.58,38(095)75-93-528
Вера,Василенко,vera.vasylenko@student.org,1977,3,25,QYE-60,10.1,38(050)84-26-313
Іван,Гордієнко,ivan.hordiyenko2@student.org,1977,5,12,VHB-70,90.52,38(093)45-36-661
Юлія,Кузьменко,yuliya.kuzmenko4@student.org,2005,5,12,BRK-35,33.09,38(097)22-34-460
Тетяна,Омельченко,tetyana.omelchenko2@student.org,2009,12,23,RSZ-66,96.83,38(067)94-85-358
Оксана,Білоус,oksana.bilous1@student.org,2005,7,26,JHV-93,15.81,38(067)77-87-269
Оксана,Гладко,oksana.hladko1@student.org,1996,10,18,TLS-86,71.4,38(095)58-51-820
Дмитро,Гриценко,dmytro.hrytsenko@student.org,1970,10,14,LCU-65,2.05,38(050)68-78-568
Денис,Василенко,denys.vasylenko@student.org,1957,3,27,AMM-19,47.54,38(095)49-94-864
Людмила,Савченко,lyudmyla.savchenko4@student.org,1960,1,3,JPA-37,72.68,38(063)57-88-930
Оксана,Шаповал,oksana.shapoval2@student.org,2010,9,23,XEX-70,69.68,38(068)66-53-825
Віктор,Панченко,viktor.panchenko6@student.org,1979,1,17,GLI-36,38.11,38(098)71-46-534
Олеся,Коваленко,olesya.kovalenko2@student.org,1984,9,23,EBH-29,9.15,38(066)31-41-190
Євгенія,Кузьменко,yevheniya.kuzmenko@student.org,1956,12,16,WKR-87,96.43,38(073)89-76-270
Інна,Панченко,inna.panchenko@student.org,1956,3,16,UTC-83,70.01,38(068)65-91-393
Роман,Шевчук,roman.shevchuk2@student.org,1961,12,31,AZR-37,73.52,38(096)34-41-572
Вікторія,Гриценко,viktoriya.hrytsenko1@student.org,2006,8,25,ORK-53,11.4,38(063)41-30-399
Роман,Коваль,roman.koval6@student.org,1997,11,15,EMN-14,98.87,38(073)56-73-274
Лариса,Гончаренко,larysa.honcharenko3@student.org,1977,4,8,LQD-42,91.29,38(097)54-98-163
Федір,Марченко,fedir.marchenko1@student.org,1958,10,24,MCC-39,23.87,38(097)11-79-678
Олеся,Іваненко,olesya.ivanenko1@student.org,1987,6,28,EZO-84,1.79,38(063)36-10-255
Дмитро,Скрипка,dmytro.skrypka1@student.org,1975,9,16,XRI-83,98.97,38(050)19-57-825
Андрій,Білоус,andriy.bilous3@student.org,2001,3,2,ZFK-10,9.03,38(093)39-70-235
Ганна,Новік,hanna.novik3@student.org,1953,4,26,CQZ-63,40.2,38(097)79-77-110
Віктор,Омельченко,viktor.omelchenko@student.org,1991,9,1,MXS-53,69.13,38(093)89-23-109
Віталій,Коваль,vitaliy.koval1@student.org,1974,8,25,FDC-29,62.84,38(073)30-47-207
Євгенія,Омельченко,yevheniya.omelchenko6@student.org,1985,1,7,QWV-96,46.47,38(066)26-19-359
Григорій,Цимбал,hryhoriy.tsymbal2@student.org,1983,12,30,YJS-87,55.38,38(073)44-66-340
Денис,Демченко,denys.demchenko1@student.org,1969,5,29,UIZ-47,7.4,38(093)92-81-348
Людмила,Гладко,lyudmyla.hladko2@student.org,1999,10,10,AAG-99,92.7,38(073)77-74-868
Анна,Король,anna.korol2@student.org,1995,1,27,IKQ-97,90.05,38(095)22-87-908
Світлана,Михайленко,svitlana.mykhaylenko1@student.org,1967,10,18,EMW-13,10.93,38(095)49-90-206
Анна,Коваль,anna.koval1@student.org,1956,1,30,GLS-59,56.62,38(099)19-48-814
Світлана,Никоненко,svitlana.nykonenko2@student.org,1971,4,5,JJZ-86,1.05,38(096)63-83-141
Лариса,Поліщук,larysa.polishchuk@student.org,1976,6,4,TEF-91,43.64,38(097)59-65-515
Євгенія,Романенко,yevheniya.romanenko2@student.org,2001,8,12,NYU-91,84.28,38(066)77-10-805
Юрій,Коваленко,yuriy.kovalenko1@student.org,1981,8,27,UIZ-47,41.6,38(066)33-70-254
Ярослав,Никоненко,yaroslav.nykonenko2@student.org,1994,4,29,DMW-46,11.36,38(093)72-54-704
Євгенія,Кравченко,yevheniya.kravchenko3@student.org,1982,10,23,SIJ-89,39.79,38(067)70-74-729
Євгенія,Гриценко,yevheniya.hrytsenko3@student.org,1953,11,24,IJP-76,26.99,38(095)91-79-163
Андрій,Савченко,andriy.savchenko2@student.org,2003,1,30,PLP-30,56.28,38(066)94-54-864
Іван,Бойко,ivan.boyko@student.org,1975,10,21,KFS-31,33.23,38(073)52-91-321
Катерина,Захарченко,kateryna.zakharchenko@student.org,1950,4,18,ZTH-14,75.54,38(063)46-39-344
Андрій,Лисенко,andriy.lysenko2@student.org,1952,9,16,QOJ-17,31.33,38(063)53-19-245
Денис,Шаповал,denys.shapoval2@student.org,1997,5,20,CLS-23,7.39,38(097)42-35-641
Олеся,Костенко,olesya.kostenko@student.org,1999,7,7,XZQ-35,45.37,38(095)24-61-696
Віталій,Гриценко,vitaliy.hrytsenko1@student.org,1952,10,2,RNW-32,46.36,38(063)51-93-521
Катерина,Авраменко,kateryna.avramenko2@student.org,1969,5,8,QWX-14,45.07,38(066)98-16-324
Віталій,Никоненко,vitaliy.nykonenko2@student.org,1957,1,1,ECP-99,87.2,38(073)92-42-753
Олександр,Козлов,oleksandr.kozlov2@student.org,2006,4,6,HEG-68,80.66,38(093)46-29-629
Надія,Кузьменко,nadiya.kuzmenko@student.org,1974,7,24,MKE-32,49.29,38(096)54-10-880
Марія,Василенко,mariya.vasylenko@student.org,1988,7,23,OPN-28,24.69,38(067)36-40-384
Надія,Панченко,nadiya.panchenko5@student.org,1987,9,15,ETZ-41,54.99,38(095)73-22-397
Ірина,Новік,iryna.novik2@student.org,1980,11,21,DON-86,39.88,38(098)56-40-185
Сергій,Гайдук,serhiy.hayduk2@student.org,1956,1,21,WRN-76,45.36,38(067)69-96-265
Андрій,Руденко,andriy.rudenko1@student.org,1958,9,7,RAD-85,5.8,38(068)28-71-735
Галина,Білоус,halyna.bilous@student.org,1994,10,31,UYV-51,4.09,38(099)43-42-851
Юлія,Левченко,yuliya.levchenko2@student.org,1979,10,2,UVH-18,59.05,38(050)14-19-941
Ярослав,Лебедь,yaroslav.lebed@student.org,2008,11,24,HLR-46,80.51,38(063)49-50-270
Лілія,Новік,liliya.novik@student.org,1987,8,31,DMI-43,52.85,38(066)74-90-284
Федір,Михайленко,fedir.mykhaylenko@student.org,1980,3,14,QVI-89,12.9,38(063)38-43-488
Андрій,Василенко,andriy.vasylenko1@student.org,1972,1,3,ZFE-11,16.29,38(068)16-10-423
Тетяна,Скрипка,tetyana.skrypka3@student.org,1993,4,12,CCY-53,32.98,38(068)81-96-179
Світлана,Зайцев,svitlana.zaytsev2@student.org,2002,7,19,IQY-14,11.7,38(095)11-90-501
Лариса,Новік,larysa.novik3@student.org,2003,3,6,ERU-29,14.56,38(099)90-62-222
Михайло,Михайленко,mykhaylo.mykhaylenko@student.org,2009,7,22,RRC-63,29.98,38(096)16-45-649
Володимир,Дорошенко,volodymyr.doroshenko2@student.org,1976,1,1,CNO-94,62.96,38(050)58-63-499
Людмила,Коваленко,lyudmyla.kovalenko@student.org,2001,7,12,VEQ-35,9.27,38(093)74-43-258
Вера,Скрипка,vera.skrypka1@student.org,1967,4,3,MMG-46,74.87,38(098)39-44-391
Марія,Гриценко,mariya.hrytsenko1@student.org,1997,7,30,HTR-98,85.06,38(068)77-93-613
Василь,Шевчук,vasyl.shevchuk2@student.org,1989,11,13,SJT-41,83.01,38(098)67-34-917
Олеся,Дорошенко,olesya.doroshenko@student.org,1967,12,2,UOC-57,12.38,38(099)34-23-301
Галина,Василенко,halyna.vasylenko2@student.org,1970,3,7,FZZ-61,33.62,38(066)78-98-256
Наталія,Бойко,nataliya.boyko2@student.org,1950,7,5,SFZ-68,38.45,38(097)11-97-850
Наталія,Гончаренко,nataliya.honcharenko1@student.org,1960,11,27,GWP-65,77.57,38(093)75-29-499
Галина,Костенко,halyna.kostenko1@student.org,1979,6,12,UNT-85,95.2,38(063)90-56-840
Валентина,Ковальчук,valentyna.kovalchuk@student.org,1987,7,26,CYW-13,31.23,38(068)87-50-364
Інна,Панченко,inna.panchenko1@student.org,1964,12,12,SGO-61,21.74,38(073)82-67-737
Ігор,Цимбал,ihor.tsymbal2@student.org,1958,3,22,EFN-87,43.83,38(095)52-82-964
Павло,Ткаченко,pavlo.tkachenko6@student.org,1961,5,29,YQU-70,64.89,38(095)99-32-520
Ігор,Гайдук,ihor.hayduk1@student.org,1955,12,23,DKW-52,19.83,38(097)78-93-200
Роман,Петренко,roman.petrenko5@student.org,1950,6,2,YZH-71,11.97,38(093)61-81-808
Лариса,Рибак,larysa.rybak@student.org,2002,7,21,YQH-65,15.79,38(063)48-76-616
Василь,Авраменко,vasyl.avramenko@student.org,1987,1,8,CVQ-94,94.42,38(068)97-80-696
Валентина,Шевчук,valentyna.shevchuk@student.org,1965,3,18,UVC-75,48.4,38(066)30-84-442
Денис,Коваленко,denys.kovalenko1@student.org,2010,7,13,SLR-76,9.68,38(095)60-84-885
Артем,Козлов,artem.kozlov1@student.org,1985,7,29,ZGX-32,43.31,38(066)52-27-578
Володимир,Стельмах,volodymyr.stelmakh@student.org,1970,11,9,KGN-46,81.81,38(050)43-93-183
Олександр,Панченко,oleksandr.panchenko1@student.org,1957,10,5,YGX-80,52.49,38(073)60-12-737
Тетяна,Захарченко,tetyana.zakharchenko@student.org,1959,2,12,FPW-35,8.49,38(050)81-85-958
Остап,Михайленко,ostap.mykhaylenko1@student.org,2004,3,11,ZSJ-62,38.75,38(095)52-84-319
Артем,Гончаренко,artem.honcharenko1@student.org,1974,7,27,UIQ-41,30.68,38(068)75-68-924
Станіслав,Павленко,stanislav.pavlenko1@student.org,1973,6,10,OMA-88,46.96,38(068)98-55-452
Остап,Панченко,ostap.panchenko1@student.org,1962,9,15,GMZ-76,59.23,38(063)24-23-272
Лариса,Литвин,larysa.lytvyn3@student.org,1978,3,20,ERU-29,64.38,38(095)80-47-359
Павло,Петренко,pavlo.petrenko1@student.org,2001,11,9,ZYX-81,22.09,38(063)24-97-523
Віктор,Кузьменко,viktor.kuzmenko1@student.org,1983,8,5,JZQ-79,77.39,38(063)85-27-522
Павло,Василенко,pavlo.vasylenko@student.org,1992,7,16,IGX-29,8.1,38(097)94-48-695
Роман,Руденко,roman.rudenko5@student.org,2006,9,21,KBC-91,61.26,38(093)89-40-371
Роман,Шаповал,roman.shapoval2@student.org,1950,9,28,PXE-68,75.41,38(050)10-65-619
Григорій,Скрипка,hryhoriy.skrypka3@student.org,1978,7,12,OUP-47,29.83,38(097)85-68-452
Віталій,Кузьменко,vitaliy.kuzmenko3@student.org,1990,12,4,VET-47,47.36,38(050)54-30-395
Вера,Гайдук,vera.hayduk@student.org,1954,7,26,TBF-76,91.17,38(068)49-53-559
Тарас,Панченко,taras.panchenko3@student.org,1976,2,7,RHS-68,18.62,38(095)12-39-144
Богдан,Лебедь,bohdan.lebed@student.org,1985,6,14,TMQ-57,58.88,38(067)63-22-136
Лілія,Коваленко,liliya.kovalenko2@student.org,1961,4,29,FGT-84,64.42,38(063)62-29-524
Станіслав,Ковальчук,stanislav.kovalchuk1@student.org,1959,12,31,PBI-43,85.07,38(099)64-66-801
Артем,Бойко,artem.boyko@student.org,1990,9,3,KPO-88,32.97,38(068)11-77-854
Дмитро,Романенко,dmytro.romanenko2@student.org,1997,11,2,OAF-96,42.08,38(068)30-47-742
Марія,Король,mariya.korol3@student.org,1976,2,5,CRS-54,12.47,38(098)31-85-573
Анна,Петренко,anna.petrenko2@student.org,1994,9,1,OVL-88,20.23,38(073)52-20-436
Оксана,Омельченко,oksana.omelchenko2@student.org,1999,8,5,UGJ-29,8.35,38(050)21-73-500
Володимир,Шевчук,volodymyr.shevchuk1@student.org,1963,9,11,REZ-46,10.34,38(063)54-20-550
Алла,Стельмах,alla.stelmakh@student.org,1974,10,14,KDS-55,13.76,38(097)72-77-273
Євгенія,Романенко,yevheniya.romanenko3@student.org,1990,1,12,SMT-11,66.41,38(096)39-14-410
Костянтин,Марченко,kostyantyn.marchenko1@student.org,2003,11,18,PAJ-46,54.28,38(073)63-94-870
Надія,Шевченко,nadiya.shevchenko3@student.org,1983,4,14,FEQ-85,64.86,38(067)60-94-130
Андрій,Романенко,andriy.romanenko1@student.org,1988,7,24,WQW-96,64.84,38(097)35-10-988
Галина,Скрипка,halyna.skrypka3@student.org,1994,10,1,UQW-56,85.73,38(063)52-59-631
Павло,Костенко,pavlo.kostenko2@student.org,2008,10,25,DBZ-92,72.64,38(099)84-27-372
Володимир,Гончаренко,volodymyr.honcharenko2@student.org,1951,8,25,QUG-55,13.33,38(063)74-87-313
Алла,Ткаченко,alla.tkachenko1@student.org,1954,2,28,HQJ-18,22.15,38(099)35-41-388
Станіслав,Шевчук,stanislav.shevchuk@student.org,1950,12,24,XTL-68,88.5,38(095)75-33-877
Любов,Зайцев,lyubov.zaytsev@student.org,1966,9,17,JAC-63,73.83,38(073)39-53-611
Віталій,Зайцев,vitaliy.zaytsev1@student.org,2001,11,22,VVE-79,86.81,38(095)82-49-995
Григорій,Бойко,hryhoriy.boyko1@student.org,1957,4,7,WYB-39,8.04,38(073)75-75-812
Артем,Павленко,artem.pavlenko1@student.org,1995,11,3,ZSH-30,52.85,38(095)53-23-990
Роман,Романенко,roman.romanenko1@student.org,1955,10,11,AQB-56,78.87,38(066)38-86-135
Дмитро,Панченко,dmytro.panchenko1@student.org,1998,11,17,OUA-64,80.1,38(097)61-47-307
Валентина,Михайленко,valentyna.mykhaylenko@student.org,1970,4,17,RJV-55,5.14,38(099)14-77-360
Роман,Гордієнко,roman.hordiyenko3@student.org,1950,11,10,AKJ-64,83.54,38(096)28-36-277
Лариса,Кузьменко,larysa.kuzmenko2@student.org,1955,10,30,RHH-30,22.79,38(097)17-78-203
Роман,Мельник,roman.melnyk2@student.org,1966,1,3,QPP-31,56.26,38(068)85-34-923
Юлія,Дорошенко,yuliya.doroshenko3@student.org,1978,1,2,WLA-91,4.02,38(067)72-59-860
Володимир,Савченко,volodymyr.savchenko1@student.org,1987,4,7,JQW-87,39.57,38(066)86-58-963
Алла,Іваненко,alla.ivanenko2@student.org,1977,11,20,ZUL-39,87.15,38(067)19-74-845
Юлія,Романенко,yuliya.romanenko2@student.org,1996,4,10,EHX-14,67.96,38(050)30-53-432
Андрій,Король,andriy.korol2@student.org,2001,3,6,VIX-70,30.96,38(099)24-82-620
Федір,Захарченко,fedir.zakharchenko@student.org,2000,7,31,TDX-51,61.1,38(098)96-85-931
Інна,Мельник,inna.melnyk1@student.org,1950,9,26,HEJ-69,37.6,38(095)51-49-619
Юлія,Гордієнко,yuliya.hordiyenko3@student.org,1989,10,14,MYZ-67,25.07,38(068)86-92-990
Юлія,Ткаченко,yuliya.tkachenko@student.org,1958,12,18,CXV-73,88.49,38(093)66-88-373
Федір,Захарченко,fedir.zakharchenko1@student.org,1952,10,26,RHD-24,20.81,38(099)24-53-109
Євгенія,Авраменко,yevheniya.avramenko2@student.org,1956,3,12,VJH-55,99.65,38(095)94-87-534
Оксана,Никоненко,oksana.nykonenko1@student.org,1993,7,25,HFI-96,1.71,38(066)12-41-830
Роман,Гайдук,roman.hayduk3@student.org,1993,10,25,QMV-16,3.83,38(096)18-40-254
Євгенія,Козлов,yevheniya.kozlov4@student.org,1967,1,3,UYT-69,89.02,38(068)53-73-859
Оксана,Бойко,oksana.boyko2@student.org,1959,7,8,LRO-77,91.24,38(050)55-66-572
Євгенія,Гончаренко,yevheniya.honcharenko1@student.org,1980,9,12,YFH-21,44.47,38(095)81-84-361
Дмитро,Ковальчук,dmytro.kovalchuk@student.org,1989,1,8,DEB-43,6.38,38(050)64-97-103
Ганна,Білоус,hanna.bilous1@student.org,1990,5,6,SXG-84,38.98,38(096)96-25-943
Павло,Захарченко,pavlo.zakharchenko5@student.org,1988,1,22,FNQ-27,56.21,38(099)68-85-325
Тетяна,Марченко,tetyana.marchenko1@student.org,1991,10,30,NXK-23,20.25,38(098)33-72-431
Артем,Зайцев,artem.zaytsev3@student.org,1991,11,27,HGJ-39,3.65,38(063)89-10-747
Ігор,Костенко,ihor.kostenko1@student.org,1983,11,9,RQQ-60,44.98,38(098)43-97-464
Катерина,Гайдук,kateryna.hayduk2@student.org,1976,4,6,QDA-23,24.91,38(098)84-95-125
Алла,Никоненко,alla.nykonenko1@student.org,1981,7,17,AWK-54,79.01,38(067)22-71-205
Марія,Гриценко,mariya.hrytsenko2@student.org,1971,12,16,IHT-89,89.71,38(066)45-37-294
Марія,Білоус,mariya.bilous2@student.org,2008,12,19,FGC-14,34.78,38(099)57-37-457
Тетяна,Лисенко,tetyana.lysenko1@student.org,1956,7,28,ROX-78,93.87,38(095)25-84-436
Максим,Зайцев,maksym.zaytsev2@student.org,1999,7,3,YLU-47,74.27,38(093)20-88-310
Роман,Макаренко,roman.makarenko7@student.org,1961,8,12,UER-69,90.39,38(067)73-83-571
Андрій,Михайленко,andriy.mykhaylenko2@student.org,1960,2,8,NDC-37,63.26,38(099)64-11-660
Людмила,Марченко,lyudmyla.marchenko@student.org,1975,4,30,ANS-12,67.8,38(093)29-30-748
Костянтин,Король,kostyantyn.korol2@student.org,1965,9,16,QLQ-56,24.51,38(095)71-11-816
Костянтин,Зайцев,kostyantyn.zaytsev1@student.org,1996,7,23,NZU-67,93.28,38(095)62-17-790
Оксана,Шевченко,oksana.shevchenko4@student.org,2007,9,19,IGC-79,24.59,38(093)64-38-986
Роман,Гончаренко,roman.honcharenko4@student.org,1975,11,5,ZDY-54,46.46,38(097)54-91-295
Богдан,Гладко,bohdan.hladko@student.org,1963,8,9,CZN-74,76.6,38(096)70-78-558
Петро,Петренко,petro.petrenko3@student.org,1980,6,14,YDX-28,1.8,38(067)13-46-477
Тарас,Захарченко,taras.zakharchenko1@student.org,2010,9,7,FMB-22,84.39,38(095)34-51-229
Василь,Петренко,vasyl.petrenko@student.org,1992,6,1,CAV-22,75.84,38(073)99-99-753
Максим,Марченко,maksym.marchenko1@student.org,1980,5,13,VET-98,48.13,38(099)19-88-454
Ярослав,Поліщук,yaroslav.polishchuk2@student.org,1978,4,17,VPO-98,45.31,38(093)85-25-796
Галина,Петренко,halyna.petrenko@student.org,1955,12,18,HDL-37,77.81,38(066)55-98-883
Наталія,Кузьменко,nataliya.kuzmenko1@student.org,2007,10,15,GXV-71,79.94,38(067)66-83-661
Іван,Гладко,ivan.hladko3@student.org,1956,4,2,MFZ-53,48.98,38(067)85-79-730
Іван,Гриценко,ivan.hrytsenko3@student.org,1983,2,26,ZKV-72,80.98,38(097)83-19-710
Богдан,Іваненко,bohdan.ivanenko2@student.org,1985,1,8,RQV-53,5.64,38(097)28-71-197
Євгенія,Цимбал,yevheniya.tsymbal2@student.org,1970,8,13,SYE-54,84.18,38(063)29-64-340
Алла,Козлов,alla.kozlov2@student.org,1970,8,30,FNN-37,63.84,38(097)28-45-975
Світлана,Цимбал,svitlana.tsymbal1@student.org,1955,6,6,UQW-56,91.19,38(096)21-55-810
Ірина,Іваненко,iryna.ivanenko2@student.org,1956,11,6,CJP-93,52.35,38(099)39-93-699
Юлія,Костенко,yuliya.kostenko2@student.org,1998,6,17,GKV-72,21.28,38(063)94-62-827
Тарас,Кузьменко,taras.kuzmenko1@student.org,2004,6,3,PGD-98,92.07,38(063)34-95-133
Валентина,Мельник,valentyna.melnyk4@student.org,2002,1,14,MRB-71,62.42,38(098)64-10-696
Галина,Іваненко,halyna.ivanenko1@student.org,1994,5,11,LIW-45,48.52,38(067)69-43-902
Лариса,Демченко,larysa.demchenko1@student.org,1975,5,23,UIF-76,86.13,38(063)91-18-979
Артем,Марченко,artem.marchenko5@student.org,2001,2,4,FNY-72,48.02,38(073)76-44-355
Катерина,Гордієнко,kateryna.hordiyenko1@student.org,1978,2,17,ZKB-32,98.89,38(099)55-25-585
Олена,Скрипка,olena.skrypka2@student.org,1956,6,19,ZKB-32,79.98,38(063)99-78-923
Олена,Іваненко,olena.ivanenko2@student.org,1976,12,27,JOL-48,95.03,38(066)62-24-851
Ігор,Руденко,ihor.rudenko2@student.org,1977,3,29,VEU-61,3.66,38(067)18-67-520
Лариса,Демченко,larysa.demchenko2@student.org,1971,10,14,VRK-91,4.42,38(096)78-81-742
Олена,Шевчук,olena.shevchuk3@student.org,1984,3,30,FIC-58,2.34,38(097)25-58-380
Людмила,Козлов,lyudmyla.kozlov1@student.org,1972,1,6,VAO-63,64.8,38(095)56-46-555
Анна,Петренко,anna.petrenko3@student.org,1964,7,24,YOH-21,81.01,38(063)35-94-834
Ігор,Ковальчук,ihor.kovalchuk@student.org,1982,7,29,IKC-58,37.55,38(095)77-23-998
Станіслав,Петренко,stanislav.petrenko2@student.org,1958,12,23,IBD-78,77.88,38(098)77-21-869
Федір,Петренко,fedir.petrenko3@student.org,1962,8,15,CIV-55,51.54,38(063)59-85-489
Тетяна,Панченко,tetyana.panchenko@student.org,1998,8,12,PBI-43,79.26,38(095)77-17-224
Валентина,Никоненко,valentyna.nykonenko2@student.org,2009,11,30,EAU-58,79.02,38(050)65-69-582
Роман,Руденко,roman.rudenko6@student.org,1997,9,17,VTZ-45,42.1,38(098)37-31-601
Любов,Іваненко,lyubov.ivanenko1@student.org,1980,1,16,YQU-70,47.34,38(095)72-27-200
Лілія,Никоненко,liliya.nykonenko3@student.org,1958,7,13,WYB-39,89.64,38(098)25-96-537
Олеся,Білоус,olesya.bilous@student.org,1966,12,28,SFL-28,14.8,38(067)93-29-533
Артем,Лисенко,artem.lysenko2@student.org,1968,11,2,JNH-33,12.02,38(063)36-75-194
Валентина,Гладко,valentyna.hladko2@student.org,1971,10,27,LEQ-37,67.32,38(067)30-41-672
Інна,Омельченко,inna.omelchenko1@student.org,1987,2,24,YPQ-73,37.7,38(063)59-49-416
Марія,Зайцев,mariya.zaytsev1@student.org,1975,5,22,KKO-55,36.24,38(093)57-87-277
Роман,Дорошенко,roman.doroshenko4@student.org,1985,3,22,RYL-32,97.69,38(067)74-25-238
Світлана,Панченко,svitlana.panchenko2@student.org,1995,1,18,SJQ-61,11.0,38(063)71-60-790
Тетяна,Дорошенко,tetyana.doroshenko@student.org,2003,12,20,YBP-82,54.0,38(098)80-82-777
Роман,Гордієнко,roman.hordiyenko4@student.org,1950,12,4,SWS-23,51.69,38(068)23-33-469
Любов,Король,lyubov.korol3@student.org,1969,3,18,MDS-81,54.68,38(093)51-46-986
Павло,Павленко,pavlo.pavlenko2@student.org,1994,12,2,XBO-96,66.22,38(096)14-80-652
Олена,Козлов,olena.kozlov1@student.org,2007,6,3,RZX-60,96.15,38(099)16-18-438
Олеся,Омельченко,olesya.omelchenko2@student.org,1977,8,25,MGA-91,75.1,38(096)39-43-766
Галина,Стельмах,halyna.stelmakh@student.org,1992,3,13,FWA-35,25.21,38(063)81-37-510
Людмила,Руденко,lyudmyla.rudenko1@student.org,2005,11,3,KDS-55,20.21,38(098)82-22-806
Наталія,Шевчук,nataliya.shevchuk1@student.org,1964,8,10,GSS-31,54.3,38(093)46-24-581
Людмила,Авраменко,lyudmyla.avramenko2@student.org,1998,1,7,DFF-47,47.38,38(093)94-80-367
Іван,Шевчук,ivan.shevchuk2@student.org,2004,5,27,JZN-53,88.69,38(073)66-94-560
Костянтин,Король,kostyantyn.korol3@student.org,1962,7,2,LQS-11,1.44,38(073)10-10-819
Тетяна,Цимбал,tetyana.tsymbal2@student.org,1960,2,10,XZW-68,20.0,38(099)94-93-364
Світлана,Білоус,svitlana.bilous2@student.org,1964,5,25,WFZ-16,58.54,38(096)10-30-700
Ярослав,Ткаченко,yaroslav.tkachenko4@student.org,1996,9,3,GLZ-13,14.29,38(066)76-75-854
Людмила,Стельмах,lyudmyla.stelmakh1@student.org,1977,5,21,QJV-99,65.84,38(096)49-21-881
Ярослав,Гладко,yaroslav.hladko2@student.org,1998,10,24,EPI-61,52.33,38(073)21-14-251
Василь,Шевчук,vasyl.shevchuk3@student.org,1990,7,8,FGE-15,26.69,38(097)12-21-362
Артем,Мельник,artem.melnyk5@student.org,1959,1,15,JFX-85,55.77,38(096)84-39-633
Петро,Цимбал,petro.tsymbal2@student.org,1959,4,4,YXX-79,88.48,38(096)47-81-785
Валентина,Ковальчук,valentyna.kovalchuk1@student.org,1984,10,28,HFY-24,14.67,38(050)25-99-660
Ірина,Ткаченко,iryna.tkachenko2@student.org,1985,10,8,TLC-92,88.27,38(067)98-68-773
Олександр,Стельмах,oleksandr.stelmakh1@student.org,1988,4,29,JHR-95,61.7,38(073)99-84-460
Валентина,Михайленко,valentyna.mykhaylenko1@student.org,1997,12,3,UOU-42,24.9,38(093)58-91-357
Оксана,Король,oksana.korol1@student.org,2008,4,19,HOY-30,6.41,38(095)62-96-431
Олена,Руденко,olena.rudenko1@student.org,1985,12,13,QPL-76,73.24,38(073)72-87-202
Богдан,Новік,bohdan.novik2@student.org,1951,2,19,XBM-97,30.1,38(066)99-23-780
Валентина,Шевчук,valentyna.shevchuk1@student.org,1984,4,4,CBB-73,78.34,38(097)64-32-379
Максим,Петренко,maksym.petrenko2@student.org,2010,5,21,XXC-38,87.29,38(068)69-59-153
Вікторія,Кузьменко,viktoriya.kuzmenko3@student.org,1967,4,19,IHA-49,20.78,38(066)20-15-532
Григорій,Гладко,hryhoriy.hladko2@student.org,1979,5,15,FAR-35,94.92,38(073)25-14-231
Денис,Поліщук,denys.polishchuk5@student.org,1999,11,9,WLL-85,62.97,38(067)21-92-136
Тарас,Петренко,taras.petrenko@student.org,1991,10,15,YPQ-73,22.34,38(099)76-57-390
Федір,Коваль,fedir.koval1@student.org,2002,3,26,BZC-44,46.02,38(066)60-83-655
Остап,Ткаченко,ostap.tkachenko2@student.org,1954,3,23,VDE-45,28.42,38(068)32-29-509
Марія,Іваненко,mariya.ivanenko4@student.org,1962,1,18,ZAQ-79,95.74,38(097)32-23-197
Віктор,Скрипка,viktor.skrypka@student.org,1956,4,16,SGP-10,61.39,38(096)36-72-917
Марія,Литвин,mariya.lytvyn1@student.org,1956,10,12,VPL-53,70.0,38(063)35-18-841
Марія,Никоненко,mariya.nykonenko5@student.org,2001,2,28,XTS-31,14.3,38(097)83-55-643
Ігор,Коваленко,ihor.kovalenko1@student.org,1989,11,14,HOM-64,58.58,38(073)94-62-262
Денис,Макаренко,denys.makarenko3@student.org,1987,4,27,MGE-56,52.95,38(097)78-55-175
Станіслав,Білоус,stanislav.bilous4@student.org,1964,9,20,HUM-56,1.43,38(063)78-41-148
Костянтин,Ковальчук,kostyantyn.kovalchuk2@student.org,1969,9,5,MNZ-23,33.47,38(066)13-42-206
Олеся,Ткаченко,olesya.tkachenko2@student.org,1962,2,6,CXV-57,76.11,38(068)74-27-113
Лілія,Білоус,liliya.bilous2@student.org,1986,10,21,DCZ-35,39.45,38(050)16-24-276
Вікторія,Костенко,viktoriya.kostenko@student.org,1974,12,20,MGA-91,76.54,38(093)83-96-121
Федір,Король,fedir.korol1@student.org,1955,3,8,RFR-30,19.77,38(097)15-39-867
Лілія,Скрипка,liliya.skrypka2@student.org,1969,9,18,ZMH-93,43.87,38(093)91-83-397
Віталій,Гайдук,vitaliy.hayduk1@student.org,2003,7,10,UEM-41,37.59,38(093)33-92-606
Юлія,Никоненко,yuliya.nykonenko1@student.org,1977,8,29,WRE-71,6.27,38(093)48-44-874
Костянтин,Коваль,kostyantyn.koval@student.org,1959,2,2,KYA-34,13.39,38(096)84-62-746
Оксана,Шаповал,oksana.shapoval3@student.org,1985,9,18,PZT-84,44.04,38(067)13-81-395
Катерина,Макаренко,kateryna.makarenko1@student.org,1996,1,17,ABU-28,51.56,38(066)27-54-571
Вера,Стельмах,vera.stelmakh1@student.org,1995,5,18,TBR-14,13.34,38(098)54-84-524
Ірина,Зайцев,iryna.zaytsev2@student.org,1965,4,22,KMT-75,88.84,38(093)41-57-998
Федір,Панченко,fedir.panchenko@student.org,1955,11,16,FHA-98,79.87,38(099)35-95-651
Олександр,Панченко,oleksandr.panchenko2@student.org,2005,1,28,OJP-17,61.57,38(098)98-55-242
Лариса,Гладко,larysa.hladko2@student.org,1971,11,18,QDF-53,11.09,38(063)87-24-865
Раїса,Шевчук,rayisa.shevchuk3@student.org,2000,4,19,RRU-37,42.0,38(098)64-42-296
Любов,Кравченко,lyubov.kravchenko2@student.org,1967,6,18,OVJ-46,16.2,38(067)93-41-473
Сергій,Зайцев,serhiy.zaytsev5@student.org,1970,10,12,MLF-20,87.87,38(093)39-10-583
Надія,Стельмах,nadiya.stelmakh@student.org,1976,7,16,YGT-44,7.22,38(093)45-14-491
Артем,Білоус,artem.bilous3@student.org,1984,12,13,TSE-37,98.88,38(099)73-29-470
Максим,Гриценко,maksym.hrytsenko3@student.org,1969,9,3,VNB-47,1.36,38(093)94-43-984
Катерина,Цимбал,kateryna.tsymbal1@student.org,1997,7,11,WLD-29,0.96,38(095)75-44-708
Вера,Захарченко,vera.zakharchenko2@student.org,1972,4,5,HYB-83,14.34,38(096)92-47-805
Віктор,Костенко,viktor.kostenko2@student.org,1985,12,19,SJJ-12,53.61,38(050)34-75-913
Артем,Король,artem.korol1@student.org,2010,2,11,JTH-11,24.67,38(063)96-30-391
Ганна,Козлов,hanna.kozlov1@student.org,2006,10,26,THC-38,17.05,38(096)94-37-705
Валентина,Кузьменко,valentyna.kuzmenko2@student.org,1985,10,24,SVV-60,69.79,38(050)45-34-853
Василь,Савченко,vasyl.savchenko1@student.org,1958,1,22,CNE-43,81.04,38(097)23-34-699
Ігор,Марченко,ihor.marchenko2@student.org,1996,6,11,TEF-91,81.98,38(067)70-61-455
Юлія,Никоненко,yuliya.nykonenko2@student.org,2009,12,2,AYK-48,14.58,38(093)81-44-863
Федір,Демченко,fedir.demchenko3@student.org,2008,10,9,QQY-15,48.64,38(098)59-59-348
Андрій,Шаповал,andriy.shapoval3@student.org,1980,2,13,KWM-63,0.06,38(066)27-66-887
Лілія,Гончаренко,liliya.honcharenko1@student.org,1965,4,12,OAF-38,85.11,38(073)69-29-319
Любов,Авраменко,lyubov.avramenko2@student.org,1969,1,30,ZKW-73,18.63,38(066)29-79-321
Катерина,Михайленко,kateryna.mykhaylenko1@student.org,1975,12,21,LOC-45,88.24,38(097)52-37-531
Олександр,Гайдук,oleksandr.hayduk2@student.org,1960,4,27,NIN-32,91.97,38(050)19-89-785
Костянтин,Левченко,kostyantyn.levchenko3@student.org,1966,3,10,REZ-46,16.38,38(095)68-79-316
Ярослав,Литвин,yaroslav.lytvyn3@student.org,1951,9,21,IWN-45,23.35,38(098)88-46-212
Дмитро,Петренко,dmytro.petrenko@student.org,1957,9,22,HOU-24,90.89,38(073)34-12-891
Юлія,Король,yuliya.korol@student.org,1987,9,30,GZK-41,52.82,38(095)75-26-266
Ганна,Кузьменко,hanna.kuzmenko1@student.org,1952,5,11,CYP-39,76.46,38(073)38-87-590
Роман,Коваль,roman.koval7@student.org,1968,9,9,YTH-55,57.31,38(099)43-47-253
Володимир,Петренко,volodymyr.petrenko2@student.org,1995,3,12,EZW-84,38.26,38(099)90-55-388
Надія,Король,nadiya.korol@student.org,1983,1,19,WYY-78,62.11,38(093)61-66-192
Василь,Никоненко,vasyl.nykonenko1@student.org,1999,12,6,FVV-26,32.14,38(096)85-36-625
Раїса,Рибак,rayisa.rybak5@student.org,1957,6,26,YQR-91,78.14,38(067)89-84-765
Катерина,Гончаренко,kateryna.honcharenko1@student.org,1990,3,16,FEQ-85,75.61,38(095)87-46-570
Наталія,Кузьменко,nataliya.kuzmenko2@student.org,1991,5,15,ERF-99,8.15,38(063)31-55-202
Ганна,Михайленко,hanna.mykhaylenko3@student.org,2008,8,10,XXC-38,95.29,38(099)15-28-780
Катерина,Коваль,kateryna.koval@student.org,1984,3,22,KHT-45,72.0,38(063)80-36-154
Людмила,Ковальчук,lyudmyla.kovalchuk4@student.org,1958,3,17,OPF-84,95.63,38(099)89-86-406
Галина,Гайдук,halyna.hayduk@student.org,1971,8,1,NTN-17,95.82,38(096)73-25-422
Марія,Ковальчук,mariya.kovalchuk3@student.org,1969,4,7,JRK-55,68.74,38(095)98-20-338
Юлія,Гончаренко,yuliya.honcharenko1@student.org,1959,5,28,BWV-10,86.24,38(095)48-13-777
Валентина,Рибак,valentyna.rybak3@student.org,1984,10,9,KFJ-78,26.1,38(063)94-13-238
Станіслав,Авраменко,stanislav.avramenko4@student.org,1985,8,5,QEB-80,37.19,38(093)54-26-765
Тетяна,Король,tetyana.korol4@student.org,1982,8,14,GXM-49,84.79,38(095)26-18-474
Володимир,Левченко,volodymyr.levchenko2@student.org,1958,11,29,JSH-11,29.96,38(067)29-99-945
Вікторія,Авраменко,viktoriya.avramenko@student.org,1986,4,5,WGZ-85,63.99,38(095)73-71-595
Оксана,Бойко,oksana.boyko3@student.org,1983,8,12,NRA-83,80.65,38(098)33-52-329
Юрій,Петренко,yuriy.petrenko1@student.org,1984,9,14,RMI-93,14.67,38(068)19-36-175
Артем,Демченко,artem.demchenko3@student.org,1980,1,24,VPR-18,51.03,38(068)22-39-562
Юлія,Ковальчук,yuliya.kovalchuk2@student.org,2008,1,29,QUE-39,69.99,38(067)17-51-868
Світлана,Мельник,svitlana.melnyk1@student.org,1973,5,24,MTH-56,2.48,38(066)99-82-536
Максим,Марченко,maksym.marchenko2@student.org,1964,9,22,VUU-63,32.78,38(068)37-23-241
Григорій,Лисенко,hryhoriy.lysenko1@student.org,1956,6,20,LZC-17,39.09,38(095)34-92-685
Любов,Шаповал,lyubov.shapoval2@student.org,1959,3,2,UYF-19,91.38,38(073)13-42-319
Денис,Павленко,denys.pavlenko2@student.org,1965,9,13,MSL-99,26.68,38(063)56-91-266
Євгенія,Марченко,yevheniya.marchenko3@student.org,1993,7,19,NMG-31,85.91,38(068)46-56-842
Лариса,Ткаченко,larysa.tkachenko1@student.org,2000,1,14,JDY-13,59.61,38(097)58-60-975
Дмитро,Мельник,dmytro.melnyk1@student.org,1987,4,27,IKX-12,65.5,38(068)81-13-314
Віталій,Коваленко,vitaliy.kovalenko3@student.org,1995,7,25,ZSJ-70,31.57,38(098)12-38-914
Іван,Омельченко,ivan.omelchenko1@student.org,1955,4,20,AUV-23,76.3,38(050)60-55-329
Віталій,Шаповал,vitaliy.shapoval1@student.org,2008,6,10,ORS-10,66.98,38(098)69-54-346
Максим,Гордієнко,maksym.hordiyenko4@student.org,1971,9,3,OZJ-32,49.9,38(073)79-91-931
Олена,Стельмах,olena.stelmakh1@student.org,1966,9,29,CYR-32,25.57,38(095)77-78-393
Ігор,Шевченко,ihor.shevchenko@student.org,1995,7,27,NLN-18,93.84,38(093)33-29-106
Наталія,Михайленко,nataliya.mykhaylenko1@student.org,2006,7,16,ZYA-14,73.92,38(097)91-87-995
Валентина,Шевченко,valentyna.shevchenko@student.org,2005,4,20,FKZ-25,62.9,38(073)37-15-925
Інна,Лисенко,inna.lysenko@student.org,1956,9,2,KMC-42,63.76,38(068)58-80-125
Федір,Мельник,fedir.melnyk3@student.org,1958,7,23,ZJN-82,28.4,38(068)67-35-428
Вікторія,Новік,viktoriya.novik4@student.org,1996,9,24,LLK-38,14.07,38(073)54-56-485
Оксана,Петренко,oksana.petrenko2@student.org,1984,7,14,CYR-27,44.69,38(093)13-23-209
Юлія,Марченко,yuliya.marchenko@student.org,1962,10,16,KWO-32,40.02,38(067)84-31-121
Костянтин,Шаповал,kostyantyn.shapoval@student.org,1999,5,22,LHZ-11,49.67,38(066)80-84-660
Олеся,Скрипка,olesya.skrypka4@student.org,1993,2,5,LVU-20,33.84,38(073)39-86-532
Володимир,Никоненко,volodymyr.nykonenko1@student.org,1967,7,24,ZLF-89,44.18,38(096)76-83-128
Григорій,Поліщук,hryhoriy.polishchuk1@student.org,1964,5,3,HOY-30,92.27,38(073)87-24-554
Віктор,Поліщук,viktor.polishchuk2@student.org,1982,8,9,MZZ-41,65.83,38(050)46-34-384
Алла,Гайдук,alla.hayduk2@student.org,2009,6,13,UKC-88,19.66,38(066)47-97-657
Інна,Поліщук,inna.polishchuk1@student.org,1965,2,13,RBI-30,75.06,38(096)80-19-932
Віктор,Павленко,viktor.pavlenko1@student.org,1984,12,7,GEI-58,54.55,38(067)27-20-403
Віктор,Білоус,viktor.bilous1@student.org,1965,7,15,LKB-27,95.95,38(067)66-20-440
Анна,Павленко,anna.pavlenko3@student.org,1985,1,22,MKO-42,33.46,38(099)23-37-973
Євгенія,Демченко,yevheniya.demchenko1@student.org,1973,7,28,VMY-44,49.18,38(099)97-32-171
Денис,Стельмах,denys.stelmakh@student.org,1983,10,20,HTP-18,80.91,38(093)72-69-993
Віктор,Шевчук,viktor.shevchuk@student.org,1979,10,13,BZX-35,94.7,38(093)15-14-897
Інна,Коваль,inna.koval2@student.org,1969,12,14,CTC-32,80.96,38(095)57-28-466
Оксана,Савченко,oksana.savchenko1@student.org,1952,2,27,JZF-19,28.7,38(093)26-83-142
Андрій,Шевчук,andriy.shevchuk2@student.org,1956,7,18,KVB-61,12.28,38(050)47-51-485
Лариса,Кравченко,larysa.kravchenko2@student.org,1961,5,22,WOJ-61,54.72,38(073)76-63-812
Василь,Шевченко,vasyl.shevchenko4@student.org,1953,12,18,AMM-19,81.18,38(097)56-65-222
Костянтин,Панченко,kostyantyn.panchenko3@student.org,1957,7,16,AJY-31,2.4,38(098)79-45-244
Сергій,Скрипка,serhiy.skrypka2@student.org,1951,10,17,MSW-18,85.92,38(099)44-85-820
Євгенія,Демченко,yevheniya.demchenko2@student.org,1969,6,11,DBF-17,72.07,38(099)61-44-422
Інна,Литвин,inna.lytvyn1@student.org,1963,4,5,ABU-28,69.1,38(095)23-99-874
Андрій,Цимбал,andriy.tsymbal1@student.org,1960,1,30,ZUL-39,34.82,38(063)93-49-306
Олександр,Білоус,oleksandr.bilous@student.org,1969,6,16,DHM-33,56.5,38(063)98-40-459
Володимир,Бойко,volodymyr.boyko@student.org,1979,12,12,CGO-91,98.63,38(098)31-98-971
Алла,Лисенко,alla.lysenko3@student.org,2003,7,21,YAM-78,91.15,38(050)97-44-845
Іван,Іваненко,ivan.ivanenko3@student.org,1999,6,28,DVF-10,59.77,38(063)73-49-461
Анна,Петренко,anna.petrenko4@student.org,1994,6,28,WRP-13,34.69,38(067)65-83-804
Наталія,Лисенко,nataliya.lysenko3@student.org,1992,5,9,VNB-47,36.16,38(067)76-13-823
Роман,Козлов,roman.kozlov4@student.org,1993,9,15,YWS-41,74.52,38(097)29-25-134
Михайло,Литвин,mykhaylo.lytvyn@student.org,2004,7,20,ERG-13,72.93,38(095)44-42-513
Іван,Омельченко,ivan.omelchenko2@student.org,1982,1,2,JVX-90,37.24,38(097)40-78-124
Олеся,Білоус,olesya.bilous1@student.org,2002,8,6,RMJ-25,26.23,38(067)59-18-736
Олеся,Никоненко,olesya.nykonenko1@student.org,2007,5,8,GOH-65,29.45,38(073)58-43-412
Лариса,Коваленко,larysa.kovalenko1@student.org,2008,6,13,HIT-82,47.73,38(066)35-97-960
Юрій,Руденко,yuriy.rudenko4@student.org,1974,9,15,MRZ-93,93.39,38(093)40-82-747
Станіслав,Захарченко,stanislav.zakharchenko@student.org,1964,7,25,AXF-14,0.56,38(097)29-70-653
Андрій,Ткаченко,andriy.tkachenko1@student.org,1987,8,6,VET-14,91.65,38(095)86-53-851
Анна,Авраменко,anna.avramenko@student.org,1960,10,15,IOW-35,12.96,38(066)19-46-572
Артем,Захарченко,artem.zakharchenko3@student.org,1981,2,20,RQY-16,66.11,38(067)91-43-633
Катерина,Шевченко,kateryna.shevchenko@student.org,1951,5,3,EVG-23,52.79,38(050)41-70-997
Роман,Левченко,roman.levchenko5@student.org,1951,9,7,HQD-15,15.69,38(098)57-33-573
Артем,Костенко,artem.kostenko1@student.org,1992,6,15,ATH-26,95.56,38(095)36-51-819
Петро,Коваль,petro.koval1@student.org,1996,6,6,ARM-43,33.14,38(067)55-25-679
Світлана,Ковальчук,svitlana.kovalchuk1@student.org,1977,8,10,KTX-32,52.02,38(067)62-54-165
Тетяна,Лебедь,tetyana.lebed3@student.org,1960,5,28,CHY-96,80.69,38(098)67-25-674
Роман,Мельник,roman.melnyk3@student.org,1958,11,2,HUU-57,16.66,38(099)52-11-239
Алла,Цимбал,alla.tsymbal2@student.org,1973,3,14,EQV-12,48.23,38(099)31-82-164
Роман,Білоус,roman.bilous6@student.org,1994,5,28,LOF-96,29.51,38(093)15-77-657
Людмила,Павленко,lyudmyla.pavlenko3@student.org,2004,3,13,EJV-66,10.85,38(099)71-16-186
Віктор,Авраменко,viktor.avramenko1@student.org,1958,8,21,EWG-61,25.58,38(068)54-44-702
Сергій,Петренко,serhiy.petrenko@student.org,1998,4,12,IIJ-75,40.01,38(063)16-56-339
Тетяна,Шевченко,tetyana.shevchenko2@student.org,1985,1,28,OTP-60,77.68,38(099)51-53-447
Валентина,Петренко,valentyna.petrenko1@student.org,1974,7,8,TOO-39,78.36,38(067)53-95-104
Анна,Новік,anna.novik2@student.org,1958,5,19,REF-72,8.12,38(099)11-31-929
Андрій,Цимбал,andriy.tsymbal2@student.org,2005,1,12,MJW-29,66.77,38(066)19-69-125
Галина,Дорошенко,halyna.doroshenko@student.org,2007,10,18,UWS-86,68.37,38(066)70-41-202
Валентина,Павленко,valentyna.pavlenko4@student.org,2006,3,1,KPO-43,69.85,38(066)75-20-919
Олександр,Лисенко,oleksandr.lysenko4@student.org,1966,11,3,KMC-42,49.13,38(096)35-34-756
Костянтин,Ковальчук,kostyantyn.kovalchuk3@student.org,2001,3,30,FBI-82,73.02,38(068)54-39-677
Марія,Гриценко,mariya.hrytsenko3@student.org,2003,5,22,SQY-98,43.64,38(097)23-14-837
Олександр,Макаренко,oleksandr.makarenko1@student.org,1983,4,29,ZAC-45,59.58,38(093)12-38-337
Максим,Левченко,maksym.levchenko1@student.org,1968,9,17,LPD-56,14.34,38(098)29-80-516
Інна,Лебедь,inna.lebed2@student.org,2010,3,31,AQJ-54,57.99,38(066)49-48-169
Максим,Шевченко,maksym.shevchenko2@student.org,1975,3,21,LCU-65,94.12,38(096)45-82-249
Любов,Гладко,lyubov.hladko2@student.org,2004,3,6,VOY-11,96.22,38(066)51-79-805
Ігор,Савченко,ihor.savchenko1@student.org,2000,4,7,KRI-27,37.7,38(068)19-15-640
Богдан,Петренко,bohdan.petrenko1@student.org,2005,3,6,WAV-91,12.78,38(096)53-85-364
Оксана,Ковальчук,oksana.kovalchuk1@student.org,1995,11,26,BSL-22,11.55,38(093)97-56-993
Любов,Мельник,lyubov.melnyk1@student.org,1993,8,6,ELS-26,89.21,38(067)11-10-957
Денис,Савченко,denys.savchenko@student.org,1969,2,27,KQQ-43,73.4,38(096)66-11-907
Петро,Козлов,petro.kozlov@student.org,2006,6,23,WQA-62,93.22,38(073)21-22-392
Наталія,Білоус,nataliya.bilous1@student.org,1965,2,28,OPX-67,65.92,38(066)73-17-484
Євгенія,Гриценко,yevheniya.hrytsenko4@student.org,1970,10,25,XTS-31,50.43,38(095)82-15-299
Михайло,Гладко,mykhaylo.hladko2@student.org,1972,7,5,LHA-33,74.1,38(093)19-83-488
Тарас,Василенко,taras.vasylenko2@student.org,1954,11,17,UZN-67,96.04,38(073)98-97-104
Світлана,Демченко,svitlana.demchenko1@student.org,1953,1,31,FJU-86,9.45,38(095)90-66-510
Денис,Білоус,denys.bilous2@student.org,1967,4,11,FQJ-88,8.31,38(099)83-99-804
Григорій,Павленко,hryhoriy.pavlenko1@student.org,1996,7,25,ECJ-35,15.79,38(097)11-39-537
Дмитро,Зайцев,dmytro.zaytsev@student.org,1999,12,22,MWV-16,89.86,38(097)61-32-808
Галина,Никоненко,halyna.nykonenko@student.org,1994,11,8,QMR-88,98.04,38(097)58-49-929
Тарас,Гладко,taras.hladko4@student.org,1993,5,31,SCO-24,55.58,38(073)11-91-775
Лариса,Поліщук,larysa.polishchuk1@student.org,2010,2,20,CNE-43,8.57,38(066)56-75-644
Тетяна,Руденко,tetyana.rudenko1@student.org,1993,9,23,YDC-75,45.03,38(099)78-41-882
Остап,Мельник,ostap.melnyk2@student.org,1985,3,24,AZR-37,68.55,38(068)76-31-593
Лариса,Макаренко,larysa.makarenko@student.org,1983,9,20,XEX-98,96.1,38(063)63-48-157
Павло,Петренко,pavlo.petrenko2@student.org,1954,7,16,HUU-78,63.05,38(095)98-52-555
Раїса,Коваль,rayisa.koval2@student.org,1996,1,20,VPJ-53,35.92,38(050)51-10-304
Лариса,Гордієнко,larysa.hordiyenko@student.org,1993,1,18,GQS-67,95.0,38(095)37-67-575
Олеся,Авраменко,olesya.avramenko1@student.org,2008,10,6,TGC-61,90.75,38(093)63-91-287
Володимир,Гайдук,volodymyr.hayduk2@student.org,1954,6,3,UGT-52,84.52,38(067)34-23-409
Максим,Цимбал,maksym.tsymbal2@student.org,1958,10,5,ZAC-25,89.19,38(097)66-82-913
Ярослав,Дорошенко,yaroslav.doroshenko1@student.org,1975,1,26,OVV-72,63.65,38(096)28-74-491
Оксана,Костенко,oksana.kostenko3@student.org,2002,8,14,YBK-86,87.85,38(066)87-84-151
Віктор,Рибак,viktor.rybak1@student.org,1955,7,1,SDA-23,53.67,38(050)91-10-341
Петро,Савченко,petro.savchenko1@student.org,1954,9,12,MSW-18,28.9,38(093)76-44-225
Василь,Коваль,vasyl.koval3@student.org,1961,12,21,TIC-65,75.26,38(068)63-55-212
Вера,Марченко,vera.marchenko1@student.org,1950,1,17,FXR-64,49.83,38(066)60-28-738
Лариса,Зайцев,larysa.zaytsev2@student.org,2008,4,17,XPH-46,71.59,38(096)56-96-525
Ігор,Коваль,ihor.koval2@student.org,1958,12,13,IRD-30,79.69,38(068)59-46-211
Любов,Панченко,lyubov.panchenko@student.org,1991,6,12,EZG-70,87.59,38(067)19-75-684
Богдан,Петренко,bohdan.petrenko2@student.org,1978,5,8,LWJ-31,30.56,38(098)11-34-669
Петро,Коваленко,petro.kovalenko3@student.org,1960,9,7,EWS-22,45.98,38(066)39-75-464
Алла,Гладко,alla.hladko1@student.org,2002,9,4,KAD-54,60.13,38(098)10-41-251
Віктор,Гладко,viktor.hladko3@student.org,1970,3,1,SQA-97,59.67,38(067)69-68-907
Петро,Захарченко,petro.zakharchenko2@student.org,1976,5,30,ACB-43,83.42,38(050)46-19-109
Павло,Савченко,pavlo.savchenko3@student.org,1988,9,11,TQM-25,89.17,38(096)99-53-683
Василь,Ковальчук,vasyl.kovalchuk2@student.org,1992,10,6,CRV-56,10.42,38(098)37-16-237
Анна,Новік,anna.novik3@student.org,2002,9,3,ACV-59,78.89,38(073)12-15-410
Григорій,Поліщук,hryhoriy.polishchuk2@student.org,1976,9,14,KRI-27,10.55,38(067)99-70-302
Олександр,Авраменко,oleksandr.avramenko2@student.org,1980,1,15,KPN-18,69.06,38(063)72-37-498
Інна,Бойко,inna.boyko@student.org,1976,2,7,KGN-46,48.45,38(095)85-70-257
Любов,Гриценко,lyubov.hrytsenko2@student.org,1962,12,9,QSP-58,75.3,38(073)92-32-201
Станіслав,Михайленко,stanislav.mykhaylenko1@student.org,1955,9,19,BIP-34,92.26,38(095)98-27-479
Олеся,Стельмах,olesya.stelmakh1@student.org,1956,1,1,FXS-93,1.36,38(066)70-36-961
Максим,Гладко,maksym.hladko2@student.org,1991,12,12,SVP-48,25.41,38(067)84-51-725
Денис,Гончаренко,denys.honcharenko2@student.org,1962,10,10,GEG-86,10.85,38(099)46-82-524
Вікторія,Омельченко,viktoriya.omelchenko1@student.org,2002,5,29,ZSJ-62,76.21,38(097)56-32-158
Євгенія,Скрипка,yevheniya.skrypka1@student.org,2000,8,20,TGX-46,89.05,38(067)21-14-792
Іван,Гордієнко,ivan.hordiyenko3@student.org,1994,3,14,HEQ-64,26.43,38(067)91-59-625
Денис,Авраменко,denys.avramenko@student.org,1957,1,26,GOT-74,97.93,38(097)64-24-502
Костянтин,Панченко,kostyantyn.panchenko4@student.org,1975,8,1,EBP-62,48.71,38(066)67-21-970
Юрій,Скрипка,yuriy.skrypka3@student.org,1998,8,3,BFG-16,68.54,38(097)90-24-589
Володимир,Левченко,volodymyr.levchenko3@student.org,1953,3,30,MQJ-41,23.32,38(073)40-78-701
Олеся,Бойко,olesya.boyko2@student.org,1998,8,14,KPI-76,83.87,38(063)68-92-353
Павло,Марченко,pavlo.marchenko3@student.org,1990,6,30,JWS-45,72.79,38(099)47-89-290
Костянтин,Савченко,kostyantyn.savchenko1@student.org,1955,7,28,NAC-76,90.95,38(067)55-27-243
Роман,Василенко,roman.vasylenko4@student.org,1968,9,1,CQZ-63,90.49,38(095)34-39-475
Євгенія,Марченко,yevheniya.marchenko4@student.org,2007,4,3,KXE-18,6.46,38(073)60-21-821
Дмитро,Михайленко,dmytro.mykhaylenko1@student.org,1969,4,4,HZJ-42,65.99,38(063)47-76-459
Андрій,Костенко,andriy.kostenko3@student.org,2006,6,12,EKF-82,56.49,38(097)59-18-238
Ярослав,Бойко,yaroslav.boyko1@student.org,1987,12,8,GHS-64,70.46,38(098)66-66-717
Раїса,Мельник,rayisa.melnyk@student.org,1960,6,3,NRV-65,59.41,38(063)79-53-677
Костянтин,Іваненко,kostyantyn.ivanenko2@student.org,1976,7,19,WOQ-97,6.4,38(063)86-94-850
Сергій,Гончаренко,serhiy.honcharenko2@student.org,2009,9,24,FKU-33,52.54,38(098)48-26-772
Петро,Макаренко,petro.makarenko1@student.org,1954,8,7,SCK-11,96.98,38(073)82-26-201
Богдан,Демченко,bohdan.demchenko1@student.org,1960,7,23,QMV-16,35.65,38(098)72-56-229
Любов,Лисенко,lyubov.lysenko1@student.org,2004,7,9,RQG-36,93.16,38(093)47-48-955
Артем,Білоус,artem.bilous4@student.org,1956,12,4,AEX-67,19.31,38(095)85-96-454
Остап,Білоус,ostap.bilous3@student.org,1956,1,23,ZYX-81,55.19,38(067)14-34-568
Алла,Гладко,alla.hladko2@student.org,1959,11,27,FMV-89,31.0,38(066)38-51-332
Наталія,Гончаренко,nataliya.honcharenko2@student.org,1960,9,29,QWU-67,58.87,38(063)34-55-819
Тетяна,Гончаренко,tetyana.honcharenko@student.org,1950,9,25,ZRG-21,54.92,38(093)77-25-500
Артем,Дорошенко,artem.doroshenko5@student.org,2002,8,20,BUD-55,85.24,38(098)48-59-443
Валентина,Литвин,valentyna.lytvyn1@student.org,1998,12,11,VSC-21,80.88,38(067)35-36-112
Богдан,Литвин,bohdan.lytvyn@student.org,1973,11,30,KZR-75,47.3,38(099)31-24-354
Михайло,Панченко,mykhaylo.panchenko@student.org,1959,9,15,AUL-30,59.02,38(068)83-47-171
Василь,Скрипка,vasyl.skrypka1@student.org,1972,6,21,WYF-89,15.35,38(093)70-18-352
Костянтин,Романенко,kostyantyn.romanenko1@student.org,1953,3,1,YAA-85,22.37,38(073)91-46-890
Роман,Шевченко,roman.shevchenko2@student.org,1963,8,4,VAP-36,19.71,38(063)35-73-561
Світлана,Стельмах,svitlana.stelmakh1@student.org,1968,4,16,KZF-99,96.75,38(066)82-41-712
Тетяна,Авраменко,tetyana.avramenko2@student.org,1974,2,25,SBD-69,24.65,38(096)27-47-810
Ірина,Мельник,iryna.melnyk1@student.org,2007,2,28,RSZ-66,1.58,38(098)72-38-382
Денис,Козлов,denys.kozlov1@student.org,2008,1,18,TEF-91,66.69,38(067)88-24-845
Володимир,Михайленко,volodymyr.mykhaylenko@student.org,1951,4,16,QXM-66,76.65,38(096)53-17-666
Петро,Петренко,petro.petrenko4@student.org,1966,10,25,KGY-95,9.4,38(066)76-82-153
Вікторія,Іваненко,viktoriya.ivanenko3@student.org,1962,8,20,SKS-36,40.55,38(098)93-26-801
Василь,Павленко,vasyl.pavlenko2@student.org,1975,7,27,YOW-45,95.26,38(066)50-27-711
Тетяна,Козлов,tetyana.kozlov2@student.org,1987,3,11,ARH-17,40.04,38(073)50-26-863
Тетяна,Савченко,tetyana.savchenko@student.org,1974,7,25,KQI-14,77.18,38(098)69-14-808
Любов,Поліщук,lyubov.polishchuk2@student.org,1971,1,25,NBX-63,19.49,38(097)23-42-522
Роман,Скрипка,roman.skrypka2@student.org,2004,2,23,NKJ-58,89.69,38(066)33-96-613
Павло,Ковальчук,pavlo.kovalchuk2@student.org,2006,6,1,ONG-95,58.2,38(068)46-60-165
Наталія,Макаренко,nataliya.makarenko2@student.org,1962,9,23,FYJ-89,80.79,38(068)21-87-578
Ігор,Лисенко,ihor.lysenko2@student.org,1984,9,18,BQN-44,22.8,38(068)84-21-769
Іван,Шаповал,ivan.shapoval4@student.org,1979,11,6,OFJ-99,13.29,38(068)48-55-209
Вікторія,Дорошенко,viktoriya.doroshenko3@student.org,1987,11,7,KFC-39,48.87,38(096)28-28-879
Остап,Козлов,ostap.kozlov@student.org,1962,5,5,DIH-43,52.21,38(098)64-32-336
Світлана,Коваленко,svitlana.kovalenko@student.org,1991,2,15,HVV-34,81.35,38(050)22-42-490
Андрій,Левченко,andriy.levchenko1@student.org,1951,7,22,SXY-10,19.38,38(096)21-63-227
Василь,Білоус,vasyl.bilous3@student.org,1975,5,29,GCP-63,8.72,38(093)75-63-879
Федір,Дорошенко,fedir.doroshenko@student.org,1976,2,21,XML-10,64.86,38(098)40-19-533
Катерина,Коваль,kateryna.koval1@student.org,1957,10,13,CVV-69,21.01,38(063)30-52-121
Іван,Шевченко,ivan.shevchenko1@student.org,1961,10,31,ZBI-49,69.02,38(095)34-85-310
Анна,Макаренко,anna.makarenko1@student.org,1951,5,17,MCI-65,57.08,38(068)37-90-685
Вера,Коваль,vera.koval3@student.org,1954,9,1,FNN-37,46.34,38(096)71-40-686
Сергій,Гордієнко,serhiy.hordiyenko@student.org,1994,2,1,AML-75,11.67,38(097)68-95-113
Олена,Гайдук,olena.hayduk1@student.org,1996,11,11,NLC-55,88.62,38(095)63-29-885
Марія,Михайленко,mariya.mykhaylenko3@student.org,2009,12,6,KPT-93,67.15,38(096)99-38-740
Лариса,Гладко,larysa.hladko3@student.org,1960,5,11,HII-96,66.7,38(073)51-21-432
Галина,Панченко,halyna.panchenko@student.org,1964,2,18,ITI-56,6.12,38(095)16-81-681
Інна,Панченко,inna.panchenko2@student.org,2002,1,5,MRF-87,48.35,38(095)10-45-944
Артем,Литвин,artem.lytvyn@student.org,1998,9,1,TMI-17,73.27,38(095)68-55-767
Роман,Коваль,roman.koval8@student.org,2007,7,15,SZB-12,11.79,38(063)97-38-647
Олександр,Шевченко,oleksandr.shevchenko1@student.org,2006,6,4,HRF-71,59.24,38(093)58-89-223
Євгенія,Лебедь,yevheniya.lebed2@student.org,2002,4,26,SJM-64,91.38,38(097)41-91-364
Оксана,Демченко,oksana.demchenko1@student.org,1954,8,4,GMO-56,70.93,38(063)36-28-670
Надія,Шевченко,nadiya.shevchenko4@student.org,1959,10,1,LGL-28,59.57,38(096)62-45-227
Григорій,Руденко,hryhoriy.rudenko2@student.org,1967,4,18,UYU-11,37.0,38(099)89-64-577
Станіслав,Руденко,stanislav.rudenko2@student.org,1980,11,17,MZF-64,42.33,38(050)76-76-273
Євгенія,Іваненко,yevheniya.ivanenko3@student.org,1957,1,27,AHH-67,53.72,38(093)32-59-390
Остап,Іваненко,ostap.ivanenko@student.org,1977,7,3,KQQ-43,14.72,38(098)45-14-155
Оксана,Шевчук,oksana.shevchuk2@student.org,1978,7,5,OUM-69,12.04,38(067)26-72-263
Олеся,Поліщук,olesya.polishchuk2@student.org,1966,8,8,DFO-81,78.89,38(050)63-38-307
Станіслав,Литвин,stanislav.lytvyn1@student.org,1982,2,13,HTF-42,7.02,38(099)63-12-633
Вера,Бойко,vera.boyko@student.org,1972,6,10,HEG-88,19.75,38(067)64-25-155
Олександр,Демченко,oleksandr.demchenko1@student.org,1994,12,28,GEB-89,85.61,38(098)39-71-373
Михайло,Коваленко,mykhaylo.kovalenko5@student.org,1991,12,29,DON-86,88.31,38(099)83-14-463
Тарас,Панченко,taras.panchenko4@student.org,1974,3,27,NKL-59,46.8,38(093)17-37-178
Юлія,Демченко,yuliya.demchenko1@student.org,1953,10,14,OUP-47,22.41,38(063)57-49-956
Олександр,Гордієнко,oleksandr.hordiyenko7@student.org,1958,1,29,DBR-74,76.08,38(068)35-74-665
Андрій,Никоненко,andriy.nykonenko1@student.org,1970,12,15,EZW-84,7.07,38(068)53-48-670
Остап,Бойко,ostap.boyko1@student.org,1966,2,22,WWQ-97,37.48,38(098)11-56-846
Богдан,Петренко,bohdan.petrenko3@student.org,1985,4,27,TMR-74,44.51,38(093)51-80-883
Павло,Зайцев,pavlo.zaytsev1@student.org,1985,7,8,HFG-42,12.83,38(063)79-77-712
Олеся,Козлов,olesya.kozlov@student.org,1952,5,19,JAP-98,66.2,38(099)22-15-344
Тарас,Рибак,taras.rybak1@student.org,1982,3,8,NKL-59,78.77,38(063)51-92-946
Алла,Михайленко,alla.mykhaylenko1@student.org,1969,1,20,IAU-55,9.2,38(063)12-91-134
Наталія,Новік,nataliya.novik1@student.org,1960,1,29,OGH-36,68.43,38(067)87-54-397
Ігор,Дорошенко,ihor.doroshenko4@student.org,1987,6,21,KLC-69,23.94,38(093)91-92-597
Наталія,Ткаченко,nataliya.tkachenko3@student.org,2010,9,17,ONP-69,70.6,38(073)17-28-387
Раїса,Петренко,rayisa.petrenko@student.org,1962,2,4,PMN-41,70.59,38(099)67-75-317
Павло,Лисенко,pavlo.lysenko1@student.org,1964,8,8,BAV-54,87.47,38(093)66-80-256
Роман,Цимбал,roman.tsymbal5@student.org,1959,2,13,BXD-48,68.25,38(063)66-26-883
Максим,Руденко,maksym.rudenko1@student.org,2003,9,3,UDA-50,94.32,38(068)57-37-183
Оксана,Гончаренко,oksana.honcharenko4@student.org,1989,3,9,WEL-33,72.95,38(063)24-82-396
Наталія,Ковальчук,nataliya.kovalchuk3@student.org,2005,11,26,HFY-24,40.72,38(099)45-15-842
Олеся,Козлов,olesya.kozlov1@student.org,1996,12,21,JHC-82,68.82,38(093)96-21-292
Олена,Шаповал,olena.shapoval4@student.org,1985,8,12,ZUV-41,33.32,38(067)38-63-261
Ганна,Скрипка,hanna.skrypka3@student.org,1954,8,11,BGN-98,25.89,38(073)79-24-846
Лариса,Савченко,larysa.savchenko1@student.org,1986,7,24,BWH-21,50.91,38(099)57-87-856
Дмитро,Гордієнко,dmytro.hordiyenko1@student.org,1972,6,24,ZKH-86,51.43,38(095)56-29-424
Раїса,Костенко,rayisa.kostenko2@student.org,1991,7,11,INT-63,96.84,38(073)14-39-742
Ігор,Савченко,ihor.savchenko2@student.org,1962,8,7,OYX-91,14.42,38(095)54-94-580
Федір,Гладко,fedir.hladko1@student.org,1999,4,12,OJC-25,22.1,38(063)56-93-314
Ярослав,Кузьменко,yaroslav.kuzmenko3@student.org,1995,2,13,UOJ-75,71.75,38(097)78-30-724
Олеся,Ковальчук,olesya.kovalchuk3@student.org,2002,10,8,SGI-95,34.69,38(068)64-83-742
Дмитро,Шевчук,dmytro.shevchuk1@student.org,2001,1,20,RMJ-25,71.9,38(093)70-57-295
Роман,Авраменко,roman.avramenko8@student.org,1961,7,1,XRA-59,85.99,38(099)26-67-156
Андрій,Стельмах,andriy.stelmakh2@student.org,1971,5,23,HEM-27,5.24,38(098)26-64-294
Ганна,Скрипка,hanna.skrypka4@student.org,1953,1,17,EGG-91,5.43,38(073)31-91-940
Анна,Рибак,anna.rybak3@student.org,1970,3,1,ING-26,30.53,38(073)13-46-437
Віталій,Скрипка,vitaliy.skrypka1@student.org,1978,3,17,USJ-99,64.22,38(050)16-91-935
Ірина,Король,iryna.korol1@student.org,2002,9,7,RDJ-77,3.18,38(097)26-42-178
Олександр,Демченко,oleksandr.demchenko2@student.org,1978,4,1,RQG-36,48.88,38(066)79-94-463
Віктор,Поліщук,viktor.polishchuk3@student.org,1984,10,27,FMV-89,88.99,38(066)42-67-464
Ярослав,Коваленко,yaroslav.kovalenko2@student.org,1956,6,28,GHJ-32,83.89,38(097)98-43-946
Вера,Кузьменко,vera.kuzmenko2@student.org,2003,7,7,QWX-14,1.37,38(096)94-49-568
Ганна,Гладко,hanna.hladko1@student.org,2006,8,26,FYF-79,42.55,38(099)90-16-310
Анна,Лисенко,anna.lysenko@student.org,1954,10,27,EVG-23,16.23,38(050)37-82-844
Раїса,Авраменко,rayisa.avramenko@student.org,1974,9,20,ZTM-44,70.21,38(050)84-44-731
Іван,Гриценко,ivan.hrytsenko4@student.org,1973,8,4,LLK-38,47.32,38(050)84-97-185
Ірина,Петренко,iryna.petrenko3@student.org,1967,9,25,UGG-87,58.08,38(050)18-42-676
Вікторія,Левченко,viktoriya.levchenko2@student.org,1951,3,5,HZY-69,84.72,38(067)38-74-828
Ярослав,Король,yaroslav.korol2@student.org,1972,10,14,AYY-75,5.36,38(068)43-83-114
Петро,Литвин,petro.lytvyn1@student.org,1982,11,29,CXL-75,95.43,38(073)92-33-280
Світлана,Макаренко,svitlana.makarenko1@student.org,1990,9,29,QGM-51,35.64,38(073)48-43-754
Артем,Стельмах,artem.stelmakh@student.org,1986,9,29,FST-51,52.28,38(098)12-18-477
Павло,Коваленко,pavlo.kovalenko1@student.org,1986,9,18,KCW-87,41.89,38(073)87-71-971
Михайло,Омельченко,mykhaylo.omelchenko1@student.org,1979,7,26,ZPW-77,0.26,38(097)15-60-127
Олександр,Цимбал,oleksandr.tsymbal2@student.org,1982,7,1,PIN-84,56.04,38(093)37-44-943
Оксана,Макаренко,oksana.makarenko1@student.org,1950,6,14,RMA-94,53.14,38(098)62-73-362
Василь,Василенко,vasyl.vasylenko3@student.org,2007,1,22,YIB-50,11.58,38(068)82-49-728
Євгенія,Мельник,yevheniya.melnyk1@student.org,2009,7,16,NMG-31,75.33,38(096)31-53-728
Володимир,Марченко,volodymyr.marchenko1@student.org,1964,8,24,OXP-50,93.63,38(073)31-98-876
Катерина,Король,kateryna.korol@student.org,1981,10,10,PIM-57,56.98,38(096)93-31-984
Любов,Марченко,lyubov.marchenko3@student.org,1973,3,9,QXQ-40,20.1,38(073)62-39-802
Максим,Макаренко,maksym.makarenko2@student.org,1968,5,28,TPG-62,38.84,38(068)88-53-170
Богдан,Іваненко,bohdan.ivanenko3@student.org,1979,8,28,IDO-30,79.59,38(095)90-28-519
Павло,Шевченко,pavlo.shevchenko2@student.org,1981,6,15,UFI-24,53.82,38(095)79-44-412
Тетяна,Захарченко,tetyana.zakharchenko1@student.org,1995,12,9,XWR-81,32.3,38(067)46-75-947
Галина,Поліщук,halyna.polishchuk2@student.org,1969,5,31,MVK-98,3.67,38(095)84-47-359
Людмила,Кравченко,lyudmyla.kravchenko2@student.org,2009,2,14,VAZ-77,18.5,38(068)68-32-313
Іван,Омельченко,ivan.omelchenko3@student.org,1958,6,11,HLN-95,30.18,38(099)46-80-232
Максим,Коваль,maksym.koval1@student.org,2008,11,24,PCB-54,44.62,38(096)30-20-345
Катерина,Лебедь,kateryna.lebed1@student.org,1963,12,10,UKT-33,82.61,38(073)86-98-318
Іван,Гайдук,ivan.hayduk4@student.org,1963,1,7,ZYA-14,59.82,38(063)72-70-179
Костянтин,Гайдук,kostyantyn.hayduk@student.org,1961,8,10,VQU-12,32.39,38(096)35-50-429
Іван,Ткаченко,ivan.tkachenko@student.org,2010,8,7,AQJ-54,96.55,38(099)99-64-645
Раїса,Гончаренко,rayisa.honcharenko@student.org,1999,9,14,KSP-30,88.0,38(093)26-62-193
Михайло,Петренко,mykhaylo.petrenko@student.org,1996,6,12,UNM-63,0.51,38(073)50-10-517
Тетяна,Павленко,tetyana.pavlenko1@student.org,1971,8,9,DBF-17,52.53,38(098)53-73-447
Надія,Омельченко,nadiya.omelchenko1@student.org,1980,8,15,NCO-96,40.17,38(093)24-32-638
Ірина,Кравченко,iryna.kravchenko2@student.org,1960,6,11,WMG-91,9.26,38(067)91-98-929
Олеся,Левченко,olesya.levchenko6@student.org,1993,10,12,BWV-10,19.09,38(066)87-68-202
Вікторія,Кравченко,viktoriya.kravchenko3@student.org,1996,11,5,BKY-24,35.5,38(073)27-58-203
Вікторія,Гладко,viktoriya.hladko1@student.org,2004,12,16,GZB-82,64.58,38(096)48-75-460
Алла,Гончаренко,alla.honcharenko1@student.org,1967,10,31,UAU-76,8.35,38(098)99-12-848
Марія,Петренко,mariya.petrenko3@student.org,1968,6,5,DIH-43,16.67,38(096)70-12-412
Костянтин,Білоус,kostyantyn.bilous@student.org,1957,6,24,VOU-96,14.79,38(067)97-71-115
Віталій,Авраменко,vitaliy.avramenko2@student.org,1990,12,8,IRD-23,91.54,38(066)61-40-378
Катерина,Петренко,kateryna.petrenko3@student.org,1964,3,17,LDC-41,48.71,38(063)44-82-835
Павло,Шаповал,pavlo.shapoval2@student.org,1978,11,18,XZQ-35,89.39,38(063)67-64-621
Вера,Руденко,vera.rudenko2@student.org,2001,10,29,MHO-10,57.9,38(097)31-39-656
Ігор,Кузьменко,ihor.kuzmenko2@student.org,1962,7,9,XNQ-49,26.12,38(063)28-97-803
Валентина,Скрипка,valentyna.skrypka@student.org,1979,10,9,EBP-62,76.6,38(063)83-20-538
Віктор,Гладко,viktor.hladko4@student.org,1961,3,7,QPL-76,86.5,38(096)40-29-523
Віктор,Новік,viktor.novik1@student.org,1959,3,12,RMJ-25,93.07,38(095)82-24-320
Михайло,Демченко,mykhaylo.demchenko2@student.org,1953,2,20,XEJ-78,81.65,38(097)76-96-603
Євгенія,Авраменко,yevheniya.avramenko3@student.org,1951,6,7,UGM-37,88.22,38(067)16-80-480
Олеся,Гордієнко,olesya.hordiyenko1@student.org,1972,12,1,JTT-24,0.8,38(095)62-57-818
Валентина,Левченко,valentyna.levchenko@student.org,1981,3,22,OLI-84,79.28,38(063)53-80-104
Тетяна,Білоус,tetyana.bilous@student.org,1989,9,18,VNB-47,71.96,38(097)69-93-429
Валентина,Захарченко,valentyna.zakharchenko3@student.org,1994,1,25,MZQ-33,79.22,38(067)14-96-795
Оксана,Стельмах,oksana.stelmakh3@student.org,2010,8,7,XML-10,17.91,38(097)78-19-962
Андрій,Коваленко,andriy.kovalenko8@student.org,1996,6,30,GFN-75,79.1,38(063)28-67-245
Ганна,Левченко,hanna.levchenko1@student.org,1994,4,24,VJN-55,13.29,38(093)38-33-266
Петро,Бойко,petro.boyko1@student.org,2001,1,5,UGJ-29,53.86,38(099)33-28-956
Олеся,Коваль,olesya.koval1@student.org,2008,11,19,IRZ-38,44.63,38(095)43-38-218
Віталій,Василенко,vitaliy.vasylenko3@student.org,1963,3,8,UDA-50,27.42,38(066)72-20-723
Надія,Коваленко,nadiya.kovalenko2@student.org,1971,12,19,PMN-41,9.26,38(097)87-31-668
Костянтин,Лебедь,kostyantyn.lebed1@student.org,2003,5,12,EZR-22,48.25,38(063)65-58-999
Віталій,Ткаченко,vitaliy.tkachenko4@student.org,1989,8,22,ZLH-87,16.92,38(068)48-56-489
Валентина,Цимбал,valentyna.tsymbal2@student.org,1993,5,24,OKP-80,14.06,38(099)87-80-214
Валентина,Литвин,valentyna.lytvyn2@student.org,1974,9,17,MHV-86,12.34,38(067)31-31-382
Олена,Лебедь,olena.lebed1@student.org,1994,2,13,JVX-90,30.12,38(063)14-81-747
Наталія,Панченко,nataliya.panchenko@student.org,1985,1,21,ZQB-73,18.02,38(066)40-16-988
Денис,Кравченко,denys.kravchenko1@student.org,1957,1,8,PIM-68,86.26,38(097)58-85-563
Олександр,Омельченко,oleksandr.omelchenko2@student.org,1997,12,28,GKJ-13,37.44,38(067)65-19-556
Денис,Макаренко,denys.makarenko4@student.org,1980,1,15,CTC-32,9.13,38(050)91-65-166
Лариса,Ткаченко,larysa.tkachenko2@student.org,2004,7,10,VJN-55,23.77,38(099)68-74-208
Володимир,Гордієнко,volodymyr.hordiyenko1@student.org,1960,5,7,IXL-95,51.15,38(063)34-98-155
Дмитро,Никоненко,dmytro.nykonenko2@student.org,1982,12,22,GBU-57,70.88,38(068)84-66-919
Ганна,Цимбал,hanna.tsymbal4@student.org,1981,11,3,VLU-82,36.62,38(067)76-59-488
Олеся,Король,olesya.korol1@student.org,1961,4,21,IKC-58,60.71,38(095)64-82-320
Денис,Ковальчук,denys.kovalchuk2@student.org,1992,10,19,IGA-50,10.14,38(066)69-52-220
Максим,Демченко,maksym.demchenko4@student.org,1970,6,14,KMC-42,0.25,38(068)44-80-797
Інна,Гончаренко,inna.honcharenko3@student.org,1973,6,14,EZL-13,81.54,38(099)72-37-499
Роман,Лисенко,roman.lysenko5@student.org,1962,10,31,AAO-20,12.38,38(097)77-66-102
Вікторія,Демченко,viktoriya.demchenko@student.org,1976,12,12,GGK-48,47.68,38(098)21-32-795
Галина,Король,halyna.korol4@student.org,1975,11,1,TGP-15,81.33,38(099)21-12-591
Раїса,Савченко,rayisa.savchenko2@student.org,1968,2,11,PWS-37,21.19,38(067)99-90-486
Марія,Цимбал,mariya.tsymbal1@student.org,2002,2,9,UTH-26,1.09,38(050)20-45-149
Андрій,Павленко,andriy.pavlenko1@student.org,1985,1,30,LAA-92,43.56,38(095)44-21-954
Віталій,Марченко,vitaliy.marchenko3@student.org,1961,6,20,DTP-85,18.67,38(067)41-10-926
Ірина,Кузьменко,iryna.kuzmenko1@student.org,1954,11,7,SWR-68,10.41,38(098)91-96-175
Інна,Омельченко,inna.omelchenko2@student.org,1965,4,4,KFE-49,5.11,38(098)40-56-955
Анна,Захарченко,anna.zakharchenko3@student.org,1976,6,8,JJW-62,60.93,38(068)13-27-566
Костянтин,Ковальчук,kostyantyn.kovalchuk4@student.org,1963,5,10,NMG-31,98.74,38(096)63-33-238
Інна,Козлов,inna.kozlov2@student.org,1974,7,27,LBE-54,36.75,38(093)62-97-916
Лілія,Шевченко,liliya.shevchenko1@student.org,2007,9,9,ZBK-22,26.72,38(050)95-20-431
Алла,Гладко,alla.hladko3@student.org,1988,10,21,OUP-47,99.18,38(067)57-96-723
Дмитро,Омельченко,dmytro.omelchenko1@student.org,2002,7,3,DMI-43,18.7,38(099)22-58-294
Валентина,Павленко,valentyna.pavlenko5@student.org,1958,12,6,HTM-43,15.26,38(093)36-53-841
Інна,Гайдук,inna.hayduk3@student.org,1973,6,22,CDP-22,52.23,38(096)68-35-903
Людмила,Макаренко,lyudmyla.makarenko1@student.org,1991,3,15,WWY-30,95.74,38(066)80-56-867
Анна,Литвин,anna.lytvyn1@student.org,1950,6,1,YSF-65,60.61,38(096)23-71-366
Алла,Рибак,alla.rybak1@student.org,2000,8,2,NQU-81,53.62,38(097)94-32-555
Лілія,Шевченко,liliya.shevchenko2@student.org,2003,8,19,SFL-28,65.47,38(097)88-60-662
Дмитро,Стельмах,dmytro.stelmakh4@student.org,2004,11,3,AEC-17,99.6,38(099)83-59-128
Іван,Авраменко,ivan.avramenko2@student.org,1995,9,27,VFA-76,71.21,38(099)96-31-802
Сергій,Левченко,serhiy.levchenko2@student.org,1967,1,13,SDR-95,21.82,38(093)65-98-651
Вера,Рибак,vera.rybak3@student.org,1985,1,7,SAL-91,46.69,38(073)32-82-106
Галина,Рибак,halyna.rybak@student.org,2009,3,18,ARM-43,11.69,38(093)39-62-566
Наталія,Романенко,nataliya.romanenko3@student.org,1975,3,31,WDM-93,84.24,38(097)56-60-780
Максим,Гриценко,maksym.hrytsenko4@student.org,1991,12,13,XZK-58,4.29,38(097)71-46-801
Ганна,Іваненко,hanna.ivanenko4@student.org,1971,7,26,NLC-55,62.95,38(096)66-45-795
Олеся,Новік,olesya.novik@student.org,1961,10,19,YFH-21,90.0,38(097)92-63-697
Надія,Омельченко,nadiya.omelchenko2@student.org,1974,3,28,RBS-10,15.29,38(093)86-14-105
Вікторія,Авраменко,viktoriya.avramenko1@student.org,1983,12,12,OOD-97,1.08,38(050)50-20-116
Наталія,Василенко,nataliya.vasylenko1@student.org,1989,9,24,LFW-94,85.94,38(050)62-56-506
Ярослав,Савченко,yaroslav.savchenko@student.org,1972,3,3,EZL-53,22.56,38(095)95-41-489
Світлана,Гордієнко,svitlana.hordiyenko3@student.org,1997,3,12,GSS-31,37.25,38(096)19-68-413
Григорій,Козлов,hryhoriy.kozlov3@student.org,1998,2,25,TYQ-74,0.34,38(068)76-54-890
Оксана,Рибак,oksana.rybak1@student.org,1965,4,17,EAK-62,54.41,38(096)24-12-333
Павло,Король,pavlo.korol2@student.org,1964,5,18,ZUE-75,14.3,38(063)15-81-212
Лілія,Петренко,liliya.petrenko2@student.org,1969,9,10,RQG-63,0.34,38(050)36-39-914
Вера,Рибак,vera.rybak4@student.org,1962,8,20,XDG-94,19.35,38(067)50-78-658
Костянтин,Руденко,kostyantyn.rudenko1@student.org,2008,5,21,PGA-94,26.81,38(073)47-26-575
Валентина,Павленко,valentyna.pavlenko6@student.org,1960,3,26,GFI-92,71.17,38(063)20-15-122
Вера,Кузьменко,vera.kuzmenko3@student.org,2006,6,17,WFE-82,67.1,38(099)80-74-224
Людмила,Макаренко,lyudmyla.makarenko2@student.org,1954,7,9,UHJ-67,63.05,38(099)58-34-922
Юрій,Новік,yuriy.novik2@student.org,2008,4,4,MAL-97,76.8,38(050)80-13-670
Оксана,Шевченко,oksana.shevchenko5@student.org,2007,2,4,LEG-28,30.44,38(050)79-89-270
Костянтин,Ковальчук,kostyantyn.kovalchuk5@student.org,1996,1,19,JOQ-99,54.71,38(066)99-34-545
Михайло,Гончаренко,mykhaylo.honcharenko1@student.org,1998,7,13,NQZ-56,38.8,38(063)95-25-884
Надія,Стельмах,nadiya.stelmakh1@student.org,1959,11,17,ELD-34,57.58,38(063)27-82-564
Сергій,Никоненко,serhiy.nykonenko1@student.org,1999,12,5,TSJ-44,26.12,38(067)91-69-123
Роман,Дорошенко,roman.doroshenko5@student.org,1987,2,26,NJD-67,65.91,38(066)11-74-978
Григорій,Білоус,hryhoriy.bilous1@student.org,1954,7,12,RRU-45,83.71,38(073)54-91-854
Надія,Василенко,nadiya.vasylenko1@student.org,1981,7,14,GET-69,60.9,38(098)51-51-156
Ігор,Лисенко,ihor.lysenko3@student.org,2000,8,25,SGI-95,24.35,38(067)28-69-992
Артем,Гладко,artem.hladko@student.org,2000,9,6,IAU-55,85.67,38(099)82-48-989
Катерина,Дорошенко,kateryna.doroshenko1@student.org,2010,9,30,OLI-84,93.38,38(095)54-58-880
Валентина,Білоус,valentyna.bilous1@student.org,1985,1,29,BOW-15,34.13,38(063)50-89-910
Людмила,Гладко,lyudmyla.hladko3@student.org,1988,9,6,KZE-34,83.72,38(066)48-22-480
Світлана,Кравченко,svitlana.kravchenko3@student.org,1955,9,29,GEN-26,82.54,38(097)24-49-792
Сергій,Литвин,serhiy.lytvyn1@student.org,1961,11,23,RQL-70,48.16,38(098)48-69-501
Євгенія,Гайдук,yevheniya.hayduk2@student.org,2005,11,10,BMK-84,70.15,38(067)80-44-226
Валентина,Шевченко,valentyna.shevchenko1@student.org,1987,11,24,BNS-92,52.26,38(098)76-81-113
Олена,Павленко,olena.pavlenko@student.org,1984,4,6,WDW-53,56.05,38(073)21-83-454
Юрій,Бойко,yuriy.boyko3@student.org,1960,3,12,CBB-73,1.08,38(099)17-44-258
Юлія,Романенко,yuliya.romanenko3@student.org,2003,12,14,XXU-15,4.31,38(096)66-53-826
Роман,Зайцев,roman.zaytsev4@student.org,1975,10,18,KZT-31,11.48,38(097)41-85-498
Ірина,Гончаренко,iryna.honcharenko1@student.org,1954,3,9,IJO-65,13.52,38(067)37-27-460
Ірина,Ткаченко,iryna.tkachenko3@student.org,1992,3,25,YQU-70,66.04,38(099)92-45-638
Василь,Омельченко,vasyl.omelchenko@student.org,1996,6,30,ZKY-88,77.12,38(063)41-20-412
Максим,Левченко,maksym.levchenko2@student.org,1967,11,29,OBR-96,41.61,38(063)51-28-685
Роман,Коваль,roman.koval9@student.org,2003,7,24,TTG-26,57.57,38(097)45-83-142
Надія,Коваль,nadiya.koval@student.org,2007,3,13,UQW-56,85.01,38(063)99-43-148
Наталія,Литвин,nataliya.lytvyn2@student.org,1982,8,11,UVH-18,44.41,38(066)43-89-666
Григорій,Лебедь,hryhoriy.lebed@student.org,1997,10,20,VOX-27,64.38,38(098)75-55-848
Євгенія,Гончаренко,yevheniya.honcharenko2@student.org,2008,11,6,AZL-84,4.02,38(093)59-96-499
Лариса,Дорошенко,larysa.doroshenko2@student.org,1974,7,13,PTY-23,22.69,38(097)55-80-507
Віктор,Ковальчук,viktor.kovalchuk1@student.org,1980,6,26,VGD-51,4.08,38(095)45-82-539
Анна,Бойко,anna.boyko1@student.org,1983,11,23,FCY-37,17.7,38(096)27-72-186
Лариса,Коваленко,larysa.kovalenko2@student.org,2000,6,17,RID-11,83.2,38(097)38-81-764
Сергій,Панченко,serhiy.panchenko2@student.org,1986,3,22,YSS-92,96.1,38(096)27-32-145
Любов,Білоус,lyubov.bilous@student.org,1956,7,17,RVT-71,15.9,38(097)64-15-648
Юрій,Макаренко,yuriy.makarenko1@student.org,1975,5,16,VKF-65,2.15,38(067)13-40-125
Олеся,Стельмах,olesya.stelmakh2@student.org,2005,1,30,KYR-44,23.47,38(097)23-26-742
Роман,Лисенко,roman.lysenko6@student.org,1976,2,28,ENI-71,53.59,38(050)82-94-456
Лариса,Шаповал,larysa.shapoval5@student.org,1971,2,19,QZO-34,63.85,38(066)18-26-186
Олеся,Лисенко,olesya.lysenko@student.org,1958,10,23,UZN-67,4.83,38(067)55-50-470
Юрій,Король,yuriy.korol@student.org,1976,9,26,WBQ-25,29.46,38(095)32-31-537
Галина,Панченко,halyna.panchenko1@student.org,2009,1,19,TXU-28,89.61,38(066)46-38-614
Світлана,Лебедь,svitlana.lebed@student.org,1996,11,24,ODW-23,47.04,38(097)92-28-199
Михайло,Авраменко,mykhaylo.avramenko1@student.org,1993,10,9,XLT-28,83.23,38(050)45-70-387
Станіслав,Левченко,stanislav.levchenko2@student.org,1959,11,9,LHA-33,95.03,38(067)64-11-281
Світлана,Макаренко,svitlana.makarenko2@student.org,1963,4,3,FNY-72,22.93,38(095)86-19-971
Станіслав,Левченко,stanislav.levchenko3@student.org,1966,9,26,TER-76,53.75,38(098)26-79-805
Лариса,Гриценко,larysa.hrytsenko3@student.org,1959,12,16,FRN-20,63.5,38(068)80-99-259
Роман,Макаренко,roman.makarenko8@student.org,1953,10,9,LEV-52,23.46,38(073)78-16-176
Федір,Шевчук,fedir.shevchuk@student.org,1969,4,28,FVK-51,71.54,38(066)67-86-465
Лілія,Никоненко,liliya.nykonenko4@student.org,2007,9,19,BIA-38,69.96,38(063)23-21-402
Лілія,Ковальчук,liliya.kovalchuk3@student.org,1995,4,16,MUW-51,35.81,38(095)78-27-462
Катерина,Рибак,kateryna.rybak1@student.org,1994,5,20,FUX-87,1.06,38(096)21-58-785
Юлія,Гончаренко,yuliya.honcharenko2@student.org,2008,4,21,IRY-41,59.26,38(097)16-96-657
Любов,Рибак,lyubov.rybak4@student.org,1995,9,22,ZXE-12,54.16,38(066)46-16-201
Євгенія,Гладко,yevheniya.hladko6@student.org,1996,5,28,ZCV-16,12.58,38(066)22-89-925
Максим,Шевченко,maksym.shevchenko3@student.org,1994,9,3,QSP-58,59.0,38(098)95-64-527
Тетяна,Макаренко,tetyana.makarenko1@student.org,2008,4,7,BCU-41,15.43,38(098)85-52-826
Богдан,Кузьменко,bohdan.kuzmenko1@student.org,1989,12,16,EZY-88,39.25,38(063)11-43-746
Світлана,Бойко,svitlana.boyko2@student.org,1987,11,7,NRK-76,1.29,38(063)87-39-367
Віталій,Білоус,vitaliy.bilous2@student.org,1982,5,25,YVZ-93,56.7,38(098)78-17-264
Сергій,Василенко,serhiy.vasylenko@student.org,1958,12,14,XYA-14,14.25,38(098)15-85-473
Вікторія,Дорошенко,viktoriya.doroshenko4@student.org,1959,8,4,XES-22,28.08,38(096)63-65-562
Василь,Панченко,vasyl.panchenko3@student.org,2003,12,10,IQK-66,49.74,38(093)24-82-494
Надія,Новік,nadiya.novik5@student.org,1957,11,30,BHQ-37,37.73,38(068)14-88-571
Катерина,Марченко,kateryna.marchenko1@student.org,1969,10,10,ZEO-70,55.35,38(063)16-39-415
Лариса,Панченко,larysa.panchenko1@student.org,2007,8,24,MPT-62,70.95,38(066)13-68-320
Артем,Руденко,artem.rudenko1@student.org,1950,8,16,REC-53,48.73,38(096)11-24-433
Максим,Іваненко,maksym.ivanenko1@student.org,1961,4,4,WOJ-61,66.73,38(066)38-10-923
Марія,Петренко,mariya.petrenko4@student.org,1974,12,16,XWO-72,16.89,38(068)84-20-374
Ігор,Ткаченко,ihor.tkachenko@student.org,1999,7,30,FKA-97,44.82,38(095)37-69-472
Володимир,Романенко,volodymyr.romanenko1@student.org,1975,3,5,QFA-57,59.99,38(067)94-71-798
Петро,Кравченко,petro.kravchenko@student.org,1970,12,22,KFC-39,61.9,38(067)55-92-125
Марія,Омельченко,mariya.omelchenko5@student.org,1977,8,31,CSK-26,59.21,38(067)49-19-797
Вікторія,Кравченко,viktoriya.kravchenko4@student.org,1957,9,5,DKO-94,76.69,38(073)72-30-490
Анна,Цимбал,anna.tsymbal1@student.org,1957,3,10,QPA-45,99.15,38(096)12-45-875
Інна,Захарченко,inna.zakharchenko@student.org,1967,5,5,SDV-49,13.94,38(073)63-74-348
Лариса,Авраменко,larysa.avramenko@student.org,1955,10,28,RRB-11,62.17,38(099)88-31-629
Петро,Макаренко,petro.makarenko2@student.org,2008,3,24,QSB-61,94.4,38(095)54-39-975
Павло,Романенко,pavlo.romanenko1@student.org,2001,8,30,QDF-55,30.44,38(073)62-34-228
Юрій,Мельник,yuriy.melnyk1@student.org,1953,10,1,YVZ-93,8.57,38(097)95-64-508
Катерина,Левченко,kateryna.levchenko@student.org,1983,5,5,VKU-34,86.98,38(099)63-66-409
Інна,Лебедь,inna.lebed3@student.org,1990,8,2,YIB-50,15.45,38(093)96-28-590
Станіслав,Коваль,stanislav.koval3@student.org,1954,10,12,HQN-12,72.53,38(066)84-39-820
Людмила,Зайцев,lyudmyla.zaytsev2@student.org,1971,12,15,ZWL-22,13.85,38(099)68-82-402
Анна,Білоус,anna.bilous6@student.org,2000,12,5,HCC-53,89.38,38(097)94-10-634
Вікторія,Омельченко,viktoriya.omelchenko2@student.org,2010,10,24,UEM-41,96.69,38(066)76-12-448
Людмила,Ткаченко,lyudmyla.tkachenko1@student.org,1970,9,23,SKA-63,49.42,38(096)31-15-954
Ярослав,Савченко,yaroslav.savchenko1@student.org,1958,1,29,IGG-34,68.95,38(073)24-70-364
Григорій,Стельмах,hryhoriy.stelmakh2@student.org,1969,2,21,DVF-10,39.77,38(096)13-84-647
Валентина,Омельченко,valentyna.omelchenko@student.org,1974,5,23,YWU-86,77.79,38(068)86-22-203
Алла,Іваненко,alla.ivanenko3@student.org,1979,6,16,PXE-78,41.32,38(096)47-21-314
Галина,Демченко,halyna.demchenko1@student.org,1995,9,4,DZM-24,86.87,38(066)24-36-314
Максим,Кравченко,maksym.kravchenko@student.org,1980,1,27,KZC-19,27.19,38(068)91-16-892
Тетяна,Бойко,tetyana.boyko1@student.org,1999,9,17,GML-59,94.39,38(099)97-74-517
Юлія,Дорошенко,yuliya.doroshenko4@student.org,2000,4,2,EVC-88,82.84,38(095)73-33-823
Павло,Зайцев,pavlo.zaytsev2@student.org,1968,12,19,OMM-27,13.38,38(073)32-94-253
Оксана,Мельник,oksana.melnyk@student.org,1951,11,7,NLN-18,91.47,38(050)91-53-658
Дмитро,Михайленко,dmytro.mykhaylenko2@student.org,1973,3,3,TDX-51,66.25,38(093)40-82-160
Оксана,Скрипка,oksana.skrypka2@student.org,1965,8,1,QIT-71,58.97,38(099)54-58-913
Володимир,Гриценко,volodymyr.hrytsenko2@student.org,1963,2,6,JJE-52,95.05,38(093)91-15-565
Ігор,Скрипка,ihor.skrypka2@student.org,2004,3,13,XUO-36,32.9,38(098)58-86-648
Вікторія,Мельник,viktoriya.melnyk1@student.org,1982,4,28,THD-37,46.97,38(067)95-66-333
Богдан,Панченко,bohdan.panchenko@student.org,2003,2,22,VPR-18,73.5,38(095)49-22-789
Костянтин,Цимбал,kostyantyn.tsymbal1@student.org,1993,11,27,SNA-84,58.32,38(068)66-59-671
Артем,Кузьменко,artem.kuzmenko3@student.org,1981,6,20,LFU-78,20.95,38(095)69-27-881
Катерина,Лисенко,kateryna.lysenko2@student.org,1971,8,29,EFY-17,77.36,38(066)48-82-582
Ірина,Литвин,iryna.lytvyn3@student.org,1971,3,13,YDF-37,41.01,38(097)12-16-889
Богдан,Бойко,bohdan.boyko2@student.org,1976,4,5,WKR-87,47.07,38(066)35-53-355
Дмитро,Руденко,dmytro.rudenko2@student.org,1959,7,11,FGC-14,48.87,38(095)58-72-300
Ганна,Зайцев,hanna.zaytsev2@student.org,1995,9,16,OGH-36,63.93,38(093)40-90-717
Юлія,Кравченко,yuliya.kravchenko@student.org,1980,3,30,XUO-36,0.58,38(093)92-20-572
Дмитро,Коваль,dmytro.koval@student.org,1978,7,9,KMU-74,66.0,38(095)20-14-266
Любов,Король,lyubov.korol4@student.org,1969,8,4,DBY-58,26.63,38(096)27-43-164
Наталія,Гордієнко,nataliya.hordiyenko3@student.org,1977,6,8,WCT-29,77.5,38(067)69-73-240
Оксана,Михайленко,oksana.mykhaylenko@student.org,1961,3,8,NIN-32,1.46,38(068)50-10-736
Вера,Гордієнко,vera.hordiyenko5@student.org,2004,8,12,NKH-82,41.55,38(095)58-44-629
Віталій,Лисенко,vitaliy.lysenko3@student.org,1999,7,8,EKY-48,42.26,38(067)86-62-817
Юрій,Никоненко,yuriy.nykonenko1@student.org,1954,7,2,OCE-48,21.13,38(073)13-74-786
Людмила,Михайленко,lyudmyla.mykhaylenko2@student.org,1983,2,19,RQY-88,20.86,38(067)36-66-680
Тарас,Ткаченко,taras.tkachenko1@student.org,2007,2,5,SFC-97,14.34,38(063)61-90-991
Лариса,Кузьменко,larysa.kuzmenko3@student.org,2008,2,14,BCP-36,90.45,38(066)91-91-723
Віталій,Павленко,vitaliy.pavlenko@student.org,1974,9,7,KTO-68,57.72,38(050)33-22-941
Віталій,Шевчук,vitaliy.shevchuk1@student.org,1988,5,3,YEP-18,48.57,38(093)82-27-814
Ярослав,Лебедь,yaroslav.lebed1@student.org,1951,5,2,FZL-46,57.36,38(098)75-38-916
Олеся,Дорошенко,olesya.doroshenko1@student.org,1980,4,14,KGU-90,20.72,38(095)46-12-502
Людмила,Мельник,lyudmyla.melnyk2@student.org,1952,9,18,QST-29,20.62,38(067)71-18-844
Павло,Новік,pavlo.novik3@student.org,1991,2,5,LUA-50,53.09,38(099)94-64-353
Марія,Гайдук,mariya.hayduk@student.org,1976,4,3,IJC-60,78.24,38(067)56-86-635
Роман,Рибак,roman.rybak6@student.org,1962,5,7,BQR-58,27.11,38(093)58-17-721
Анна,Поліщук,anna.polishchuk1@student.org,1953,1,22,TPG-62,82.35,38(097)88-33-242
Станіслав,Марченко,stanislav.marchenko3@student.org,2007,2,8,MRF-87,52.57,38(096)26-77-917
Євгенія,Ковальчук,yevheniya.kovalchuk@student.org,1967,7,23,KWM-63,42.09,38(063)13-26-342
Андрій,Левченко,andriy.levchenko2@student.org,1979,12,26,JVD-39,52.49,38(073)53-40-386
Олександр,Кузьменко,oleksandr.kuzmenko@student.org,1989,1,16,URU-53,98.29,38(099)11-97-401
Надія,Король,nadiya.korol1@student.org,1966,6,24,JNH-33,40.99,38(050)14-75-977
Михайло,Костенко,mykhaylo.kostenko1@student.org,2003,6,22,SVE-32,96.41,38(093)41-53-791
Оксана,Гордієнко,oksana.hordiyenko1@student.org,2000,6,9,LKK-14,60.4,38(073)25-94-107
Анна,Коваль,anna.koval2@student.org,1994,12,29,DRQ-85,85.96,38(066)61-80-276
Тарас,Савченко,taras.savchenko@student.org,2010,12,10,QLR-17,51.57,38(063)63-92-215
Володимир,Шевченко,volodymyr.shevchenko2@student.org,2007,8,3,BHV-58,79.59,38(073)47-12-669
Вікторія,Гончаренко,viktoriya.honcharenko2@student.org,1988,1,1,KFV-94,78.62,38(063)88-11-153
Богдан,Білоус,bohdan.bilous1@student.org,2007,9,19,ZZL-26,25.9,38(050)87-29-215
Інна,Костенко,inna.kostenko@student.org,2002,12,11,NEA-27,76.6,38(067)68-17-308
Лілія,Марченко,liliya.marchenko2@student.org,1985,7,4,JXA-39,98.44,38(093)74-89-576
Михайло,Лисенко,mykhaylo.lysenko4@student.org,1970,11,24,HCL-58,7.2,38(066)85-45-541
Галина,Поліщук,halyna.polishchuk3@student.org,1984,9,2,TMT-75,61.5,38(063)96-27-114
Дмитро,Гладко,dmytro.hladko2@student.org,1994,10,14,TTQ-61,17.57,38(099)46-82-390
Катерина,Марченко,kateryna.marchenko2@student.org,1991,6,9,BMK-84,6.3,38(097)54-63-643
Наталія,Демченко,nataliya.demchenko1@student.org,1950,9,16,BAG-98,37.04,38(099)26-15-171
Роман,Панченко,roman.panchenko3@student.org,1974,3,2,BYT-25,12.64,38(097)98-73-719
Артем,Коваль,artem.koval5@student.org,1981,4,25,LDI-22,4.7,38(099)94-59-383
Григорій,Никоненко,hryhoriy.nykonenko1@student.org,1967,9,18,WAV-91,65.58,38(068)56-31-887
Надія,Новік,nadiya.novik6@student.org,1964,12,18,BWL-44,15.9,38(096)45-81-329
Михайло,Ковальчук,mykhaylo.kovalchuk1@student.org,1960,3,12,YQU-70,92.26,38(095)38-83-834
Іван,Савченко,ivan.savchenko2@student.org,1975,12,4,LIM-61,97.51,38(096)79-38-144
Вікторія,Павленко,viktoriya.pavlenko@student.org,1966,7,19,COK-52,11.26,38(050)54-83-133
Тетяна,Бойко,tetyana.boyko2@student.org,2008,4,21,DEO-12,46.46,38(099)97-42-816
Федір,Новік,fedir.novik2@student.org,1971,5,31,XUR-19,30.58,38(068)62-99-375
Максим,Гайдук,maksym.hayduk1@student.org,1996,2,10,INT-63,65.49,38(097)97-99-886
Василь,Шевчук,vasyl.shevchuk4@student.org,1995,7,18,JDL-68,53.34,38(063)36-98-216
Денис,Гордієнко,denys.hordiyenko3@student.org,1970,3,29,QYI-65,76.05,38(067)88-28-687
Юрій,Литвин,yuriy.lytvyn2@student.org,1950,5,24,ZMO-12,86.27,38(050)69-29-230
Петро,Скрипка,petro.skrypka2@student.org,1959,9,13,KGO-96,92.41,38(073)57-20-105
Вікторія,Король,viktoriya.korol3@student.org,1972,6,8,FXR-64,82.65,38(067)75-88-862
Людмила,Литвин,lyudmyla.lytvyn@student.org,1950,4,21,BHC-41,77.31,38(096)63-72-166
Вікторія,Демченко,viktoriya.demchenko1@student.org,1954,11,26,ITN-59,83.07,38(073)86-76-892
Роман,Лебедь,roman.lebed1@student.org,1978,9,5,VPJ-53,22.71,38(063)74-79-636
Ірина,Литвин,iryna.lytvyn4@student.org,1955,2,14,SQW-75,63.44,38(063)63-76-491
Марія,Павленко,mariya.pavlenko3@student.org,1971,5,12,IAU-55,52.64,38(097)32-66-744
Олена,Литвин,olena.lytvyn@student.org,1961,7,9,QPT-83,19.02,38(097)51-15-942
Вікторія,Рибак,viktoriya.rybak1@student.org,1991,12,4,QCK-38,24.71,38(050)89-46-526
Петро,Гриценко,petro.hrytsenko2@student.org,1994,8,7,TVJ-59,22.8,38(063)11-76-331
Станіслав,Поліщук,stanislav.polishchuk1@student.org,1975,5,6,SXY-10,46.18,38(095)78-98-819
Денис,Гриценко,denys.hrytsenko@student.org,2006,2,23,IXU-95,29.53,38(099)72-81-954
Сергій,Шевчук,serhiy.shevchuk1@student.org,1987,7,15,NTN-20,31.07,38(067)64-43-899
Ганна,Ткаченко,hanna.tkachenko@student.org,1956,6,6,WMG-49,87.7,38(073)99-20-921
Катерина,Іваненко,kateryna.ivanenko1@student.org,1967,6,18,IYI-39,1.49,38(099)54-24-128
Валентина,Лебедь,valentyna.lebed1@student.org,1981,9,28,DKC-39,56.97,38(068)90-88-443
Наталія,Гриценко,nataliya.hrytsenko2@student.org,1975,7,29,PKC-90,27.35,38(096)53-24-562
Петро,Дорошенко,petro.doroshenko3@student.org,1980,3,14,RRT-21,52.78,38(098)57-28-619
Валентина,Рибак,valentyna.rybak4@student.org,2005,5,25,YJP-43,14.31,38(099)90-41-626
Ярослав,Левченко,yaroslav.levchenko2@student.org,1991,7,17,TCE-54,83.18,38(063)54-98-195
Ярослав,Стельмах,yaroslav.stelmakh1@student.org,1970,12,11,SIH-56,77.31,38(096)49-59-442
Тетяна,Коваленко,tetyana.kovalenko4@student.org,2003,11,24,IHA-49,96.72,38(097)10-46-974
Остап,Захарченко,ostap.zakharchenko1@student.org,1981,7,16,PBI-43,45.78,38(093)91-98-460
Віктор,Павленко,viktor.pavlenko2@student.org,1969,4,19,JTW-97,80.89,38(096)84-74-590
Ірина,Руденко,iryna.rudenko2@student.org,1999,12,3,OVF-62,47.52,38(067)78-42-455
Олеся,Захарченко,olesya.zakharchenko3@student.org,1999,4,19,YLD-54,5.71,38(073)13-15-624
Ганна,Мельник,hanna.melnyk1@student.org,1979,9,12,ZCK-84,9.68,38(067)49-97-125
Петро,Новік,petro.novik@student.org,1954,5,12,BGL-55,98.59,38(073)49-66-608
Андрій,Марченко,andriy.marchenko2@student.org,1989,10,18,CGO-91,47.75,38(068)55-12-550
Максим,Макаренко,maksym.makarenko3@student.org,2006,6,9,YJP-43,95.96,38(066)55-97-250
Іван,Панченко,ivan.panchenko1@student.org,1968,9,16,MQJ-84,63.42,38(067)37-79-239
Андрій,Білоус,andriy.bilous4@student.org,1980,5,1,IHW-21,80.62,38(063)34-24-213
Дмитро,Козлов,dmytro.kozlov1@student.org,1971,11,26,XYL-63,76.76,38(063)57-18-949
Ігор,Поліщук,ihor.polishchuk1@student.org,1998,8,17,TRP-38,70.34,38(073)62-45-880
Артем,Василенко,artem.vasylenko3@student.org,2008,7,8,SDE-69,74.13,38(098)10-34-652
Юрій,Коваленко,yuriy.kovalenko2@student.org,1980,4,27,XYL-63,71.7,38(098)76-43-153
Ганна,Цимбал,hanna.tsymbal5@student.org,1956,5,10,CXL-75,89.63,38(063)14-79-245
Лариса,Демченко,larysa.demchenko3@student.org,1954,5,22,BUL-27,64.37,38(067)26-65-325
Ірина,Дорошенко,iryna.doroshenko2@student.org,1998,6,6,JUR-64,64.18,38(099)34-10-702
Павло,Гончаренко,pavlo.honcharenko1@student.org,1995,2,19,VUI-81,43.35,38(098)62-20-109
Інна,Король,inna.korol@student.org,1975,4,19,CBB-37,75.58,38(066)27-99-225
Лариса,Савченко,larysa.savchenko2@student.org,1962,4,5,SKO-23,1.16,38(063)19-57-610
Ганна,Мельник,hanna.melnyk2@student.org,1960,5,25,IJC-60,32.08,38(067)35-58-669
Володимир,Лисенко,volodymyr.lysenko1@student.org,1961,3,29,RWB-77,84.01,38(067)55-97-715
Олександр,Гончаренко,oleksandr.honcharenko2@student.org,1959,12,12,AYK-48,39.09,38(050)14-15-411
Валентина,Кравченко,valentyna.kravchenko3@student.org,1978,10,16,RXH-75,43.83,38(073)29-97-612
Станіслав,Левченко,stanislav.levchenko4@student.org,1951,10,1,PSL-21,76.27,38(096)69-71-402
Наталія,Бойко,nataliya.boyko3@student.org,1988,9,9,LAA-92,29.21,38(066)29-73-168
Денис,Поліщук,denys.polishchuk6@student.org,1998,2,11,RXH-75,88.87,38(099)75-89-804
Денис,Коваль,denys.koval1@student.org,1967,11,7,EII-42,82.03,38(073)28-87-944
Вера,Гриценко,vera.hrytsenko3@student.org,1981,3,10,ILR-85,14.53,38(097)55-86-530
Анна,Гончаренко,anna.honcharenko1@student.org,1959,5,21,OYY-63,15.01,38(095)85-15-378
Олеся,Гайдук,olesya.hayduk2@student.org,1992,6,15,JOQ-99,72.53,38(063)18-25-130
Михайло,Лебедь,mykhaylo.lebed1@student.org,1995,4,13,ZQM-99,38.72,38(073)24-13-265
Сергій,Зайцев,serhiy.zaytsev6@student.org,2004,6,5,SGI-95,47.69,38(050)31-58-116
Олена,Демченко,olena.demchenko3@student.org,2006,5,25,CSL-69,61.41,38(067)41-82-830
Катерина,Поліщук,kateryna.polishchuk1@student.org,1962,10,27,LXT-33,57.32,38(096)61-15-276
Марія,Панченко,mariya.panchenko@student.org,1972,2,16,BGP-43,44.29,38(050)78-79-237
Олеся,Гордієнко,olesya.hordiyenko2@student.org,1979,4,8,KIY-99,10.54,38(097)67-73-745
Ірина,Рибак,iryna.rybak3@student.org,1961,10,8,MEE-93,44.81,38(093)78-97-761
Вікторія,Рибак,viktoriya.rybak2@student.org,1952,3,5,QTW-69,79.14,38(068)18-21-270
Михайло,Демченко,mykhaylo.demchenko3@student.org,1953,11,19,OVL-88,51.04,38(073)35-44-653
Інна,Руденко,inna.rudenko@student.org,1983,10,2,LDC-41,83.41,38(098)15-23-289
Петро,Савченко,petro.savchenko2@student.org,1959,9,9,MTH-56,54.67,38(050)28-13-997
Олена,Поліщук,olena.polishchuk2@student.org,1960,4,16,HTN-89,20.92,38(097)32-41-230
Галина,Новік,halyna.novik1@student.org,1977,4,22,CXV-73,70.59,38(098)66-89-721
Павло,Захарченко,pavlo.zakharchenko6@student.org,1990,2,4,QIT-71,13.99,38(098)41-70-825
Ігор,Литвин,ihor.lytvyn1@student.org,1998,4,22,ZRH-24,15.85,38(073)80-17-411
Артем,Шевчук,artem.shevchuk2@student.org,1968,9,18,PTH-45,26.94,38(073)35-82-442
Віктор,Литвин,viktor.lytvyn3@student.org,1957,11,30,ALQ-41,95.17,38(050)39-58-755
Надія,Козлов,nadiya.kozlov3@student.org,1960,6,29,OAA-49,38.01,38(096)47-43-801
Галина,Мельник,halyna.melnyk1@student.org,1983,1,20,UIZ-47,29.34,38(067)13-30-971
Дмитро,Король,dmytro.korol2@student.org,1969,9,18,TDI-82,96.69,38(098)40-14-778
Сергій,Коваль,serhiy.koval1@student.org,1971,5,18,ZEM-70,1.55,38(073)43-41-764
Богдан,Зайцев,bohdan.zaytsev1@student.org,1969,4,21,FWS-27,55.13,38(095)77-21-154
Вера,Демченко,vera.demchenko@student.org,1983,4,6,UIL-42,80.74,38(098)87-13-821
Петро,Гладко,petro.hladko1@student.org,1984,7,2,QQM-96,8.97,38(098)54-97-744
Остап,Кузьменко,ostap.kuzmenko1@student.org,1957,4,1,ZQR-35,29.43,38(095)41-26-234
Олеся,Павленко,olesya.pavlenko2@student.org,1965,4,1,DKM-25,76.51,38(068)12-82-273
Віталій,Мельник,vitaliy.melnyk1@student.org,2007,3,6,OUX-85,32.19,38(050)85-59-718
Іван,Бойко,ivan.boyko1@student.org,1973,12,12,TBS-62,33.45,38(093)66-54-714
Станіслав,Никоненко,stanislav.nykonenko1@student.org,1959,7,19,XES-22,31.19,38(073)37-31-314
Віталій,Козлов,vitaliy.kozlov4@student.org,1973,4,5,XTC-76,10.26,38(098)86-28-141
Анна,Шаповал,anna.shapoval1@student.org,1976,6,7,FQJ-88,38.96,38(093)51-50-748
Іван,Кравченко,ivan.kravchenko4@student.org,1971,12,19,IRA-71,33.31,38(063)72-30-898
Василь,Рибак,vasyl.rybak2@student.org,1995,9,11,KCY-24,90.27,38(098)67-21-786
Ганна,Цимбал,hanna.tsymbal6@student.org,2007,8,21,DCH-51,45.45,38(096)94-77-313
Лілія,Козлов,liliya.kozlov1@student.org,1977,8,23,YZY-43,0.7,38(097)15-88-430
Валентина,Коваленко,valentyna.kovalenko3@student.org,1979,8,18,FWR-21,4.93,38(063)99-50-577
Костянтин,Павленко,kostyantyn.pavlenko2@student.org,1976,3,7,ALQ-41,70.06,38(099)37-19-272
Ігор,Кузьменко,ihor.kuzmenko3@student.org,1970,8,17,FDF-77,16.7,38(096)94-38-212
Надія,Кравченко,nadiya.kravchenko2@student.org,1978,12,30,STE-30,24.66,38(066)45-82-987
Костянтин,Зайцев,kostyantyn.zaytsev2@student.org,1992,4,4,OQW-75,1.5,38(093)61-84-679
Артем,Ковальчук,artem.kovalchuk2@student.org,1955,1,3,TJI-75,22.02,38(073)78-40-763
Андрій,Козлов,andriy.kozlov@student.org,1950,7,29,HDL-37,7.73,38(097)30-18-905
Олеся,Гордієнко,olesya.hordiyenko3@student.org,1983,8,26,WXX-91,86.03,38(050)68-62-143
Костянтин,Шевченко,kostyantyn.shevchenko2@student.org,1966,6,27,KXZ-95,5.35,38(099)31-49-816
Василь,Шевченко,vasyl.shevchenko5@student.org,2009,3,2,QCL-13,49.5,38(073)83-55-944
Юрій,Марченко,yuriy.marchenko2@student.org,2007,12,13,GJS-42,48.2,38(066)28-69-240
Ганна,Білоус,hanna.bilous2@student.org,1991,4,22,TJO-38,24.19,38(095)69-64-649
Віталій,Кравченко,vitaliy.kravchenko4@student.org,1974,11,2,KPB-10,3.52,38(068)79-49-486
Лілія,Білоус,liliya.bilous3@student.org,1983,2,17,VGZ-53,7.59,38(066)38-48-773
Станіслав,Костенко,stanislav.kostenko1@student.org,1953,6,20,MYH-65,31.61,38(063)84-96-706
Михайло,Гайдук,mykhaylo.hayduk3@student.org,2005,1,10,MJW-29,76.11,38(093)82-61-253
Надія,Шевченко,nadiya.shevchenko5@student.org,1973,9,28,YIN-82,55.12,38(098)94-89-686
Валентина,Новік,valentyna.novik@student.org,1969,9,1,LAA-97,23.73,38(095)36-41-469
Федір,Козлов,fedir.kozlov1@student.org,1957,7,23,FOR-58,62.04,38(098)66-57-589
Олександр,Петренко,oleksandr.petrenko1@student.org,1954,3,27,CJO-89,5.99,38(068)53-52-416
Петро,Савченко,petro.savchenko3@student.org,1979,4,25,MGM-63,40.45,38(050)55-80-122
Віктор,Ткаченко,viktor.tkachenko2@student.org,1975,3,10,CHY-54,57.13,38(050)28-74-481
Галина,Іваненко,halyna.ivanenko2@student.org,1979,12,27,LXH-37,38.92,38(099)29-80-902
Станіслав,Василенко,stanislav.vasylenko4@student.org,1960,2,23,EUU-86,58.67,38(073)61-27-381
Дмитро,Шевченко,dmytro.shevchenko2@student.org,1966,8,8,MTE-82,23.09,38(067)68-77-408
Ігор,Никоненко,ihor.nykonenko1@student.org,2001,10,21,WVO-62,65.11,38(095)52-16-365
Остап,Василенко,ostap.vasylenko1@student.org,1995,5,11,LTX-19,39.05,38(073)63-62-983
Інна,Шевченко,inna.shevchenko2@student.org,1990,1,31,QWU-10,56.3,38(097)11-21-725
Юрій,Король,yuriy.korol1@student.org,2007,2,1,PQC-85,29.25,38(066)56-99-881
Ярослав,Михайленко,yaroslav.mykhaylenko2@student.org,2001,9,24,XTL-68,31.79,38(073)67-33-993
Володимир,Гайдук,volodymyr.hayduk3@student.org,1962,9,18,UOC-57,92.18,38(093)14-44-643
Алла,Кравченко,alla.kravchenko2@student.org,1976,1,29,IWI-20,68.48,38(068)27-48-554
Віктор,Коваль,viktor.koval5@student.org,1983,2,14,PPJ-70,6.8,38(066)33-59-451
Максим,Ткаченко,maksym.tkachenko2@student.org,1981,3,5,BHV-58,66.09,38(097)37-80-667
Оксана,Ткаченко,oksana.tkachenko4@student.org,1988,12,12,XCJ-59,72.5,38(098)40-75-618
Богдан,Михайленко,bohdan.mykhaylenko@student.org,2004,5,9,UKQ-66,22.31,38(096)19-30-333
Олександр,Никоненко,oleksandr.nykonenko2@student.org,1957,11,30,PHE-95,3.0,38(063)80-89-693
Наталія,Гончаренко,nataliya.honcharenko3@student.org,1996,5,9,HIK-62,55.65,38(093)35-22-170
Роман,Рибак,roman.rybak7@student.org,1951,2,22,RVT-71,63.71,38(098)74-71-445
Любов,Савченко,lyubov.savchenko1@student.org,1973,5,30,FVC-98,67.62,38(066)15-66-582
Олена,Зайцев,olena.zaytsev2@student.org,1995,4,4,OYY-63,42.56,38(066)63-72-870
Денис,Цимбал,denys.tsymbal3@student.org,1970,9,15,VDT-38,80.63,38(068)64-80-829
Федір,Поліщук,fedir.polishchuk1@student.org,1997,1,19,CXH-54,23.49,38(068)16-65-176
Ганна,Кузьменко,hanna.kuzmenko2@student.org,1954,1,20,XCO-19,0.92,38(066)94-95-420
Марія,Шаповал,mariya.shapoval@student.org,1956,9,2,SQO-31,24.14,38(099)51-89-278
Федір,Рибак,fedir.rybak2@student.org,1960,3,13,UIZ-47,89.08,38(073)47-68-393
Катерина,Гладко,kateryna.hladko3@student.org,1955,1,4,VFQ-11,33.4,38(097)89-84-653
Тарас,Новік,taras.novik1@student.org,1994,9,14,YRC-12,69.07,38(095)76-83-949
Юрій,Авраменко,yuriy.avramenko7@student.org,1955,8,18,WYP-81,40.7,38(063)42-87-746
Сергій,Захарченко,serhiy.zakharchenko4@student.org,1983,8,19,LKA-73,84.49,38(066)10-31-989
Лариса,Петренко,larysa.petrenko1@student.org,1969,9,8,CZB-89,20.43,38(093)54-96-382
Катерина,Гордієнко,kateryna.hordiyenko2@student.org,2003,12,1,OAL-14,67.71,38(068)47-12-983
Роман,Гайдук,roman.hayduk4@student.org,2005,10,25,XYA-14,59.62,38(066)61-29-909
Раїса,Козлов,rayisa.kozlov3@student.org,1986,4,21,FAA-87,21.8,38(097)37-85-598
Лілія,Коваленко,liliya.kovalenko3@student.org,1966,9,17,DRJ-51,15.25,38(067)39-27-395
Віталій,Петренко,vitaliy.petrenko1@student.org,1989,8,1,YBD-46,8.78,38(068)58-47-646
Лілія,Шевчук,liliya.shevchuk2@student.org,2003,4,29,WJJ-27,66.99,38(073)61-98-270
Оксана,Іваненко,oksana.ivanenko1@student.org,1964,1,8,XEW-63,12.48,38(063)17-77-267
Ганна,Савченко,hanna.savchenko2@student.org,1960,5,2,BBT-60,64.19,38(067)40-24-812
Федір,Костенко,fedir.kostenko1@student.org,1995,3,11,DMW-31,62.06,38(067)37-53-405
Ірина,Козлов,iryna.kozlov2@student.org,1964,7,30,DMM-54,13.13,38(098)16-97-232
Павло,Цимбал,pavlo.tsymbal1@student.org,2000,1,22,EWS-22,2.7,38(096)60-87-266
Віталій,Король,vitaliy.korol3@student.org,1969,2,14,SDE-69,68.95,38(093)87-30-248
Тетяна,Ткаченко,tetyana.tkachenko2@student.org,2006,1,7,JZY-52,2.24,38(098)45-60-387
Євгенія,Поліщук,yevheniya.polishchuk3@student.org,1952,7,14,SZU-42,25.91,38(068)98-48-645
Ірина,Бойко,iryna.boyko@student.org,2006,5,1,MGA-91,28.59,38(066)97-13-174
Федір,Шевчук,fedir.shevchuk1@student.org,1982,3,13,YRF-84,55.99,38(095)87-78-898
Костянтин,Лисенко,kostyantyn.lysenko3@student.org,1986,2,27,SFZ-68,20.0,38(095)27-58-571
Василь,Зайцев,vasyl.zaytsev@student.org,1976,10,6,KTX-32,66.88,38(096)59-85-440
Євгенія,Никоненко,yevheniya.nykonenko2@student.org,1972,2,4,IKQ-97,91.13,38(097)77-31-477
Олена,Гайдук,olena.hayduk2@student.org,1962,8,30,YGT-43,71.02,38(099)69-33-696
Богдан,Шевчук,bohdan.shevchuk1@student.org,1962,11,20,QAV-23,47.17,38(067)36-10-831
Оксана,Стельмах,oksana.stelmakh4@student.org,2005,9,4,MTH-56,10.92,38(098)33-82-982
Юлія,Василенко,yuliya.vasylenko3@student.org,1980,1,19,LSK-20,82.29,38(066)41-48-490
Катерина,Литвин,kateryna.lytvyn1@student.org,1977,12,9,ISW-32,27.38,38(098)34-25-239
Ігор,Рибак,ihor.rybak1@student.org,1975,6,3,PRZ-76,38.75,38(063)43-80-834
Григорій,Скрипка,hryhoriy.skrypka4@student.org,1976,8,14,LCO-47,86.48,38(098)46-61-337
Володимир,Василенко,volodymyr.vasylenko2@student.org,1957,4,8,ZTV-62,16.49,38(093)25-49-368
Петро,Захарченко,petro.zakharchenko3@student.org,1999,5,26,MQR-17,64.27,38(099)48-51-249
Максим,Ткаченко,maksym.tkachenko3@student.org,1970,3,26,SXV-80,2.45,38(066)91-94-241
Раїса,Гайдук,rayisa.hayduk2@student.org,2007,12,1,IHM-97,67.07,38(063)89-85-680
Денис,Козлов,denys.kozlov2@student.org,2002,8,23,GKV-72,65.08,38(063)26-76-462
Василь,Руденко,vasyl.rudenko3@student.org,1965,6,5,AEX-67,3.96,38(093)64-92-302
Лариса,Бойко,larysa.boyko1@student.org,1988,12,3,GMZ-76,53.6,38(093)47-90-925
Сергій,Демченко,serhiy.demchenko1@student.org,1967,7,1,TLV-60,25.12,38(073)16-94-322
Раїса,Бойко,rayisa.boyko@student.org,1971,4,14,SDA-23,46.77,38(095)78-83-891
Оксана,Ковальчук,oksana.kovalchuk2@student.org,1957,4,20,EGK-32,12.12,38(050)37-54-367
Лариса,Бойко,larysa.boyko2@student.org,2002,7,10,DEP-23,71.96,38(098)58-15-223
Іван,Стельмах,ivan.stelmakh1@student.org,1957,4,6,BQX-91,78.09,38(096)47-95-217
Василь,Михайленко,vasyl.mykhaylenko@student.org,2002,10,20,CAL-70,73.79,38(097)39-44-368
Галина,Авраменко,halyna.avramenko1@student.org,1974,2,14,RBW-48,82.08,38(097)48-74-947
Надія,Скрипка,nadiya.skrypka1@student.org,2001,8,12,GMH-87,58.64,38(050)29-65-172
Сергій,Савченко,serhiy.savchenko2@student.org,1994,9,20,PRQ-98,65.66,38(063)52-42-184
Алла,Стельмах,alla.stelmakh1@student.org,1985,4,3,YFT-65,19.65,38(050)71-76-758
Остап,Литвин,ostap.lytvyn2@student.org,1961,8,6,TEN-40,70.48,38(063)59-14-620
Олександр,Гладко,oleksandr.hladko3@student.org,1998,4,6,RMP-28,0.95,38(063)40-41-390
Григорій,Литвин,hryhoriy.lytvyn@student.org,2003,6,11,ABS-69,2.28,38(063)46-83-760
Катерина,Новік,kateryna.novik2@student.org,1979,7,12,WSN-52,13.49,38(099)82-26-669
Тетяна,Новік,tetyana.novik4@student.org,1993,6,18,USJ-99,34.56,38(063)36-86-192
Іван,Козлов,ivan.kozlov1@student.org,1951,10,1,GKV-64,66.64,38(095)98-19-677
Надія,Михайленко,nadiya.mykhaylenko2@student.org,2003,10,4,OAL-14,7.68,38(066)42-52-369
Богдан,Гриценко,bohdan.hrytsenko2@student.org,1961,9,8,ELW-50,79.23,38(066)31-91-487
Артем,Левченко,artem.levchenko1@student.org,1953,5,9,ZKJ-23,89.84,38(068)84-23-354
Юлія,Гордієнко,yuliya.hordiyenko4@student.org,1979,5,24,UBB-90,96.26,38(067)33-68-402
Денис,Поліщук,denys.polishchuk7@student.org,1981,3,4,KHV-79,28.26,38(097)85-98-925
Володимир,Павленко,volodymyr.pavlenko1@student.org,1957,2,16,WUH-91,31.2,38(050)97-74-780
Денис,Козлов,denys.kozlov3@student.org,1986,6,10,MEN-75,91.23,38(099)26-31-385
Любов,Никоненко,lyubov.nykonenko@student.org,1962,11,5,GGI-68,15.11,38(063)17-66-268
Віктор,Литвин,viktor.lytvyn4@student.org,1965,8,11,EET-93,33.19,38(073)10-94-318
Олена,Лебедь,olena.lebed2@student.org,1973,4,26,QFF-13,4.52,38(096)27-18-901
Андрій,Новік,andriy.novik1@student.org,1965,9,16,HDO-12,59.63,38(067)91-94-134
Остап,Гордієнко,ostap.hordiyenko1@student.org,1975,2,8,DMW-46,97.93,38(093)70-32-232
Євгенія,Савченко,yevheniya.savchenko2@student.org,1951,1,29,OZJ-32,99.13,38(097)44-29-683
Роман,Савченко,roman.savchenko3@student.org,1987,8,3,FDW-31,12.86,38(050)46-35-919
Світлана,Коваль,svitlana.koval1@student.org,1997,9,18,SAY-79,82.31,38(067)12-52-268
Володимир,Шаповал,volodymyr.shapoval1@student.org,1994,10,11,CAV-29,73.43,38(073)98-38-310
Ірина,Бойко,iryna.boyko1@student.org,2008,1,6,FDO-98,93.86,38(098)82-10-328
Юрій,Коваль,yuriy.koval@student.org,1960,1,31,TXU-28,67.98,38(099)57-27-207
Андрій,Кузьменко,andriy.kuzmenko1@student.org,1956,6,5,QYI-65,8.95,38(097)99-47-779
Максим,Шевчук,maksym.shevchuk1@student.org,1967,8,8,QLR-17,5.54,38(098)15-13-480
Олеся,Іваненко,olesya.ivanenko2@student.org,1980,6,28,OOA-51,84.54,38(095)47-62-922
Оксана,Авраменко,oksana.avramenko6@student.org,2008,4,20,WYP-81,95.9,38(098)36-26-495
Василь,Коваль,vasyl.koval4@student.org,1981,4,2,QMP-15,25.01,38(068)97-19-573
Роман,Поліщук,roman.polishchuk3@student.org,1968,3,19,XUZ-50,77.43,38(099)50-64-121
Григорій,Савченко,hryhoriy.savchenko1@student.org,2003,10,31,UDO-35,65.25,38(095)33-72-252
Інна,Стельмах,inna.stelmakh@student.org,1970,6,14,VMR-66,21.37,38(098)92-55-917
Любов,Коваль,lyubov.koval2@student.org,1988,8,3,FKA-38,7.74,38(096)40-77-674
Дмитро,Кузьменко,dmytro.kuzmenko@student.org,1970,5,13,KLC-69,95.27,38(066)83-87-171
Остап,Руденко,ostap.rudenko4@student.org,1963,11,7,LEY-28,78.21,38(073)29-50-993
Ігор,Стельмах,ihor.stelmakh2@student.org,1979,4,15,ITX-35,47.62,38(099)36-26-426
Іван,Лисенко,ivan.lysenko2@student.org,1961,4,4,FER-19,6.13,38(098)72-55-556
Євгенія,Шевчук,yevheniya.shevchuk@student.org,1954,4,4,VFX-41,25.88,38(099)27-30-402
Артем,Білоус,artem.bilous5@student.org,1970,4,10,IAU-55,7.75,38(068)79-12-997
Марія,Ковальчук,mariya.kovalchuk4@student.org,1959,7,20,MLX-37,88.49,38(073)85-24-543
Ірина,Іваненко,iryna.ivanenko3@student.org,1955,9,3,ESG-16,20.72,38(066)57-25-646
Ірина,Стельмах,iryna.stelmakh3@student.org,1972,11,23,FCC-48,37.6,38(097)44-80-378
Анна,Зайцев,anna.zaytsev1@student.org,2008,4,5,UKC-88,9.9,38(063)26-18-694
Андрій,Цимбал,andriy.tsymbal3@student.org,1991,11,3,PTJ-45,26.59,38(063)86-14-553
Алла,Коваленко,alla.kovalenko@student.org,1987,4,15,EDM-79,2.07,38(097)77-43-620
Костянтин,Кузьменко,kostyantyn.kuzmenko2@student.org,1973,7,22,XQV-48,70.21,38(073)74-54-856
Оксана,Авраменко,oksana.avramenko7@student.org,2009,8,21,ZRB-31,51.4,38(073)99-79-993
Костянтин,Цимбал,kostyantyn.tsymbal2@student.org,2004,8,7,YYU-56,12.71,38(098)15-18-792
Ірина,Білоус,iryna.bilous3@student.org,1997,10,25,JKD-11,21.26,38(067)79-21-580
Максим,Зайцев,maksym.zaytsev3@student.org,1962,9,2,VQV-62,23.35,38(096)20-48-858
Іван,Король,ivan.korol@student.org,1985,10,23,DZQ-44,38.47,38(099)79-37-304
Роман,Мельник,roman.melnyk4@student.org,2005,3,9,ZUX-74,76.58,38(050)42-35-111
Євгенія,Коваленко,yevheniya.kovalenko@student.org,1998,11,23,HEG-68,65.24,38(063)53-10-413
Валентина,Захарченко,valentyna.zakharchenko4@student.org,1970,10,15,DNB-46,0.02,38(097)95-51-427
Денис,Гончаренко,denys.honcharenko3@student.org,1986,11,27,RPD-14,89.26,38(063)78-21-874
Інна,Лисенко,inna.lysenko1@student.org,1957,9,11,YNB-41,77.81,38(073)13-38-188
Роман,Руденко,roman.rudenko7@student.org,1965,9,17,SJL-57,71.97,38(099)99-37-315
Ганна,Новік,hanna.novik4@student.org,1950,11,1,ZAA-80,28.19,38(098)37-56-913
Роман,Литвин,roman.lytvyn3@student.org,1997,12,16,YBJ-70,29.01,38(067)72-99-183
Тарас,Шевченко,taras.shevchenko1@student.org,1958,6,1,NZU-67,73.5,38(095)67-66-559
Павло,Михайленко,pavlo.mykhaylenko1@student.org,2002,9,24,UEM-41,38.02,38(063)55-82-897
Артем,Руденко,artem.rudenko2@student.org,1950,10,4,BOC-17,61.45,38(096)47-66-812
Надія,Гриценко,nadiya.hrytsenko1@student.org,1977,6,11,BWA-26,37.84,38(068)84-45-169
Надія,Макаренко,nadiya.makarenko@student.org,2002,12,19,QEU-60,18.05,38(067)96-90-773
Алла,Авраменко,alla.avramenko1@student.org,1995,5,7,GSW-97,61.26,38(093)22-29-577
Ярослав,Романенко,yaroslav.romanenko@student.org,1956,7,1,RGV-24,67.65,38(063)67-68-511
Роман,Омельченко,roman.omelchenko2@student.org,1993,6,10,LJE-36,58.2,38(050)68-94-270
Світлана,Демченко,svitlana.demchenko2@student.org,1969,7,28,WAM-82,35.69,38(063)24-79-984
Ірина,Василенко,iryna.vasylenko2@student.org,1974,5,29,QWU-10,8.46,38(063)27-20-762
Дмитро,Захарченко,dmytro.zakharchenko3@student.org,1961,8,1,MJW-29,25.19,38(096)75-87-464
Ярослав,Литвин,yaroslav.lytvyn4@student.org,1959,12,23,CVQ-94,57.0,38(066)95-35-554
Василь,Білоус,vasyl.bilous4@student.org,1952,2,14,CUG-74,14.16,38(097)93-62-196
Юрій,Омельченко,yuriy.omelchenko@student.org,1998,6,2,TCE-54,2.74,38(095)20-67-881
Юрій,Гайдук,yuriy.hayduk@student.org,1999,8,6,UYU-11,41.16,38(073)59-18-114
Інна,Ткаченко,inna.tkachenko2@student.org,1966,5,15,PHW-53,13.18,38(050)86-42-500
Вікторія,Лисенко,viktoriya.lysenko1@student.org,1994,3,23,RHT-51,92.66,38(073)22-52-447
Роман,Коваль,roman.koval10@student.org,1950,12,4,UUU-92,78.78,38(097)61-48-650
Інна,Макаренко,inna.makarenko3@student.org,2005,2,4,ZYM-17,95.36,38(098)23-41-770
Любов,Король,lyubov.korol5@student.org,1967,6,20,HSX-11,31.87,38(050)49-79-148
Лариса,Зайцев,larysa.zaytsev3@student.org,1997,3,4,XAU-61,96.81,38(099)53-35-962
Юлія,Руденко,yuliya.rudenko5@student.org,1985,3,15,ELS-26,76.91,38(063)21-54-707
Раїса,Поліщук,rayisa.polishchuk5@student.org,1964,7,19,JMK-30,20.63,38(097)68-67-158
Людмила,Гладко,lyudmyla.hladko4@student.org,1971,10,22,BFG-16,92.27,38(067)74-63-247
Євгенія,Михайленко,yevheniya.mykhaylenko3@student.org,1996,9,5,FHR-78,49.24,38(050)57-92-396
Олександр,Білоус,oleksandr.bilous1@student.org,1958,12,15,SKG-79,46.57,38(068)86-70-423
Лілія,Михайленко,liliya.mykhaylenko1@student.org,2004,7,2,UOK-28,84.23,38(096)29-88-613
Лариса,Поліщук,larysa.polishchuk2@student.org,1951,3,14,ZTE-88,10.54,38(073)84-49-414
Ганна,Василенко,hanna.vasylenko4@student.org,1974,9,14,KHB-95,72.62,38(097)40-51-393
Василь,Романенко,vasyl.romanenko1@student.org,1999,8,26,VCH-63,68.52,38(093)40-38-605
Роман,Омельченко,roman.omelchenko3@student.org,1999,8,4,LUB-84,4.06,38(099)15-75-997
Григорій,Никоненко,hryhoriy.nykonenko2@student.org,1978,12,15,TOO-39,14.76,38(063)96-72-236
Артем,Левченко,artem.levchenko2@student.org,1956,7,16,MMG-46,31.51,38(093)90-15-405
Лілія,Гладко,liliya.hladko@student.org,1989,2,17,QIO-66,68.34,38(097)52-32-203
Володимир,Макаренко,volodymyr.makarenko2@student.org,1982,3,22,DIH-43,73.81,38(068)88-17-711
Анна,Павленко,anna.pavlenko4@student.org,1986,6,4,FJD-92,84.78,38(096)22-42-526
Станіслав,Мельник,stanislav.melnyk2@student.org,1962,1,3,QQN-96,78.91,38(096)98-22-824
Віталій,Руденко,vitaliy.rudenko2@student.org,1974,5,9,VWY-99,26.14,38(097)64-27-600
Алла,Кузьменко,alla.kuzmenko2@student.org,1976,1,17,NCP-23,51.53,38(093)21-67-722
Денис,Король,denys.korol2@student.org,1964,8,17,PJZ-30,50.84,38(099)36-76-275
Раїса,Гайдук,rayisa.hayduk3@student.org,1987,3,14,YGJ-87,14.59,38(096)51-61-527
Петро,Петренко,petro.petrenko5@student.org,1978,12,3,SKA-63,6.76,38(063)40-20-845
Надія,Гончаренко,nadiya.honcharenko1@student.org,1988,5,17,BOC-17,7.47,38(096)39-65-679
Григорій,Никоненко,hryhoriy.nykonenko3@student.org,2008,12,15,XES-13,38.22,38(050)36-53-624
Лілія,Кравченко,liliya.kravchenko1@student.org,2010,10,29,GBU-57,23.38,38(093)77-27-101
Наталія,Макаренко,nataliya.makarenko3@student.org,1959,12,26,PRZ-76,80.49,38(067)44-84-459
Лілія,Костенко,liliya.kostenko1@student.org,1961,11,5,YDX-28,57.88,38(073)26-24-254
Оксана,Руденко,oksana.rudenko3@student.org,1979,3,16,DOQ-19,81.15,38(068)49-16-421
Ірина,Поліщук,iryna.polishchuk2@student.org,2004,1,5,UGV-63,97.68,38(066)97-94-150
Наталія,Макаренко,nataliya.makarenko4@student.org,2010,3,1,GBT-36,18.69,38(093)14-94-316
Петро,Панченко,petro.panchenko@student.org,2010,1,7,DNB-46,49.98,38(067)50-69-176
Віталій,Дорошенко,vitaliy.doroshenko@student.org,1979,1,12,ONP-69,49.54,38(073)75-92-336
Іван,Романенко,ivan.romanenko1@student.org,2010,5,17,HHI-15,7.87,38(063)52-72-652
Юлія,Ткаченко,yuliya.tkachenko1@student.org,1980,1,4,KQN-92,97.01,38(095)73-45-418
Петро,Король,petro.korol1@student.org,2000,8,29,PRV-65,80.28,38(098)31-20-303
Вікторія,Авраменко,viktoriya.avramenko2@student.org,1957,1,5,IAP-12,48.32,38(066)17-71-382
Федір,Лисенко,fedir.lysenko1@student.org,1983,10,18,SOV-93,62.95,38(067)59-77-706
Василь,Гладко,vasyl.hladko2@student.org,1991,9,30,JOF-77,18.43,38(066)65-40-275
Андрій,Михайленко,andriy.mykhaylenko3@student.org,1953,11,25,IKX-12,85.4,38(093)97-75-752
Тарас,Романенко,taras.romanenko3@student.org,1981,1,15,MSS-44,55.05,38(098)38-91-708
Роман,Кузьменко,roman.kuzmenko4@student.org,1950,4,10,GJP-99,17.44,38(098)99-97-640
Юрій,Петренко,yuriy.petrenko2@student.org,1956,6,13,FCC-48,22.69,38(095)34-86-728
Ярослав,Гладко,yaroslav.hladko3@student.org,1991,2,12,RSZ-66,93.41,38(098)41-37-617
Роман,Лебедь,roman.lebed2@student.org,1992,1,20,XXR-45,14.21,38(067)37-70-613
Євгенія,Козлов,yevheniya.kozlov5@student.org,1996,11,15,JBB-45,53.71,38(066)14-89-820
Марія,Ковальчук,mariya.kovalchuk5@student.org,1993,7,26,KTO-68,54.96,38(050)77-92-676
Василь,Ткаченко,vasyl.tkachenko2@student.org,1980,2,21,MWE-63,17.67,38(063)64-19-977
Роман,Авраменко,roman.avramenko9@student.org,1996,8,18,BUD-55,66.23,38(067)12-61-972
Світлана,Руденко,svitlana.rudenko1@student.org,1983,11,2,DBF-17,92.41,38(066)28-40-779
Ярослав,Кравченко,yaroslav.kravchenko1@student.org,1953,10,10,SQA-22,6.8,38(068)45-69-277
Денис,Ткаченко,denys.tkachenko2@student.org,1963,10,26,XES-22,74.3,38(050)41-94-388
Олександр,Поліщук,oleksandr.polishchuk2@student.org,1968,1,23,HGY-24,15.61,38(095)91-72-933
Віктор,Лисенко,viktor.lysenko1@student.org,1950,7,31,YZE-36,34.96,38(050)88-62-272
Роман,Павленко,roman.pavlenko3@student.org,2000,12,29,IWN-45,17.01,38(073)74-52-139
Валентина,Михайленко,valentyna.mykhaylenko2@student.org,1980,10,19,KDS-55,95.87,38(099)31-47-914
Ярослав,Омельченко,yaroslav.omelchenko2@student.org,1964,12,12,ZDW-22,5.14,38(068)41-38-691
Олександр,Авраменко,oleksandr.avramenko3@student.org,1961,6,28,VQS-43,15.15,38(098)43-87-480
Євгенія,Василенко,yevheniya.vasylenko1@student.org,1953,4,27,SGE-81,51.93,38(063)90-33-151
Роман,Шевченко,roman.shevchenko3@student.org,1993,1,9,KUD-36,14.58,38(050)27-38-862
Наталія,Новік,nataliya.novik2@student.org,1993,2,5,IMZ-70,94.18,38(093)42-29-872
Володимир,Шевченко,volodymyr.shevchenko3@student.org,1959,1,15,EVP-88,54.38,38(095)88-44-439
Олена,Ковальчук,olena.kovalchuk3@student.org,1963,4,12,NFE-51,2.43,38(093)70-63-797
Вікторія,Марченко,viktoriya.marchenko1@student.org,1957,6,27,DFO-81,50.41,38(068)23-28-453
Тетяна,Дорошенко,tetyana.doroshenko1@student.org,2010,11,29,JTW-97,13.3,38(097)41-88-312
Тарас,Стельмах,taras.stelmakh2@student.org,1964,6,22,JUN-56,59.9,38(095)97-75-441
Євгенія,Кравченко,yevheniya.kravchenko4@student.org,1961,11,15,RVV-58,1.9,38(096)88-95-883
Любов,Гладко,lyubov.hladko3@student.org,1980,1,28,EVN-66,11.95,38(097)53-85-592
Любов,Макаренко,lyubov.makarenko3@student.org,1958,7,13,BQR-58,20.31,38(066)62-53-184
Лариса,Демченко,larysa.demchenko4@student.org,2004,10,16,PHC-87,83.85,38(095)87-12-822
Наталія,Павленко,nataliya.pavlenko2@student.org,1988,12,8,BNS-92,96.84,38(068)60-19-446
Оксана,Савченко,oksana.savchenko2@student.org,1990,5,10,FNN-37,97.76,38(066)60-79-576
Ярослав,Лисенко,yaroslav.lysenko@student.org,1975,12,13,XXU-15,35.32,38(068)66-25-680
Михайло,Савченко,mykhaylo.savchenko@student.org,1991,1,17,GDE-63,89.37,38(066)88-93-431
Станіслав,Поліщук,stanislav.polishchuk2@student.org,1965,11,1,BVR-72,62.81,38(066)57-27-563
Анна,Білоус,anna.bilous7@student.org,1977,8,30,WXM-72,30.9,38(063)26-37-731
Михайло,Новік,mykhaylo.novik@student.org,2009,2,23,GOZ-17,10.21,38(098)78-65-997
Валентина,Панченко,valentyna.panchenko2@student.org,1983,4,8,LAK-41,38.76,38(073)12-71-848
Олена,Гончаренко,olena.honcharenko2@student.org,1972,8,22,KGO-40,58.67,38(063)55-43-720
Алла,Шевченко,alla.shevchenko1@student.org,1980,1,6,ENL-15,38.07,38(099)20-17-611
Ярослав,Левченко,yaroslav.levchenko3@student.org,1972,4,7,RIB-13,30.27,38(098)76-58-614
Лариса,Гордієнко,larysa.hordiyenko1@student.org,1978,4,5,WJJ-27,27.81,38(073)96-32-772
Олена,Литвин,olena.lytvyn1@student.org,1957,2,4,MGZ-69,59.98,38(097)78-72-382
Тарас,Козлов,taras.kozlov1@student.org,2000,6,1,WDM-93,6.92,38(095)84-14-323
Анна,Панченко,anna.panchenko2@student.org,1967,7,1,QUS-16,91.62,38(050)85-58-977
Роман,Мельник,roman.melnyk5@student.org,1973,9,11,ZTE-88,73.4,38(063)44-13-272
Роман,Омельченко,roman.omelchenko4@student.org,1991,10,10,ARJ-88,53.59,38(097)71-41-833
Остап,Мельник,ostap.melnyk3@student.org,1958,10,21,VFH-18,46.51,38(099)40-15-572
Анна,Гончаренко,anna.honcharenko2@student.org,1958,10,3,MKE-32,68.45,38(097)97-44-858
Віктор,Король,viktor.korol1@student.org,1992,8,18,SQJ-34,43.28,38(050)93-92-150
Павло,Руденко,pavlo.rudenko@student.org,1953,10,3,YJP-42,50.17,38(096)27-49-983
Андрій,Костенко,andriy.kostenko4@student.org,1978,3,13,ZNU-98,91.81,38(096)48-68-362
Тетяна,Мельник,tetyana.melnyk3@student.org,1958,10,16,NWC-21,3.04,38(097)51-48-134
Тетяна,Левченко,tetyana.levchenko2@student.org,1999,1,13,CNH-77,54.45,38(097)76-27-426
Лариса,Білоус,larysa.bilous3@student.org,1972,6,17,TLV-60,1.6,38(096)85-28-125
Ганна,Новік,hanna.novik5@student.org,1970,6,17,XKB-28,77.46,38(097)55-79-651
Світлана,Шаповал,svitlana.shapoval1@student.org,1973,10,11,RZK-79,67.31,38(098)54-50-461
Григорій,Шаповал,hryhoriy.shapoval3@student.org,1981,11,4,NDH-84,13.64,38(068)15-92-971
Олеся,Петренко,olesya.petrenko2@student.org,1976,12,4,YQN-19,76.39,38(097)32-77-439
Артем,Кравченко,artem.kravchenko2@student.org,1959,6,5,LSK-20,46.95,38(073)53-57-625
Петро,Петренко,petro.petrenko6@student.org,2003,4,5,PMS-38,20.6,38(097)79-76-878
Тетяна,Дорошенко,tetyana.doroshenko2@student.org,2002,7,16,FFL-16,38.94,38(068)42-68-322
Любов,Рибак,lyubov.rybak5@student.org,1983,7,28,DHI-18,86.31,38(093)97-40-669
Роман,Гордієнко,roman.hordiyenko5@student.org,1995,3,28,EFW-48,79.55,38(095)93-83-144
Валентина,Поліщук,valentyna.polishchuk1@student.org,1953,10,13,PRG-45,14.69,38(098)11-17-294
Роман,Шаповал,roman.shapoval3@student.org,1959,9,23,QYI-65,13.01,38(068)21-49-303
Ігор,Макаренко,ihor.makarenko1@student.org,1984,8,31,EQI-19,88.82,38(050)91-93-216
Алла,Руденко,alla.rudenko@student.org,1955,3,14,IKU-70,98.34,38(067)84-62-680
Лариса,Король,larysa.korol1@student.org,1954,5,16,IGA-50,96.83,38(099)87-30-472
Світлана,Зайцев,svitlana.zaytsev3@student.org,2006,8,6,KFS-31,33.65,38(097)83-34-110
Роман,Шевченко,roman.shevchenko4@student.org,1954,9,26,XLD-74,11.56,38(096)59-68-234
Юлія,Козлов,yuliya.kozlov1@student.org,1957,10,31,TQW-12,77.4,38(068)46-14-415
Михайло,Костенко,mykhaylo.kostenko2@student.org,1967,10,27,SQV-66,97.92,38(099)27-67-586
Андрій,Кравченко,andriy.kravchenko@student.org,1977,11,22,WQO-20,5.31,38(098)90-83-554
Галина,Новік,halyna.novik2@student.org,1968,9,16,CCX-54,31.57,38(093)53-16-907
Вікторія,Гордієнко,viktoriya.hordiyenko@student.org,2004,5,17,DOZ-87,91.28,38(095)41-60-619
Тетяна,Марченко,tetyana.marchenko2@student.org,1970,9,25,YFT-65,73.33,38(068)40-24-476
Ірина,Дорошенко,iryna.doroshenko3@student.org,2002,4,11,LSM-41,14.24,38(099)31-22-227
Віталій,Костенко,vitaliy.kostenko1@student.org,1963,5,4,XSH-42,63.28,38(063)33-78-627
Олеся,Макаренко,olesya.makarenko4@student.org,1979,6,2,GGP-43,74.95,38(095)35-17-880
Наталія,Макаренко,nataliya.makarenko5@student.org,1969,12,4,PHN-70,20.67,38(068)69-80-651
Олена,Іваненко,olena.ivanenko3@student.org,1979,2,14,OJE-51,51.14,38(099)64-63-802
Галина,Романенко,halyna.romanenko@student.org,2005,8,12,OLU-72,43.47,38(097)30-54-914
Володимир,Петренко,volodymyr.petrenko3@student.org,1980,12,29,VEZ-89,8.24,38(073)82-35-310
Наталія,Павленко,nataliya.pavlenko3@student.org,1957,9,15,OCB-38,92.84,38(097)78-47-306
Олександр,Захарченко,oleksandr.zakharchenko2@student.org,1978,2,10,HDV-44,71.27,38(096)19-15-108
Федір,Левченко,fedir.levchenko1@student.org,2007,3,3,MZL-99,65.72,38(068)20-90-596
Олена,Михайленко,olena.mykhaylenko3@student.org,1985,12,10,TME-57,50.13,38(066)80-64-619
Костянтин,Павленко,kostyantyn.pavlenko3@student.org,1981,5,25,WSN-52,0.81,38(097)43-63-104
Максим,Кузьменко,maksym.kuzmenko1@student.org,1997,8,18,RHE-83,60.26,38(093)68-74-276
Юрій,Коваленко,yuriy.kovalenko3@student.org,1984,2,23,PGD-98,4.12,38(096)53-68-221
Ганна,Іваненко,hanna.ivanenko5@student.org,1973,3,30,XGP-48,45.14,38(066)40-60-735
Костянтин,Омельченко,kostyantyn.omelchenko@student.org,1961,2,6,JRA-33,95.81,38(099)59-32-572
Юлія,Козлов,yuliya.kozlov2@student.org,1987,7,3,MCT-69,3.86,38(063)80-78-682
Тарас,Коваль,taras.koval@student.org,1955,9,10,NRN-31,62.98,38(096)29-96-268
Максим,Гайдук,maksym.hayduk2@student.org,1992,2,9,WAI-98,33.28,38(050)82-86-135
Марія,Козлов,mariya.kozlov@student.org,1972,9,22,RIB-13,87.74,38(067)46-34-792
Тетяна,Поліщук,tetyana.polishchuk1@student.org,1977,1,17,GHV-60,38.81,38(067)71-65-697
Петро,Гордієнко,petro.hordiyenko2@student.org,1971,11,11,KQV-25,63.03,38(097)67-87-555
Раїса,Гладко,rayisa.hladko1@student.org,1953,9,19,JFG-15,14.82,38(050)88-81-528
Вікторія,Демченко,viktoriya.demchenko2@student.org,1967,4,25,SLR-72,94.18,38(097)18-18-406
Інна,Ткаченко,inna.tkachenko3@student.org,1970,5,13,TWY-17,45.27,38(099)76-33-141
Андрій,Лисенко,andriy.lysenko3@student.org,2002,3,3,GYV-19,95.82,38(095)19-71-718
Галина,Кузьменко,halyna.kuzmenko@student.org,1995,11,11,WIC-44,28.55,38(063)18-85-506
Олеся,Омельченко,olesya.omelchenko3@student.org,1953,2,16,TTB-62,15.12,38(097)47-71-461
Тетяна,Руденко,tetyana.rudenko2@student.org,1975,6,14,IAK-13,85.74,38(097)89-27-543
Григорій,Кравченко,hryhoriy.kravchenko@student.org,1981,5,18,RWB-34,98.18,38(068)32-74-524
Андрій,Руденко,andriy.rudenko2@student.org,1952,12,10,UOK-28,76.23,38(096)90-32-681
Денис,Руденко,denys.rudenko2@student.org,1988,5,26,IEO-95,80.39,38(068)17-29-625
Денис,Цимбал,denys.tsymbal4@student.org,2010,3,25,FRR-86,78.52,38(050)79-97-898
Остап,Марченко,ostap.marchenko1@student.org,1972,5,8,WSM-21,27.1,38(068)81-37-268
Валентина,Павленко,valentyna.pavlenko7@student.org,1977,12,2,RRT-21,17.23,38(096)15-11-784
Лілія,Ткаченко,liliya.tkachenko@student.org,1993,7,25,RNW-32,24.79,38(093)58-36-979
Володимир,Панченко,volodymyr.panchenko@student.org,1959,5,15,ASN-20,96.58,38(050)69-39-803
Сергій,Гайдук,serhiy.hayduk3@student.org,1999,6,11,GPQ-92,44.42,38(068)57-14-393
Ігор,Кравченко,ihor.kravchenko@student.org,1967,9,12,YBH-23,16.51,38(095)14-64-823
Андрій,Новік,andriy.novik2@student.org,1956,6,18,XKE-48,78.94,38(097)13-94-332
Юлія,Павленко,yuliya.pavlenko1@student.org,1981,6,1,HRA-75,48.22,38(068)61-69-756
Алла,Шевчук,alla.shevchuk2@student.org,1991,2,13,MFA-70,5.99,38(068)26-86-856
Лілія,Бойко,liliya.boyko2@student.org,1963,3,8,AKB-43,99.09,38(073)70-92-537
Григорій,Ковальчук,hryhoriy.kovalchuk3@student.org,1987,10,31,MTJ-31,12.89,38(063)24-85-335
Павло,Кравченко,pavlo.kravchenko1@student.org,1961,11,12,PPK-58,94.64,38(067)50-53-823
Андрій,Кузьменко,andriy.kuzmenko2@student.org,2010,8,21,WBM-20,39.54,38(068)62-22-109
Денис,Костенко,denys.kostenko@student.org,1969,11,28,FOB-24,47.17,38(050)19-20-230
Олеся,Поліщук,olesya.polishchuk3@student.org,1974,5,11,FWO-86,43.12,38(097)61-99-249
Анна,Скрипка,anna.skrypka2@student.org,1957,2,6,NNS-51,52.78,38(068)80-94-396
Максим,Іваненко,maksym.ivanenko2@student.org,1951,12,24,KTG-37,37.58,38(098)39-33-988
Олена,Михайленко,olena.mykhaylenko4@student.org,2010,4,20,QTP-13,78.86,38(050)51-62-222
Максим,Поліщук,maksym.polishchuk1@student.org,2006,2,16,XAP-70,47.01,38(068)73-63-830
Лілія,Гриценко,liliya.hrytsenko2@student.org,2005,12,7,AUV-23,43.87,38(096)56-65-632
Олександр,Король,oleksandr.korol1@student.org,1972,9,26,IIM-96,88.51,38(096)86-21-567
Павло,Литвин,pavlo.lytvyn1@student.org,1999,6,12,XQK-47,14.39,38(097)81-85-932
Василь,Козлов,vasyl.kozlov3@student.org,1995,4,24,TCQ-17,29.78,38(067)17-38-828
Іван,Іваненко,ivan.ivanenko4@student.org,1992,10,29,LHA-33,98.02,38(099)25-21-696
Павло,Скрипка,pavlo.skrypka@student.org,2001,4,11,VPR-18,96.78,38(097)15-10-971
Олена,Савченко,olena.savchenko1@student.org,2002,2,22,ESH-14,14.01,38(096)24-57-290
Костянтин,Гриценко,kostyantyn.hrytsenko1@student.org,2000,6,13,EBW-43,72.69,38(067)41-21-237
Віктор,Петренко,viktor.petrenko1@student.org,1969,9,27,CLA-41,51.44,38(067)76-69-317
Лариса,Авраменко,larysa.avramenko1@student.org,2002,4,13,KHT-45,96.79,38(095)59-70-910
Володимир,Король,volodymyr.korol2@student.org,1993,4,30,YXU-80,88.02,38(093)76-15-662
Олена,Бойко,olena.boyko1@student.org,2003,2,14,ZAC-25,13.99,38(067)93-14-460
Надія,Литвин,nadiya.lytvyn3@student.org,1985,9,8,YBG-25,16.15,38(063)10-45-896
Сергій,Іваненко,serhiy.ivanenko2@student.org,1997,3,27,LKI-56,35.9,38(050)98-76-840
Раїса,Павленко,rayisa.pavlenko1@student.org,1994,7,21,MWH-11,56.32,38(099)17-14-857
Вікторія,Захарченко,viktoriya.zakharchenko2@student.org,2000,2,15,RGT-40,59.03,38(097)45-52-269
Роман,Шаповал,roman.shapoval4@student.org,2005,1,17,XYL-63,66.0,38(073)55-33-583
Іван,Шаповал,ivan.shapoval5@student.org,1966,8,8,GHH-18,7.54,38(096)79-38-158
Лілія,Гриценко,liliya.hrytsenko3@student.org,1953,11,25,XXR-45,57.27,38(068)20-38-122
Денис,Павленко,denys.pavlenko3@student.org,1952,5,24,OVL-88,89.54,38(063)33-52-264
Петро,Костенко,petro.kostenko1@student.org,1962,9,19,BGI-16,0.17,38(097)42-52-312
Остап,Авраменко,ostap.avramenko3@student.org,1991,9,27,XON-85,17.78,38(050)77-46-512
Віктор,Ковальчук,viktor.kovalchuk2@student.org,1980,4,6,FUK-47,96.59,38(067)89-90-881
Оксана,Новік,oksana.novik2@student.org,1979,10,1,XTY-33,63.5,38(067)13-54-990
Роман,Савченко,roman.savchenko4@student.org,2000,11,6,IWC-14,21.79,38(066)80-85-236
Олександр,Білоус,oleksandr.bilous2@student.org,1970,6,4,ZTN-88,59.4,38(068)29-92-350
Людмила,Цимбал,lyudmyla.tsymbal1@student.org,1975,9,13,EIA-21,0.07,38(067)47-51-212
Олена,Захарченко,olena.zakharchenko4@student.org,1970,6,20,IFB-80,53.55,38(068)83-15-202
Алла,Гончаренко,alla.honcharenko2@student.org,1994,2,7,BXM-85,72.89,38(098)14-59-190
Денис,Левченко,denys.levchenko@student.org,2009,4,3,DEK-63,81.51,38(098)40-64-954
Світлана,Новік,svitlana.novik1@student.org,1979,4,2,EIP-13,70.92,38(099)99-82-984
Артем,Омельченко,artem.omelchenko1@student.org,1997,7,22,RUZ-93,62.75,38(095)26-36-436
Сергій,Гриценко,serhiy.hrytsenko3@student.org,1959,2,13,OLL-89,75.94,38(098)80-19-480
Наталія,Гордієнко,nataliya.hordiyenko4@student.org,1972,8,2,GQB-11,28.8,38(063)37-90-244
Лілія,Никоненко,liliya.nykonenko5@student.org,2007,6,29,MTQ-35,84.85,38(067)67-99-837
Роман,Поліщук,roman.polishchuk4@student.org,2006,10,31,QPN-10,79.43,38(073)11-25-342
Вікторія,Кузьменко,viktoriya.kuzmenko4@student.org,1977,6,19,OZJ-32,37.22,38(095)71-23-494
Віталій,Авраменко,vitaliy.avramenko3@student.org,1967,7,15,NNG-38,34.13,38(063)91-34-763
Станіслав,Левченко,stanislav.levchenko5@student.org,1970,9,24,JXA-39,34.2,38(050)90-58-720
Костянтин,Ковальчук,kostyantyn.kovalchuk6@student.org,2005,12,17,EVE-77,54.48,38(095)97-89-948
Людмила,Мельник,lyudmyla.melnyk3@student.org,1959,11,15,DLN-14,29.48,38(066)42-32-730
Василь,Омельченко,vasyl.omelchenko1@student.org,2003,5,20,ASQ-34,23.05,38(066)19-85-288
Тарас,Лебедь,taras.lebed@student.org,1978,4,24,LOF-96,52.69,38(063)84-11-973
Василь,Лебедь,vasyl.lebed4@student.org,1950,6,26,UPB-76,92.79,38(095)97-94-751
Юлія,Лисенко,yuliya.lysenko3@student.org,2001,5,29,IXL-95,41.15,38(073)87-29-395
Віктор,Коваленко,viktor.kovalenko1@student.org,1977,8,17,RMA-94,85.41,38(098)38-37-276
Інна,Омельченко,inna.omelchenko3@student.org,1995,4,12,LLO-67,28.73,38(096)42-44-506
Ірина,Захарченко,iryna.zakharchenko@student.org,2005,8,12,ZIL-83,47.01,38(063)35-20-455
Галина,Романенко,halyna.romanenko1@student.org,1978,4,26,WJH-88,32.65,38(093)83-75-435
Євгенія,Литвин,yevheniya.lytvyn@student.org,1993,5,20,UQF-26,33.69,38(093)80-48-531
Наталія,Ткаченко,nataliya.tkachenko4@student.org,2005,8,28,THD-37,64.66,38(095)17-29-993
Олександр,Поліщук,oleksandr.polishchuk3@student.org,1979,6,3,JEO-89,99.06,38(073)47-28-882
Лариса,Гордієнко,larysa.hordiyenko2@student.org,1995,8,5,BHY-49,6.3,38(093)94-59-147
Артем,Гайдук,artem.hayduk2@student.org,1993,7,29,FCT-16,93.29,38(098)58-88-603
Надія,Гордієнко,nadiya.hordiyenko1@student.org,2004,5,22,AXP-53,7.13,38(073)85-59-639
Богдан,Мельник,bohdan.melnyk@student.org,1994,6,16,PGD-98,52.22,38(096)68-45-413
Роман,Король,roman.korol4@student.org,1968,5,21,YFX-15,83.47,38(063)36-31-218
Олена,Лебедь,olena.lebed3@student.org,1983,11,26,HGY-24,31.59,38(066)12-48-432
Олена,Лисенко,olena.lysenko1@student.org,1962,8,11,EPE-94,85.36,38(066)24-54-684
Роман,Омельченко,roman.omelchenko5@student.org,1981,5,25,BEL-44,32.03,38(096)39-56-582
Ігор,Бойко,ihor.boyko2@student.org,1979,2,2,ASN-20,14.84,38(093)81-60-480
Сергій,Левченко,serhiy.levchenko3@student.org,1960,9,23,WMA-83,38.22,38(093)47-76-507
Наталія,Гайдук,nataliya.hayduk1@student.org,1986,5,31,FDW-31,27.4,38(067)13-94-327
Вікторія,Бойко,viktoriya.boyko3@student.org,2008,11,1,RAD-85,38.54,38(050)88-59-510
Галина,Кравченко,halyna.kravchenko1@student.org,1981,8,8,LDP-84,29.24,38(073)11-84-416
Богдан,Марченко,bohdan.marchenko4@student.org,1950,3,4,KLV-90,16.7,38(098)57-89-553
Лілія,Гайдук,liliya.hayduk2@student.org,2008,2,7,DID-97,33.65,38(073)90-23-556
Ірина,Король,iryna.korol2@student.org,1961,11,7,YXU-80,5.38,38(093)54-49-747
Ганна,Литвин,hanna.lytvyn@student.org,1954,6,9,HLB-90,93.49,38(099)39-50-536
Артем,Коваль,artem.koval6@student.org,1964,11,29,QQI-98,59.38,38(068)57-11-441
Ярослав,Кузьменко,yaroslav.kuzmenko4@student.org,1963,2,9,JGN-61,51.54,38(099)24-53-785
Артем,Кравченко,artem.kravchenko3@student.org,1952,2,21,XEW-63,24.42,38(068)28-31-762
Вікторія,Костенко,viktoriya.kostenko1@student.org,1964,6,7,IPW-90,63.22,38(096)68-83-861
Артем,Омельченко,artem.omelchenko2@student.org,1966,1,27,OYN-14,36.78,38(093)56-97-177
Станіслав,Бойко,stanislav.boyko1@student.org,1999,5,19,ARH-17,5.62,38(063)43-34-560
Євгенія,Василенко,yevheniya.vasylenko2@student.org,1969,7,26,AIE-17,45.8,38(063)51-51-436
Станіслав,Михайленко,stanislav.mykhaylenko2@student.org,1964,11,17,VXV-83,97.72,38(066)55-59-131
Максим,Михайленко,maksym.mykhaylenko1@student.org,1976,6,7,ADY-76,10.36,38(096)74-93-287
Тетяна,Козлов,tetyana.kozlov3@student.org,1964,3,13,RMI-93,87.09,38(050)87-25-245
Валентина,Гончаренко,valentyna.honcharenko1@student.org,1994,10,5,LNC-34,66.93,38(068)75-70-515
Дмитро,Гладко,dmytro.hladko3@student.org,1975,9,2,DDU-91,53.51,38(099)26-48-982
Галина,Король,halyna.korol5@student.org,1972,7,7,ZWS-20,48.37,38(095)19-69-839
Володимир,Демченко,volodymyr.demchenko1@student.org,1957,3,2,JCM-58,44.2,38(099)95-50-964
Богдан,Петренко,bohdan.petrenko4@student.org,1959,2,21,MFJ-28,86.65,38(093)64-59-899
Роман,Гриценко,roman.hrytsenko2@student.org,1974,8,15,XEO-41,77.39,38(066)47-17-754
Любов,Король,lyubov.korol6@student.org,1954,8,29,LSK-20,73.02,38(098)76-64-430
Дмитро,Макаренко,dmytro.makarenko2@student.org,2006,7,24,ZVG-31,54.76,38(099)60-86-464
Роман,Зайцев,roman.zaytsev5@student.org,1956,1,19,YQK-74,8.9,38(093)41-32-734
Тетяна,Гайдук,tetyana.hayduk5@student.org,2008,9,21,TMW-90,3.08,38(093)19-86-565
Іван,Гайдук,ivan.hayduk5@student.org,1964,5,15,RDJ-77,13.16,38(067)68-73-934
Ярослав,Коваль,yaroslav.koval@student.org,1987,12,1,CXY-75,38.82,38(093)22-47-296
Іван,Демченко,ivan.demchenko@student.org,2003,1,25,IXH-86,20.93,38(096)58-32-254
Раїса,Василенко,rayisa.vasylenko1@student.org,1954,5,11,RGZ-76,90.8,38(066)66-68-361
Алла,Макаренко,alla.makarenko1@student.org,1990,10,9,WLD-29,99.77,38(093)95-99-463
Тетяна,Шевчук,tetyana.shevchuk2@student.org,1962,7,6,WMG-91,92.89,38(097)95-71-195
Марія,Гриценко,mariya.hrytsenko4@student.org,1995,11,22,ELD-34,73.7,38(050)22-33-503
Олена,Дорошенко,olena.doroshenko4@student.org,1995,4,9,YPH-18,45.5,38(050)18-24-929
Василь,Гончаренко,vasyl.honcharenko@student.org,1997,8,26,IBI-10,40.55,38(096)71-42-934
Іван,Авраменко,ivan.avramenko3@student.org,1967,5,3,CFS-10,43.46,38(068)94-78-841
Марія,Панченко,mariya.panchenko1@student.org,1983,12,26,DVN-97,90.23,38(063)97-18-445
Костянтин,Гончаренко,kostyantyn.honcharenko@student.org,1951,5,21,KLQ-94,98.05,38(063)14-88-223
Інна,Гончаренко,inna.honcharenko4@student.org,1952,11,4,ZUK-89,71.02,38(093)58-71-456
Петро,Руденко,petro.rudenko1@student.org,1959,8,16,BYD-52,85.0,38(073)36-97-646
Сергій,Костенко,serhiy.kostenko1@student.org,1979,3,25,FNN-37,38.27,38(063)85-49-452
Ганна,Савченко,hanna.savchenko3@student.org,2007,6,3,JQA-37,24.32,38(098)77-22-222
Тарас,Зайцев,taras.zaytsev1@student.org,1978,7,9,YWM-60,97.75,38(097)41-96-196
Василь,Білоус,vasyl.bilous5@student.org,2010,5,5,SYE-54,3.43,38(073)57-57-825
Оксана,Поліщук,oksana.polishchuk2@student.org,2005,11,30,FSM-99,58.76,38(093)70-70-504
Алла,Левченко,alla.levchenko2@student.org,1991,5,28,NFD-22,62.6,38(067)32-26-366
Василь,Шевчук,vasyl.shevchuk5@student.org,1968,2,17,HPX-46,85.58,38(098)27-51-344
Інна,Авраменко,inna.avramenko1@student.org,1986,7,13,GPU-62,3.07,38(068)57-21-761
Іван,Король,ivan.korol1@student.org,1968,1,5,SIJ-89,24.8,38(066)77-67-944
Любов,Шевченко,lyubov.shevchenko4@student.org,1998,3,8,OND-76,80.6,38(073)75-31-417
Катерина,Демченко,kateryna.demchenko5@student.org,1951,11,1,IVN-17,63.74,38(098)26-42-149
Ігор,Скрипка,ihor.skrypka3@student.org,1957,11,30,KSW-61,2.92,38(099)96-34-930
Богдан,Скрипка,bohdan.skrypka@student.org,1981,12,31,RSL-29,48.76,38(095)51-38-289
Анна,Ковальчук,anna.kovalchuk3@student.org,1966,4,24,WSY-83,99.95,38(097)56-21-142
Анна,Захарченко,anna.zakharchenko4@student.org,1951,6,30,AIY-82,97.1,38(096)41-20-393
Оксана,Никоненко,oksana.nykonenko2@student.org,2000,6,11,QEE-90,51.8,38(096)39-41-178
Олеся,Бойко,olesya.boyko3@student.org,1985,11,20,GSH-49,51.6,38(073)16-13-137
Євгенія,Цимбал,yevheniya.tsymbal3@student.org,1972,3,2,MNV-48,89.11,38(073)93-72-448
Василь,Михайленко,vasyl.mykhaylenko1@student.org,1956,8,1,PRZ-76,77.59,38(099)13-69-585
Денис,Білоус,denys.bilous3@student.org,1953,7,7,VCH-63,90.88,38(099)93-52-274
Артем,Кузьменко,artem.kuzmenko4@student.org,1980,6,21,RTW-75,0.61,38(068)74-41-918
Богдан,Марченко,bohdan.marchenko5@student.org,1990,12,5,TYD-92,21.68,38(067)25-49-402
Галина,Никоненко,halyna.nykonenko1@student.org,2007,1,21,AKO-66,14.69,38(068)91-52-773
Юрій,Скрипка,yuriy.skrypka4@student.org,2006,8,18,IDG-60,40.78,38(095)96-64-127
Юрій,Авраменко,yuriy.avramenko8@student.org,1974,9,14,XSQ-54,15.69,38(050)33-22-109
Юрій,Бойко,yuriy.boyko4@student.org,1969,12,18,FKK-11,91.43,38(067)30-87-957
Галина,Савченко,halyna.savchenko@student.org,1984,3,19,FBD-35,94.01,38(099)60-37-571
Валентина,Бойко,valentyna.boyko6@student.org,1991,9,26,BDR-39,28.35,38(099)42-17-278
Роман,Новік,roman.novik8@student.org,2006,12,22,LZM-73,8.02,38(073)69-14-399
Богдан,Дорошенко,bohdan.doroshenko2@student.org,1970,2,4,JLT-49,36.15,38(067)14-59-992
Олена,Руденко,olena.rudenko2@student.org,1959,2,12,BXO-83,67.18,38(095)61-60-998
Тарас,Гончаренко,taras.honcharenko@student.org,1964,2,23,KIY-99,71.85,38(093)94-98-432
Галина,Павленко,halyna.pavlenko3@student.org,1985,5,6,RAA-82,7.85,38(099)74-97-756
Наталія,Василенко,nataliya.vasylenko2@student.org,1953,8,11,PRG-45,20.19,38(095)15-68-957
Андрій,Лебедь,andriy.lebed3@student.org,1957,7,5,BXV-10,58.86,38(073)89-34-509
Ганна,Бойко,hanna.boyko1@student.org,1976,5,15,BCO-87,18.91,38(097)52-78-157
Людмила,Дорошенко,lyudmyla.doroshenko3@student.org,1952,2,15,BHQ-37,59.17,38(099)92-35-812
Володимир,Омельченко,volodymyr.omelchenko1@student.org,1956,10,2,FWA-78,4.8,38(066)63-84-193
Алла,Макаренко,alla.makarenko2@student.org,1963,10,26,MXQ-57,28.37,38(097)99-59-605
Роман,Захарченко,roman.zakharchenko2@student.org,1963,5,3,MQJ-84,88.31,38(097)33-46-815
Сергій,Марченко,serhiy.marchenko@student.org,2007,7,31,AZM-57,16.02,38(050)78-11-857
Олена,Литвин,olena.lytvyn2@student.org,1961,6,30,OPA-65,88.43,38(098)61-36-961
Костянтин,Дорошенко,kostyantyn.doroshenko2@student.org,1967,7,20,LNW-70,96.04,38(050)67-51-705
Любов,Василенко,lyubov.vasylenko3@student.org,2000,9,11,CVJ-85,83.44,38(050)91-98-648
Михайло,Гриценко,mykhaylo.hrytsenko4@student.org,2000,7,15,VZB-82,75.19,38(068)84-63-999
Віталій,Кравченко,vitaliy.kravchenko5@student.org,1963,4,4,VOF-54,16.46,38(050)64-22-949
Андрій,Ткаченко,andriy.tkachenko2@student.org,1976,10,31,JXN-27,3.61,38(050)93-98-280
Олександр,Бойко,oleksandr.boyko4@student.org,1953,1,17,QQN-96,65.55,38(068)64-46-673
Сергій,Шевчук,serhiy.shevchuk2@student.org,1954,10,21,AWK-54,16.1,38(099)59-29-786
Світлана,Поліщук,svitlana.polishchuk@student.org,1950,2,9,SHY-12,17.1,38(063)47-56-492
Світлана,Гончаренко,svitlana.honcharenko@student.org,1979,2,26,KGT-17,25.86,38(096)48-77-932
Юлія,Козлов,yuliya.kozlov3@student.org,1973,9,9,YJE-70,71.63,38(097)68-11-517
Раїса,Петренко,rayisa.petrenko1@student.org,1998,12,28,NLD-85,69.15,38(095)93-93-606
Людмила,Петренко,lyudmyla.petrenko@student.org,1967,5,1,BPB-17,56.24,38(097)71-70-690
Павло,Кузьменко,pavlo.kuzmenko2@student.org,2008,8,23,UIF-76,6.7,38(095)65-36-105
Остап,Авраменко,ostap.avramenko4@student.org,1973,11,11,XJN-17,21.19,38(097)99-24-352
Валентина,Зайцев,valentyna.zaytsev2@student.org,1958,2,8,UJS-30,59.36,38(095)67-93-176
Петро,Король,petro.korol2@student.org,1981,2,18,XGZ-64,87.17,38(093)48-60-843
Алла,Руденко,alla.rudenko1@student.org,1975,11,23,QMZ-96,86.03,38(099)19-98-135
Оксана,Білоус,oksana.bilous2@student.org,1951,6,4,XMQ-18,37.89,38(073)43-64-745
Остап,Зайцев,ostap.zaytsev@student.org,1967,2,12,FSM-99,72.17,38(095)84-49-788
Сергій,Савченко,serhiy.savchenko3@student.org,1950,2,20,HMA-37,55.45,38(093)71-14-350
Роман,Демченко,roman.demchenko6@student.org,1988,2,19,FYJ-89,87.73,38(050)15-28-960
Світлана,Василенко,svitlana.vasylenko2@student.org,1967,6,21,CSV-42,3.88,38(063)53-37-329
Павло,Захарченко,pavlo.zakharchenko7@student.org,1989,8,5,XTL-68,81.25,38(066)47-82-113
Віталій,Зайцев,vitaliy.zaytsev2@student.org,1960,10,23,HTP-18,52.43,38(073)23-53-119
Світлана,Никоненко,svitlana.nykonenko3@student.org,1961,12,8,OLT-32,44.28,38(068)10-21-395
Павло,Демченко,pavlo.demchenko3@student.org,2009,12,5,ZAI-54,93.21,38(096)56-75-280
Світлана,Шевченко,svitlana.shevchenko2@student.org,1960,6,12,ZIZ-11,29.91,38(098)54-39-971
Любов,Коваленко,lyubov.kovalenko2@student.org,1957,12,10,FUF-83,84.54,38(097)27-25-771
Віталій,Романенко,vitaliy.romanenko3@student.org,1967,4,18,MSL-99,77.56,38(096)64-70-693
Сергій,Костенко,serhiy.kostenko2@student.org,1974,4,18,DKW-52,42.65,38(095)96-14-924
Василь,Цимбал,vasyl.tsymbal2@student.org,1954,6,25,PBA-98,43.94,38(063)99-24-391
Федір,Макаренко,fedir.makarenko@student.org,1982,11,25,EHZ-91,10.3,38(050)97-95-960
Павло,Іваненко,pavlo.ivanenko3@student.org,1975,5,19,RGE-82,99.25,38(063)48-19-245
Євгенія,Коваль,yevheniya.koval@student.org,1981,10,5,PPK-58,80.65,38(098)25-37-356
Федір,Захарченко,fedir.zakharchenko2@student.org,1957,9,5,FVI-58,52.27,38(050)11-38-354
Остап,Поліщук,ostap.polishchuk@student.org,1991,2,18,OKG-48,45.8,38(098)88-21-681
Алла,Демченко,alla.demchenko1@student.org,1974,9,15,AYM-37,89.33,38(093)66-42-779
Олена,Савченко,olena.savchenko2@student.org,1996,9,22,AMP-36,5.13,38(050)26-50-688
Наталія,Павленко,nataliya.pavlenko4@student.org,1969,3,31,XUR-19,17.55,38(097)51-64-534
Олександр,Гайдук,oleksandr.hayduk3@student.org,1976,8,21,ZCT-40,55.32,38(066)68-77-942
Денис,Василенко,denys.vasylenko1@student.org,1974,1,6,EZU-87,87.19,38(096)38-35-451
Роман,Зайцев,roman.zaytsev6@student.org,1952,5,4,TYD-92,36.07,38(066)77-67-366
Людмила,Панченко,lyudmyla.panchenko@student.org,1980,5,16,DCS-11,38.68,38(097)41-95-360
Ярослав,Дорошенко,yaroslav.doroshenko2@student.org,1987,8,29,TER-76,92.52,38(066)30-59-862
Володимир,Коваленко,volodymyr.kovalenko3@student.org,2010,9,23,JTW-97,49.98,38(097)65-42-616
Ганна,Левченко,hanna.levchenko2@student.org,1955,3,31,SJE-25,38.99,38(068)48-24-721
Оксана,Скрипка,oksana.skrypka3@student.org,1979,2,11,LWE-40,33.13,38(095)10-38-642
Тарас,Петренко,taras.petrenko1@student.org,1987,6,1,SJQ-61,95.98,38(097)35-28-265
Богдан,Новік,bohdan.novik3@student.org,1998,7,13,VMY-44,98.41,38(099)68-44-188
Тарас,Панченко,taras.panchenko5@student.org,1959,8,7,WTN-34,33.81,38(096)56-98-560
Роман,Гордієнко,roman.hordiyenko6@student.org,1975,10,26,CHH-90,11.83,38(066)58-16-455
Тарас,Литвин,taras.lytvyn2@student.org,1986,8,26,PKC-90,88.59,38(066)47-24-414
Володимир,Король,volodymyr.korol3@student.org,1968,9,30,WWQ-97,1.18,38(067)52-55-292
Андрій,Коваль,andriy.koval2@student.org,1992,10,6,ESG-16,9.95,38(098)90-73-190
Лариса,Лисенко,larysa.lysenko1@student.org,2002,11,2,UMD-92,68.62,38(063)71-67-538
Михайло,Козлов,mykhaylo.kozlov@student.org,1971,7,2,VHY-90,16.99,38(050)17-88-122
Ігор,Гордієнко,ihor.hordiyenko3@student.org,1951,6,16,VFV-82,50.06,38(050)48-17-591
Станіслав,Цимбал,stanislav.tsymbal4@student.org,1970,5,16,VQV-62,80.06,38(066)21-98-259
Юлія,Поліщук,yuliya.polishchuk@student.org,1956,12,14,NRN-20,63.52,38(050)51-15-932
Тетяна,Петренко,tetyana.petrenko2@student.org,1958,6,24,NLY-95,87.15,38(067)23-70-414
Максим,Левченко,maksym.levchenko3@student.org,1984,9,20,BME-22,43.27,38(066)41-83-915
Віктор,Шаповал,viktor.shapoval2@student.org,1978,9,9,EZL-60,58.83,38(068)62-78-386
Михайло,Козлов,mykhaylo.kozlov1@student.org,1993,6,7,NEQ-74,88.0,38(063)37-30-835
Артем,Дорошенко,artem.doroshenko6@student.org,1993,7,20,BFQ-81,46.69,38(050)27-84-279
Катерина,Авраменко,kateryna.avramenko3@student.org,1986,7,16,BYT-28,55.47,38(096)42-90-967
Тарас,Король,taras.korol1@student.org,1981,5,4,BGD-91,55.54,38(073)32-16-931
Петро,Омельченко,petro.omelchenko2@student.org,1995,4,6,NZA-50,32.21,38(099)95-75-375
Денис,Костенко,denys.kostenko1@student.org,1976,10,9,FCG-69,23.34,38(066)13-55-208
Катерина,Костенко,kateryna.kostenko@student.org,1971,1,13,QXU-83,50.93,38(095)95-83-536
Ярослав,Макаренко,yaroslav.makarenko2@student.org,1954,5,19,GBU-57,76.84,38(063)49-27-535
Василь,Бойко,vasyl.boyko2@student.org,2004,6,2,UYF-19,25.89,38(073)20-40-111
Денис,Руденко,denys.rudenko3@student.org,2005,1,9,MSL-99,27.16,38(067)14-77-747
Федір,Кравченко,fedir.kravchenko4@student.org,1996,11,15,YPH-18,16.89,38(063)45-47-703
Сергій,Іваненко,serhiy.ivanenko3@student.org,1997,1,26,RSL-29,76.92,38(099)53-54-108
Костянтин,Коваленко,kostyantyn.kovalenko1@student.org,1953,9,12,OYN-14,99.71,38(067)92-51-282
Катерина,Лисенко,kateryna.lysenko3@student.org,1968,11,18,KYL-52,14.33,38(097)72-59-690
Іван,Костенко,ivan.kostenko3@student.org,1980,8,4,SQA-42,60.4,38(073)58-70-941
Олеся,Дорошенко,olesya.doroshenko2@student.org,1969,9,14,BMM-15,6.79,38(063)88-41-890
Світлана,Романенко,svitlana.romanenko3@student.org,1975,5,11,GEI-58,5.03,38(063)46-12-117
Валентина,Михайленко,valentyna.mykhaylenko3@student.org,1991,1,23,FZY-89,21.93,38(067)48-49-171
Вера,Поліщук,vera.polishchuk2@student.org,1978,1,14,MNU-19,59.02,38(063)86-83-982
Сергій,Костенко,serhiy.kostenko3@student.org,1975,10,3,ZUL-39,83.16,38(098)16-94-864
Володимир,Левченко,volodymyr.levchenko4@student.org,2005,10,11,YHQ-34,94.99,38(098)97-88-606
Надія,Шевченко,nadiya.shevchenko6@student.org,1974,9,3,TXP-48,94.44,38(095)43-27-231
Раїса,Поліщук,rayisa.polishchuk6@student.org,2005,8,15,ORJ-75,31.67,38(050)31-21-677
Ігор,Авраменко,ihor.avramenko1@student.org,1979,12,20,GNO-68,66.46,38(066)11-25-487
Дмитро,Новік,dmytro.novik3@student.org,1951,2,25,NPM-28,66.54,38(066)63-79-833
Лілія,Коваленко,liliya.kovalenko4@student.org,1981,3,5,MTH-56,32.47,38(093)51-54-564
Вікторія,Поліщук,viktoriya.polishchuk2@student.org,1970,5,23,OOD-97,95.9,38(098)41-82-897
Станіслав,Кузьменко,stanislav.kuzmenko1@student.org,1999,3,9,OFO-14,58.48,38(099)94-64-625
Галина,Дорошенко,halyna.doroshenko1@student.org,1999,9,15,JYV-76,91.67,38(096)70-60-504
Сергій,Новік,serhiy.novik3@student.org,1959,1,12,XNG-54,84.8,38(096)98-68-349
Ірина,Дорошенко,iryna.doroshenko4@student.org,1986,6,4,EJV-66,98.24,38(073)21-69-857
Ірина,Никоненко,iryna.nykonenko1@student.org,1963,11,26,ZPN-87,53.62,38(050)89-96-903
Павло,Шевченко,pavlo.shevchenko3@student.org,1968,11,28,YZE-36,57.05,38(050)32-13-152
Віктор,Панченко,viktor.panchenko7@student.org,1995,7,15,WUB-75,5.13,38(099)92-45-406
Сергій,Романенко,serhiy.romanenko2@student.org,2005,10,20,GYI-25,46.15,38(093)17-53-646
Роман,Кузьменко,roman.kuzmenko5@student.org,2010,9,25,YUS-96,22.5,38(066)53-55-170
Лілія,Макаренко,liliya.makarenko3@student.org,1969,2,7,RDJ-77,62.04,38(099)23-13-281
Вера,Скрипка,vera.skrypka2@student.org,1987,3,16,QPU-55,52.46,38(066)44-70-162
Людмила,Литвин,lyudmyla.lytvyn1@student.org,1976,7,25,HFZ-53,15.8,38(093)54-90-249
Тетяна,Омельченко,tetyana.omelchenko3@student.org,2000,9,21,ZUK-89,28.89,38(097)35-39-636
Тетяна,Захарченко,tetyana.zakharchenko2@student.org,1997,4,6,ATH-73,3.24,38(067)30-95-911
Роман,Марченко,roman.marchenko7@student.org,1987,3,21,RWI-89,71.76,38(095)97-54-808
Катерина,Михайленко,kateryna.mykhaylenko2@student.org,1992,12,9,ZKM-78,32.98,38(099)30-72-515
Надія,Гордієнко,nadiya.hordiyenko2@student.org,1966,2,10,WCO-96,48.36,38(073)66-16-801
Вера,Захарченко,vera.zakharchenko3@student.org,1974,4,9,OLU-87,44.72,38(095)16-11-948
Раїса,Макаренко,rayisa.makarenko2@student.org,1986,10,25,WCV-17,46.04,38(096)32-66-320
Лариса,Захарченко,larysa.zakharchenko1@student.org,1983,10,21,HXP-30,27.8,38(063)44-54-402
Петро,Коваль,petro.koval2@student.org,1960,1,28,TQM-25,51.48,38(097)76-54-729
Галина,Ткаченко,halyna.tkachenko4@student.org,1974,3,3,DVE-54,66.07,38(097)90-35-350
Максим,Литвин,maksym.lytvyn1@student.org,1970,7,2,BWH-21,19.43,38(068)84-36-938
Андрій,Рибак,andriy.rybak@student.org,1952,1,6,SLH-69,43.59,38(099)78-89-167
Андрій,Гриценко,andriy.hrytsenko1@student.org,1978,1,7,BOY-38,53.19,38(068)70-46-811
Надія,Павленко,nadiya.pavlenko1@student.org,1969,12,9,ZMK-51,17.91,38(068)91-24-462
Ірина,Цимбал,iryna.tsymbal2@student.org,1979,9,3,VCD-70,57.64,38(067)98-23-762
Вікторія,Новік,viktoriya.novik5@student.org,1982,10,22,HLR-46,60.6,38(096)37-56-871
Станіслав,Мельник,stanislav.melnyk3@student.org,1980,5,28,TAY-43,20.25,38(099)89-12-240
Галина,Цимбал,halyna.tsymbal@student.org,1970,6,11,NZA-50,57.1,38(063)10-88-230
Наталія,Ткаченко,nataliya.tkachenko5@student.org,1975,7,7,KWO-32,30.51,38(098)91-91-591
Надія,Козлов,nadiya.kozlov4@student.org,1974,3,31,WOU-49,17.6,38(096)45-29-585
Богдан,Гладко,bohdan.hladko1@student.org,1985,4,27,IDD-87,71.3,38(066)28-94-744
Роман,Бойко,roman.boyko4@student.org,1970,9,20,IRA-71,81.71,38(099)26-54-483
Костянтин,Ковальчук,kostyantyn.kovalchuk7@student.org,1979,5,29,MBK-45,58.9,38(093)85-28-743
Інна,Король,inna.korol1@student.org,1966,11,14,BDU-11,40.8,38(099)87-65-407
Євгенія,Никоненко,yevheniya.nykonenko3@student.org,2000,11,29,GDX-58,42.27,38(099)96-13-226
Ярослав,Савченко,yaroslav.savchenko2@student.org,1994,11,30,FGT-84,51.67,38(099)16-45-541
Ганна,Кузьменко,hanna.kuzmenko3@student.org,1996,11,5,DLE-93,92.66,38(099)52-34-742
Інна,Левченко,inna.levchenko4@student.org,1996,10,4,YIB-50,10.95,38(093)93-85-661
Богдан,Лисенко,bohdan.lysenko1@student.org,2007,2,14,ZIL-83,52.27,38(096)23-30-929
Михайло,Бойко,mykhaylo.boyko3@student.org,1959,7,5,DCZ-35,71.48,38(097)83-10-948
Станіслав,Левченко,stanislav.levchenko6@student.org,1978,4,18,YSF-65,78.87,38(068)77-73-356
Артем,Михайленко,artem.mykhaylenko@student.org,1979,5,8,IHT-89,9.91,38(066)88-99-356
Наталія,Костенко,nataliya.kostenko1@student.org,1992,6,24,NRP-52,34.96,38(050)56-80-227
Алла,Коваль,alla.koval1@student.org,1955,2,13,ZKJ-28,4.05,38(095)87-93-700
Людмила,Новік,lyudmyla.novik3@student.org,1976,11,6,SNF-32,15.69,38(098)20-12-419
Ірина,Коваль,iryna.koval1@student.org,1953,5,19,JBK-13,8.96,38(066)44-89-684
Володимир,Романенко,volodymyr.romanenko2@student.org,1997,5,14,WFZ-16,3.18,38(063)80-93-296
Алла,Лебедь,alla.lebed2@student.org,1998,8,27,UOC-57,11.6,38(096)90-77-719
Інна,Макаренко,inna.makarenko4@student.org,2007,12,16,VWL-62,29.64,38(099)67-19-930
Олександр,Коваленко,oleksandr.kovalenko1@student.org,1967,7,25,BCK-65,5.13,38(095)17-36-655
Роман,Іваненко,roman.ivanenko4@student.org,2003,10,20,UPB-76,17.99,38(063)99-60-944
Тарас,Руденко,taras.rudenko8@student.org,1957,1,4,URE-55,70.09,38(068)62-92-640
Петро,Цимбал,petro.tsymbal3@student.org,1971,11,30,NLU-30,5.07,38(063)37-16-907
Павло,Поліщук,pavlo.polishchuk2@student.org,1982,7,18,UAU-46,2.28,38(067)95-89-455
Любов,Омельченко,lyubov.omelchenko5@student.org,1966,10,12,NJV-76,93.27,38(097)59-88-302
Олександр,Марченко,oleksandr.marchenko1@student.org,1974,10,11,MCU-95,84.79,38(099)10-56-810
Анна,Костенко,anna.kostenko1@student.org,1957,11,9,TTG-98,16.77,38(095)53-46-996
Андрій,Козлов,andriy.kozlov1@student.org,1964,5,23,PIM-57,70.66,38(063)34-88-303
Юлія,Гайдук,yuliya.hayduk2@student.org,1954,1,28,KHB-95,46.5,38(073)19-54-706
Костянтин,Білоус,kostyantyn.bilous1@student.org,1952,2,16,ZJA-40,23.18,38(095)33-68-871
Наталія,Дорошенко,nataliya.doroshenko2@student.org,1956,2,8,TOB-57,14.05,38(097)18-85-827
Федір,Гордієнко,fedir.hordiyenko1@student.org,1951,3,8,BFG-16,76.98,38(066)51-50-770
Галина,Демченко,halyna.demchenko2@student.org,1988,12,15,SVB-30,60.32,38(067)39-16-832
Павло,Гладко,pavlo.hladko1@student.org,1958,11,27,YUS-96,15.42,38(096)90-81-399
Іван,Гладко,ivan.hladko4@student.org,1959,8,10,XJJ-86,92.19,38(073)61-77-932
Станіслав,Литвин,stanislav.lytvyn2@student.org,1988,11,29,BYT-28,86.47,38(068)32-55-370
Надія,Цимбал,nadiya.tsymbal4@student.org,1985,12,3,GCX-91,24.14,38(097)31-23-675
Сергій,Гайдук,serhiy.hayduk4@student.org,1991,12,7,WGZ-85,61.15,38(093)22-38-923
Ганна,Руденко,hanna.rudenko1@student.org,1957,2,18,EOY-58,44.12,38(095)80-15-533
Станіслав,Кузьменко,stanislav.kuzmenko2@student.org,1995,11,7,GBQ-85,50.8,38(097)20-47-426
Оксана,Кузьменко,oksana.kuzmenko2@student.org,1957,12,19,RLD-72,90.0,38(068)85-43-424
Галина,Дорошенко,halyna.doroshenko2@student.org,1960,11,27,JUJ-47,43.84,38(068)26-62-624
Алла,Левченко,alla.levchenko3@student.org,1954,1,26,URE-55,75.75,38(073)25-53-972
Лариса,Кравченко,larysa.kravchenko3@student.org,1971,1,28,EBO-35,65.71,38(093)67-81-872
Сергій,Гончаренко,serhiy.honcharenko3@student.org,1994,8,2,NKJ-58,32.94,38(068)19-20-346
Федір,Лисенко,fedir.lysenko2@student.org,2006,10,15,ULH-61,29.58,38(066)23-70-419
Ігор,Костенко,ihor.kostenko2@student.org,1963,9,3,ELS-26,80.01,38(099)43-19-247
Ігор,Зайцев,ihor.zaytsev1@student.org,1980,2,1,UAB-95,45.23,38(098)30-14-143
Віктор,Лисенко,viktor.lysenko2@student.org,2000,2,8,JZF-19,25.87,38(097)73-94-444
Костянтин,Михайленко,kostyantyn.mykhaylenko2@student.org,1956,7,29,GJT-56,60.34,38(095)61-16-869
Валентина,Шаповал,valentyna.shapoval1@student.org,2001,4,15,EKG-26,7.6,38(099)44-10-114
Станіслав,Коваль,stanislav.koval4@student.org,1973,3,22,OVL-88,55.18,38(066)84-64-167
Іван,Білоус,ivan.bilous@student.org,1967,7,25,LOX-39,50.39,38(068)65-70-633
Михайло,Коваленко,mykhaylo.kovalenko6@student.org,1962,6,3,GJS-42,27.54,38(097)57-73-480
Вікторія,Дорошенко,viktoriya.doroshenko5@student.org,2002,9,22,GMU-59,50.47,38(067)68-61-438
Андрій,Зайцев,andriy.zaytsev@student.org,1953,5,13,BCO-87,40.83,38(066)37-95-497
Валентина,Гриценко,valentyna.hrytsenko1@student.org,1954,12,31,RHL-43,21.51,38(068)40-88-570
Павло,Шевчук,pavlo.shevchuk2@student.org,1979,10,3,BCP-36,23.22,38(099)62-53-150
Марія,Мельник,mariya.melnyk1@student.org,2007,5,30,XLU-63,72.21,38(063)15-71-528
Віктор,Руденко,viktor.rudenko2@student.org,1971,4,26,JHM-52,78.18,38(050)27-69-926
Оксана,Никоненко,oksana.nykonenko3@student.org,1971,5,8,IXH-86,55.2,38(093)88-49-971
Оксана,Іваненко,oksana.ivanenko2@student.org,1991,6,16,AEV-87,69.23,38(063)70-24-931
Тетяна,Скрипка,tetyana.skrypka4@student.org,1963,2,20,IYZ-31,90.74,38(095)93-94-784
Павло,Кузьменко,pavlo.kuzmenko3@student.org,1963,2,25,DKU-15,11.97,38(099)69-21-938
Станіслав,Білоус,stanislav.bilous5@student.org,1980,1,18,UDO-35,49.25,38(063)22-54-269
Вера,Дорошенко,vera.doroshenko@student.org,1982,9,2,VJS-86,74.24,38(063)95-69-575
Сергій,Мельник,serhiy.melnyk2@student.org,1953,9,20,PIW-89,88.3,38(073)66-84-506
Андрій,Бойко,andriy.boyko2@student.org,2008,2,23,QZW-42,96.86,38(063)51-29-927
Артем,Поліщук,artem.polishchuk4@student.org,1957,3,13,UAN-76,81.29,38(098)81-94-696
Тарас,Гриценко,taras.hrytsenko1@student.org,1953,5,4,SAM-83,35.77,38(098)51-18-706
Ярослав,Панченко,yaroslav.panchenko3@student.org,1988,4,20,FVK-51,53.02,38(093)35-74-331
Марія,Шевчук,mariya.shevchuk@student.org,1987,8,20,HMS-89,63.5,38(073)90-21-551
Богдан,Гордієнко,bohdan.hordiyenko@student.org,1966,4,4,ONO-63,9.59,38(073)80-33-846
Юлія,Зайцев,yuliya.zaytsev2@student.org,2000,12,16,MAL-97,7.9,38(050)61-49-238
Юлія,Дорошенко,yuliya.doroshenko5@student.org,1950,9,11,HXP-30,21.36,38(099)17-34-748
Ірина,Стельмах,iryna.stelmakh4@student.org,1983,5,8,TON-41,28.54,38(093)30-38-450
Інна,Бойко,inna.boyko1@student.org,1964,6,26,RFV-22,38.49,38(063)60-95-248
Володимир,Василенко,volodymyr.vasylenko3@student.org,1963,3,11,IXH-86,85.32,38(068)52-68-501
Вікторія,Коваль,viktoriya.koval@student.org,2005,10,20,NQU-81,94.66,38(063)14-75-192
Марія,Коваль,mariya.koval1@student.org,1952,8,20,KVM-41,94.64,38(095)35-35-750
Роман,Новік,roman.novik9@student.org,1977,11,8,OLU-72,44.44,38(063)98-37-611
Галина,Дорошенко,halyna.doroshenko3@student.org,1967,1,16,SAY-79,17.46,38(067)24-64-455
Василь,Король,vasyl.korol@student.org,1988,12,17,BGB-34,67.04,38(093)12-50-387
Роман,Гайдук,roman.hayduk5@student.org,2010,6,13,MBD-43,98.13,38(093)48-41-861
Володимир,Василенко,volodymyr.vasylenko4@student.org,2010,1,21,PBP-16,67.43,38(093)46-32-178
Оксана,Василенко,oksana.vasylenko1@student.org,1989,12,8,EGK-32,48.22,38(099)24-29-827
Ігор,Захарченко,ihor.zakharchenko@student.org,1992,3,16,XCO-19,64.72,38(095)50-37-592
Тетяна,Стельмах,tetyana.stelmakh4@student.org,1986,1,29,CHY-96,21.37,38(096)28-48-227
Богдан,Скрипка,bohdan.skrypka1@student.org,2008,12,25,BAK-40,41.77,38(095)93-56-465
Галина,Литвин,halyna.lytvyn2@student.org,2008,1,12,XGZ-64,0.84,38(095)47-69-769
Марія,Ткаченко,mariya.tkachenko2@student.org,1981,12,22,JZG-42,11.69,38(097)28-59-676
Олеся,Ковальчук,olesya.kovalchuk4@student.org,1959,6,30,OAR-65,84.46,38(099)13-53-917
Богдан,Ковальчук,bohdan.kovalchuk2@student.org,1988,12,2,LTH-56,46.69,38(066)61-83-405
Ганна,Поліщук,hanna.polishchuk1@student.org,1992,9,18,RBQ-29,7.19,38(068)65-32-663
Любов,Шаповал,lyubov.shapoval3@student.org,1963,7,17,QZO-34,5.89,38(095)43-29-830
Анна,Гордієнко,anna.hordiyenko2@student.org,1996,12,8,HDF-13,41.5,38(095)26-60-184
Роман,Романенко,roman.romanenko2@student.org,1979,4,4,YQO-30,53.83,38(097)52-96-807
Оксана,Коваленко,oksana.kovalenko3@student.org,1951,4,24,EGE-98,67.58,38(068)35-73-809
Ігор,Лисенко,ihor.lysenko4@student.org,1988,11,4,RIG-89,97.17,38(063)60-41-848
Алла,Зайцев,alla.zaytsev@student.org,1974,9,23,FWS-27,2.3,38(099)95-45-337
Марія,Костенко,mariya.kostenko@student.org,1966,9,29,XWX-37,22.34,38(095)84-46-103
Інна,Руденко,inna.rudenko1@student.org,1958,10,18,NLY-95,10.01,38(097)12-57-129
Юлія,Шевченко,yuliya.shevchenko1@student.org,1951,9,24,AKG-41,64.24,38(096)69-61-557
Петро,Костенко,petro.kostenko2@student.org,1967,10,25,RNQ-39,61.62,38(066)37-96-638
Остап,Петренко,ostap.petrenko1@student.org,1998,9,25,CQV-82,34.25,38(067)19-70-715
Володимир,Іваненко,volodymyr.ivanenko2@student.org,2007,11,25,LDC-41,9.49,38(095)37-69-923
Алла,Коваленко,alla.kovalenko1@student.org,1950,8,10,JFI-53,5.9,38(099)34-71-577
Алла,Гайдук,alla.hayduk3@student.org,1983,11,26,XCR-72,76.23,38(095)77-58-844
Оксана,Костенко,oksana.kostenko4@student.org,1977,1,25,IBI-73,79.55,38(073)97-16-496
Тарас,Гладко,taras.hladko5@student.org,2003,5,27,SQW-75,6.0,38(063)43-93-172
Сергій,Шевченко,serhiy.shevchenko1@student.org,1968,8,14,MYC-53,7.44,38(099)20-93-338
Катерина,Лисенко,kateryna.lysenko4@student.org,1996,2,14,KBC-91,75.86,38(063)22-44-282
Ярослав,Козлов,yaroslav.kozlov2@student.org,2008,1,10,UEH-50,58.26,38(073)88-45-226
Костянтин,Бойко,kostyantyn.boyko@student.org,1957,11,7,GDP-35,35.45,38(063)64-87-650
Тетяна,Ткаченко,tetyana.tkachenko3@student.org,2000,9,24,FQN-67,86.44,38(063)33-10-550
Олександр,Гордієнко,oleksandr.hordiyenko8@student.org,1992,11,21,FOG-44,5.95,38(050)36-77-413
Василь,Савченко,vasyl.savchenko2@student.org,1951,12,2,NHX-85,25.41,38(066)56-68-632
Григорій,Коваль,hryhoriy.koval1@student.org,1973,2,9,UOU-42,34.49,38(066)93-33-874
Вера,Лебедь,vera.lebed@student.org,2002,11,27,DMW-46,83.0,38(050)62-45-240
Алла,Ковальчук,alla.kovalchuk1@student.org,2007,5,13,HRF-71,35.68,38(068)16-51-574
Григорій,Король,hryhoriy.korol2@student.org,1971,10,5,KFS-31,80.37,38(093)95-19-756
Олександр,Дорошенко,oleksandr.doroshenko1@student.org,2003,7,8,ZQV-93,71.92,38(068)65-88-597
Оксана,Петренко,oksana.petrenko3@student.org,1985,11,26,LXL-98,6.54,38(098)77-49-650
Оксана,Литвин,oksana.lytvyn1@student.org,1976,11,16,GLI-36,83.98,38(068)57-89-868
Вера,Ковальчук,vera.kovalchuk@student.org,2002,9,21,ORU-68,10.19,38(050)42-26-178
Ігор,Авраменко,ihor.avramenko2@student.org,1974,6,11,HLU-75,57.98,38(097)84-49-697
Богдан,Шевченко,bohdan.shevchenko3@student.org,1997,7,28,XLW-62,54.32,38(068)44-95-987
Костянтин,Шаповал,kostyantyn.shapoval1@student.org,1958,10,11,UHN-97,74.9,38(095)72-16-901
Інна,Авраменко,inna.avramenko2@student.org,1968,5,11,HHD-52,23.14,38(098)44-86-322
Юрій,Козлов,yuriy.kozlov1@student.org,1971,11,22,HKL-87,90.61,38(066)40-73-494
Андрій,Лебедь,andriy.lebed4@student.org,1970,2,11,BBY-57,72.45,38(067)66-23-680
Ірина,Козлов,iryna.kozlov3@student.org,1966,7,22,NOP-58,83.76,38(063)80-51-235
Олександр,Демченко,oleksandr.demchenko3@student.org,1971,1,7,OGF-61,93.35,38(067)24-39-287
Денис,Левченко,denys.levchenko1@student.org,1960,10,13,AKZ-49,70.42,38(068)62-28-337
Ганна,Павленко,hanna.pavlenko@student.org,2000,3,17,AZR-37,21.54,38(066)68-53-222
Віктор,Скрипка,viktor.skrypka1@student.org,1987,5,6,HPC-77,6.25,38(067)74-27-742
Федір,Савченко,fedir.savchenko3@student.org,1976,8,11,IDO-30,93.78,38(073)71-76-260
Станіслав,Поліщук,stanislav.polishchuk3@student.org,1978,10,8,XXY-69,3.93,38(050)35-28-491
Оксана,Гриценко,oksana.hrytsenko3@student.org,2005,2,17,KMU-74,48.14,38(098)19-45-311
Денис,Макаренко,denys.makarenko5@student.org,2003,9,8,XWS-61,41.73,38(066)68-42-551
Іван,Дорошенко,ivan.doroshenko@student.org,1996,10,29,VFA-76,38.17,38(099)76-32-219
Артем,Макаренко,artem.makarenko@student.org,1950,11,4,MYH-65,62.61,38(098)14-19-384
Вера,Демченко,vera.demchenko1@student.org,1986,1,10,KFV-94,90.28,38(066)85-62-993
Алла,Авраменко,alla.avramenko2@student.org,1967,4,10,NEE-70,94.8,38(068)27-72-155
Денис,Панченко,denys.panchenko2@student.org,1966,2,11,OLL-27,70.27,38(097)57-42-323
Раїса,Никоненко,rayisa.nykonenko1@student.org,2006,7,25,NGG-22,41.28,38(050)98-39-300
Анна,Никоненко,anna.nykonenko@student.org,2005,6,20,QTW-69,55.88,38(063)49-66-714
Остап,Авраменко,ostap.avramenko5@student.org,1951,11,23,NRP-52,14.53,38(098)79-97-888
Юрій,Михайленко,yuriy.mykhaylenko4@student.org,1967,2,26,POJ-12,85.16,38(063)80-70-246
Ярослав,Шевченко,yaroslav.shevchenko2@student.org,2002,9,4,ABU-28,47.61,38(099)95-74-897
Ірина,Іваненко,iryna.ivanenko4@student.org,1976,8,24,ENS-86,91.45,38(063)49-99-711
Світлана,Кузьменко,svitlana.kuzmenko@student.org,1980,4,14,KFJ-57,46.26,38(068)67-53-549
Роман,Захарченко,roman.zakharchenko3@student.org,1958,8,30,PKA-29,76.32,38(073)48-97-741
Артем,Шевченко,artem.shevchenko1@student.org,1971,3,23,ARH-17,10.49,38(096)76-11-398
Оксана,Захарченко,oksana.zakharchenko4@student.org,1974,6,8,SYU-79,95.89,38(068)41-19-987
Марія,Василенко,mariya.vasylenko1@student.org,1998,9,9,WMO-78,61.19,38(097)99-55-847
Галина,Захарченко,halyna.zakharchenko2@student.org,1957,12,15,RNW-32,93.21,38(096)31-16-798
Петро,Гриценко,petro.hrytsenko3@student.org,1978,11,18,HSL-91,64.77,38(098)53-35-679
Петро,Кравченко,petro.kravchenko1@student.org,2005,10,16,WGE-61,78.08,38(067)34-35-591
Артем,Зайцев,artem.zaytsev4@student.org,2006,6,26,PII-44,97.39,38(096)65-71-584
Віталій,Дорошенко,vitaliy.doroshenko1@student.org,2010,8,13,AEC-17,75.63,38(093)54-26-660
Сергій,Панченко,serhiy.panchenko3@student.org,1978,1,30,XYT-71,35.83,38(095)80-93-981
Андрій,Омельченко,andriy.omelchenko3@student.org,1981,11,3,GWY-71,28.27,38(066)64-43-549
Денис,Макаренко,denys.makarenko6@student.org,1983,1,11,IZP-59,74.84,38(073)68-49-546
Ярослав,Скрипка,yaroslav.skrypka4@student.org,1965,8,25,EIS-46,42.78,38(097)42-70-764
Дмитро,Литвин,dmytro.lytvyn5@student.org,1982,2,4,NEE-22,17.6,38(073)82-80-719
Юрій,Гайдук,yuriy.hayduk1@student.org,1954,8,11,IDM-46,45.21,38(095)37-85-737
Михайло,Гончаренко,mykhaylo.honcharenko2@student.org,1971,9,15,CBQ-48,92.96,38(099)19-61-491
Ірина,Петренко,iryna.petrenko4@student.org,2000,8,7,UFD-99,56.87,38(066)58-51-201
Богдан,Шаповал,bohdan.shapoval3@student.org,1967,4,16,PGD-43,13.46,38(098)97-72-157
Андрій,Ткаченко,andriy.tkachenko3@student.org,2007,11,12,ZKJ-28,3.75,38(093)49-81-902
Василь,Омельченко,vasyl.omelchenko2@student.org,1998,5,3,EIA-21,43.67,38(067)93-84-174
Лілія,Руденко,liliya.rudenko1@student.org,1966,10,18,FBM-40,12.87,38(097)42-45-678
Сергій,Зайцев,serhiy.zaytsev7@student.org,1965,1,10,CZC-63,9.27,38(097)47-13-892
Сергій,Стельмах,serhiy.stelmakh3@student.org,2003,9,10,WLO-28,10.3,38(068)27-37-520
Євгенія,Лебедь,yevheniya.lebed3@student.org,1973,8,27,GMQ-54,23.73,38(050)81-27-536
Іван,Ковальчук,ivan.kovalchuk3@student.org,2001,10,28,HOM-64,4.21,38(063)27-81-713
Богдан,Никоненко,bohdan.nykonenko3@student.org,2007,4,5,NDY-98,94.81,38(095)18-56-299
Денис,Рибак,denys.rybak2@student.org,2000,10,29,BFG-57,64.79,38(093)43-98-387
Олена,Шевчук,olena.shevchuk4@student.org,1969,4,7,LVB-79,1.52,38(097)61-30-254
Ігор,Мельник,ihor.melnyk3@student.org,2003,10,5,HDV-44,29.31,38(096)26-91-448
Денис,Дорошенко,denys.doroshenko@student.org,1956,9,29,GQS-67,61.38,38(073)93-62-561
Артем,Новік,artem.novik1@student.org,1950,5,15,QXG-69,82.87,38(099)58-10-843
Остап,Захарченко,ostap.zakharchenko2@student.org,1967,11,10,LEY-28,31.88,38(095)70-20-161
Ярослав,Лисенко,yaroslav.lysenko1@student.org,1968,12,26,OXZ-98,84.22,38(098)33-33-613
Олеся,Демченко,olesya.demchenko1@student.org,1976,6,11,PJZ-30,94.22,38(067)34-83-207
Федір,Цимбал,fedir.tsymbal2@student.org,1983,3,7,TMM-37,16.72,38(093)94-70-577
Лариса,Петренко,larysa.petrenko2@student.org,1983,5,19,OAR-65,59.2,38(093)17-98-744
Галина,Поліщук,halyna.polishchuk4@student.org,1984,2,20,SWR-68,35.66,38(066)94-10-769
Артем,Гриценко,artem.hrytsenko2@student.org,1974,3,17,FRN-20,42.85,38(095)43-95-839
Анна,Левченко,anna.levchenko2@student.org,1994,1,27,PTX-65,50.83,38(067)27-18-210
Дмитро,Лебедь,dmytro.lebed1@student.org,1977,12,16,LOC-45,74.19,38(098)45-81-469
Вера,Шевченко,vera.shevchenko3@student.org,1967,7,26,UEG-86,47.26,38(068)96-83-251
Роман,Гриценко,roman.hrytsenko3@student.org,1986,11,18,MKW-86,57.14,38(096)10-55-482
Алла,Бойко,alla.boyko4@student.org,1973,12,29,EXK-94,94.85,38(098)13-30-893
Надія,Авраменко,nadiya.avramenko3@student.org,2007,12,22,YQW-45,21.9,38(096)37-53-419
Галина,Новік,halyna.novik3@student.org,1971,9,13,FMB-22,76.7,38(099)71-68-197
Ірина,Макаренко,iryna.makarenko@student.org,1981,6,14,CBJ-61,59.54,38(067)42-34-683
Вера,Гриценко,vera.hrytsenko4@student.org,1976,10,16,NDC-37,63.74,38(068)53-72-833
Надія,Марченко,nadiya.marchenko1@student.org,1952,12,16,FOZ-92,3.44,38(097)51-28-282
Роман,Козлов,roman.kozlov5@student.org,1954,7,17,QEE-90,50.78,38(073)68-15-918
Федір,Литвин,fedir.lytvyn@student.org,1996,4,15,NDS-89,55.19,38(063)36-55-760
Григорій,Скрипка,hryhoriy.skrypka5@student.org,1966,10,4,XKE-48,36.14,38(066)30-87-244
Сергій,Савченко,serhiy.savchenko4@student.org,1956,8,1,ZEO-70,33.93,38(098)90-84-934
Надія,Литвин,nadiya.lytvyn4@student.org,1976,11,25,KZK-79,44.11,38(093)67-55-624
Дмитро,Ткаченко,dmytro.tkachenko3@student.org,2006,3,20,UZN-67,94.46,38(066)81-56-826
Олена,Авраменко,olena.avramenko1@student.org,1972,5,7,KFJ-78,66.22,38(093)95-62-891
Максим,Михайленко,maksym.mykhaylenko2@student.org,2005,3,8,QKC-73,29.7,38(073)54-74-357
Ганна,Лебедь,hanna.lebed1@student.org,2000,5,3,ZXE-12,16.65,38(098)37-84-223
Ігор,Романенко,ihor.romanenko3@student.org,1957,6,12,FOZ-92,44.38,38(050)28-48-389
Олександр,Іваненко,oleksandr.ivanenko@student.org,1978,2,24,TFA-85,1.67,38(068)64-74-917
Раїса,Дорошенко,rayisa.doroshenko1@student.org,2000,5,14,MWH-11,57.96,38(098)30-24-899
Любов,Гладко,lyubov.hladko4@student.org,1955,7,7,UFN-22,2.09,38(063)84-22-485
Ярослав,Гордієнко,yaroslav.hordiyenko1@student.org,1963,9,29,NSY-94,60.66,38(066)57-32-331
Інна,Омельченко,inna.omelchenko4@student.org,2008,11,16,OMM-27,38.94,38(098)80-87-156
Віталій,Гордієнко,vitaliy.hordiyenko1@student.org,1970,11,25,KJM-63,93.27,38(095)71-45-239
Оксана,Левченко,oksana.levchenko@student.org,1985,11,1,YYJ-89,16.59,38(063)34-23-937
Валентина,Авраменко,valentyna.avramenko1@student.org,1998,10,2,CYR-27,0.6,38(063)20-76-913
Ярослав,Костенко,yaroslav.kostenko2@student.org,1969,6,15,OOK-85,98.32,38(073)16-59-630
Роман,Шаповал,roman.shapoval5@student.org,1978,8,8,FYL-81,5.26,38(093)97-70-365
Алла,Василенко,alla.vasylenko@student.org,1991,9,11,PYT-71,44.74,38(050)95-44-777
Галина,Ткаченко,halyna.tkachenko5@student.org,2000,4,1,BMM-15,8.64,38(096)41-25-377
Василь,Гордієнко,vasyl.hordiyenko3@student.org,1988,1,13,GMF-95,8.68,38(066)38-42-656
Ігор,Никоненко,ihor.nykonenko2@student.org,1951,3,21,FRW-16,72.05,38(093)77-62-809
Роман,Костенко,roman.kostenko4@student.org,1953,6,1,FZZ-61,99.54,38(096)43-84-157
Любов,Петренко,lyubov.petrenko1@student.org,1984,2,26,BMZ-58,7.5,38(073)64-74-432
Олександр,Зайцев,oleksandr.zaytsev3@student.org,2003,7,13,GQF-41,43.14,38(063)42-43-539
Остап,Захарченко,ostap.zakharchenko3@student.org,1982,6,15,XXR-45,71.08,38(068)18-10-244
Федір,Гордієнко,fedir.hordiyenko2@student.org,1988,4,29,GSH-49,49.0,38(097)65-16-227
Галина,Шевчук,halyna.shevchuk2@student.org,1981,6,11,NMK-18,39.4,38(050)73-57-845
Катерина,Марченко,kateryna.marchenko3@student.org,2004,9,10,ELC-86,25.7,38(050)86-76-176
Федір,Михайленко,fedir.mykhaylenko1@student.org,1954,5,7,FHA-37,42.07,38(096)81-98-909
Григорій,Рибак,hryhoriy.rybak1@student.org,1966,2,17,SDA-23,11.85,38(098)84-31-265
Олеся,Михайленко,olesya.mykhaylenko@student.org,1955,8,5,RTW-75,24.96,38(068)46-32-330
Тарас,Павленко,taras.pavlenko1@student.org,2006,8,23,QSP-58,2.85,38(093)21-18-865
Дмитро,Василенко,dmytro.vasylenko2@student.org,1973,10,12,DOE-11,97.28,38(067)95-80-820
Петро,Іваненко,petro.ivanenko1@student.org,1960,6,13,NIZ-63,41.95,38(067)38-35-912
Юлія,Руденко,yuliya.rudenko6@student.org,2001,2,22,TYO-56,77.23,38(063)85-14-784
Роман,Шаповал,roman.shapoval6@student.org,1958,12,29,MDE-11,88.94,38(073)46-40-194
Олександр,Никоненко,oleksandr.nykonenko3@student.org,1952,7,5,PNT-95,54.98,38(050)10-18-740
Олена,Руденко,olena.rudenko3@student.org,1954,2,25,XQU-69,62.68,38(067)48-66-369
Павло,Гончаренко,pavlo.honcharenko2@student.org,1960,9,2,QMK-41,37.7,38(063)45-40-486
Світлана,Кузьменко,svitlana.kuzmenko1@student.org,1966,10,27,UGG-87,93.6,38(093)85-62-905
Катерина,Рибак,kateryna.rybak2@student.org,1961,1,19,WCR-11,58.07,38(096)26-78-620
Петро,Гладко,petro.hladko2@student.org,1980,3,14,PJW-69,83.13,38(097)45-12-570
Сергій,Поліщук,serhiy.polishchuk@student.org,2005,7,6,NGT-24,64.39,38(063)36-59-183
Вікторія,Мельник,viktoriya.melnyk2@student.org,2005,3,2,XZP-96,63.17,38(098)39-52-594
Богдан,Романенко,bohdan.romanenko1@student.org,1996,9,29,TQM-25,18.29,38(097)62-41-936
Роман,Левченко,roman.levchenko6@student.org,2010,6,17,CXX-97,87.38,38(073)24-92-999
Віталій,Гриценко,vitaliy.hrytsenko2@student.org,2001,6,29,KWM-63,98.73,38(066)37-81-908
Артем,Білоус,artem.bilous6@student.org,1996,5,10,AWK-54,4.48,38(093)40-25-289
Павло,Рибак,pavlo.rybak@student.org,1995,11,15,CZN-74,6.32,38(098)44-48-121
Євгенія,Козлов,yevheniya.kozlov6@student.org,1997,9,7,EKG-59,20.14,38(095)59-88-959
Ганна,Бойко,hanna.boyko2@student.org,1976,5,23,BVW-75,15.42,38(098)40-96-976
Тетяна,Руденко,tetyana.rudenko3@student.org,2008,1,7,DBY-58,78.29,38(050)61-51-748
Олена,Стельмах,olena.stelmakh2@student.org,1985,5,9,ZHP-54,51.53,38(096)91-81-460
Любов,Шаповал,lyubov.shapoval4@student.org,1961,2,6,VTT-82,73.74,38(099)55-53-562
Тарас,Левченко,taras.levchenko3@student.org,1954,1,31,GMH-87,43.24,38(073)87-50-479
Григорій,Поліщук,hryhoriy.polishchuk3@student.org,2002,4,5,OOA-51,93.78,38(098)84-47-911
Михайло,Савченко,mykhaylo.savchenko1@student.org,1950,10,19,QJI-31,94.31,38(063)21-59-527
Валентина,Шаповал,valentyna.shapoval2@student.org,1969,7,25,CEZ-44,38.17,38(096)24-97-875
Любов,Коваль,lyubov.koval3@student.org,1981,4,22,GDH-83,32.44,38(067)69-40-972
Артем,Петренко,artem.petrenko3@student.org,1968,3,21,RDF-13,39.8,38(095)47-87-252
Володимир,Мельник,volodymyr.melnyk@student.org,1961,11,10,MGE-61,41.84,38(099)41-62-861
Михайло,Литвин,mykhaylo.lytvyn1@student.org,1964,3,7,SQF-42,84.58,38(093)98-86-650
Олена,Гончаренко,olena.honcharenko3@student.org,2007,12,22,RHT-51,70.57,38(067)49-61-315
Надія,Романенко,nadiya.romanenko1@student.org,1957,6,3,JML-96,76.83,38(067)95-86-104
Анна,Омельченко,anna.omelchenko2@student.org,1974,10,21,NTI-68,46.79,38(097)92-27-868
Роман,Василенко,roman.vasylenko5@student.org,1992,6,6,XAT-83,52.58,38(067)13-58-735
Станіслав,Зайцев,stanislav.zaytsev4@student.org,1985,7,19,OXP-50,41.35,38(068)87-55-666
Галина,Шевчук,halyna.shevchuk3@student.org,1953,10,14,ORS-10,50.52,38(099)29-93-622
Любов,Скрипка,lyubov.skrypka1@student.org,1968,4,18,RVT-71,70.74,38(068)21-81-944
Богдан,Рибак,bohdan.rybak1@student.org,1963,1,9,NLD-85,20.96,38(063)84-37-332
Любов,Лебедь,lyubov.lebed2@student.org,2010,12,15,JWF-94,82.38,38(097)44-13-580
Денис,Гладко,denys.hladko@student.org,2008,11,16,OAV-20,52.14,38(093)53-25-854
Світлана,Марченко,svitlana.marchenko4@student.org,2006,1,13,DPJ-44,40.95,38(097)79-70-438
Володимир,Зайцев,volodymyr.zaytsev1@student.org,1998,3,30,OQD-14,27.99,38(063)30-21-510
Олена,Бойко,olena.boyko2@student.org,1998,12,21,AVF-23,92.36,38(095)90-60-818
Марія,Василенко,mariya.vasylenko2@student.org,1952,1,24,XSL-92,31.41,38(098)75-55-332
Галина,Гончаренко,halyna.honcharenko3@student.org,1958,8,7,ODW-23,58.2,38(050)26-92-618
Ганна,Гайдук,hanna.hayduk1@student.org,2010,3,23,ANZ-56,49.86,38(068)31-50-176
Костянтин,Рибак,kostyantyn.rybak@student.org,2002,10,13,OAJ-53,30.39,38(093)20-58-876
Ірина,Руденко,iryna.rudenko3@student.org,1984,2,23,FPM-83,89.72,38(097)34-14-111
Ганна,Авраменко,hanna.avramenko2@student.org,1969,3,23,JQW-87,51.04,38(066)62-12-497
Юлія,Марченко,yuliya.marchenko1@student.org,1953,10,6,CMO-77,64.66,38(067)93-92-933
Тарас,Скрипка,taras.skrypka1@student.org,1957,9,26,DBF-72,15.13,38(063)84-57-493
Ігор,Новік,ihor.novik4@student.org,1999,12,31,NLD-85,28.81,38(098)89-81-228
Валентина,Стельмах,valentyna.stelmakh1@student.org,1956,2,5,KMZ-68,0.28,38(067)23-75-994
Надія,Гайдук,nadiya.hayduk@student.org,1969,1,22,VLP-27,6.41,38(050)42-48-173
Анна,Зайцев,anna.zaytsev2@student.org,1966,12,23,AGM-97,83.39,38(099)73-14-222
Інна,Стельмах,inna.stelmakh1@student.org,1987,8,18,LOU-99,45.18,38(073)24-85-804
Любов,Шаповал,lyubov.shapoval5@student.org,1955,11,12,HED-71,17.96,38(067)24-59-936
Лілія,Поліщук,liliya.polishchuk3@student.org,1986,3,22,OMM-27,36.93,38(098)36-64-157
Сергій,Руденко,serhiy.rudenko2@student.org,1985,2,27,XWO-72,13.23,38(067)41-86-970
Ірина,Гладко,iryna.hladko1@student.org,1977,5,18,XFK-12,60.44,38(096)34-30-924
Наталія,Лисенко,nataliya.lysenko4@student.org,2007,1,28,GWY-71,26.87,38(098)39-82-422
Раїса,Мельник,rayisa.melnyk1@student.org,1958,5,8,RFR-30,62.55,38(067)75-96-327
Лілія,Демченко,liliya.demchenko3@student.org,2010,9,21,OGH-36,66.78,38(073)57-64-725
Михайло,Білоус,mykhaylo.bilous1@student.org,1986,2,27,KHV-79,19.2,38(095)74-62-430
Тарас,Макаренко,taras.makarenko1@student.org,2002,4,7,VNJ-46,41.31,38(096)34-15-876
Ганна,Гриценко,hanna.hrytsenko1@student.org,1971,6,3,ORU-68,73.07,38(073)25-72-429
Олена,Руденко,olena.rudenko4@student.org,1980,10,14,QUG-55,60.34,38(099)80-83-926
Ігор,Литвин,ihor.lytvyn2@student.org,1993,9,27,PPK-58,62.88,38(066)32-63-795
Дмитро,Гончаренко,dmytro.honcharenko1@student.org,1965,6,21,OUO-97,77.34,38(097)43-74-971
Ярослав,Шевчук,yaroslav.shevchuk@student.org,1980,5,27,AZL-84,47.24,38(093)69-86-113
Наталія,Бойко,nataliya.boyko4@student.org,2006,11,16,KQD-27,18.01,38(095)89-81-784
Дмитро,Шаповал,dmytro.shapoval1@student.org,1952,3,15,YJH-60,91.86,38(050)41-47-183
Вера,Петренко,vera.petrenko2@student.org,1988,8,5,BOO-93,11.89,38(095)84-90-528
Володимир,Авраменко,volodymyr.avramenko@student.org,1986,9,23,NZA-50,13.2,38(096)13-24-475
Ірина,Скрипка,iryna.skrypka1@student.org,1976,12,16,CSM-20,47.95,38(098)27-54-786
Надія,Демченко,nadiya.demchenko2@student.org,1952,8,17,JCU-94,75.45,38(096)16-60-373
Вера,Білоус,vera.bilous2@student.org,1985,10,19,ATH-26,16.16,38(096)79-57-528
Оксана,Панченко,oksana.panchenko3@student.org,1981,8,11,RHT-51,72.64,38(099)39-41-663
Євгенія,Кравченко,yevheniya.kravchenko5@student.org,1988,9,26,QDI-78,88.44,38(093)39-57-933
Іван,Савченко,ivan.savchenko3@student.org,1961,12,2,OPH-12,42.28,38(093)24-50-584
Оксана,Мельник,oksana.melnyk1@student.org,1972,3,22,XFK-12,92.4,38(066)70-22-224
Марія,Ковальчук,mariya.kovalchuk6@student.org,1970,7,18,RHS-68,89.88,38(098)30-54-630
Олена,Цимбал,olena.tsymbal@student.org,1962,4,7,AYM-37,86.8,38(068)44-25-879
Федір,Поліщук,fedir.polishchuk2@student.org,2000,10,15,SKG-79,29.16,38(068)32-47-488
Юлія,Зайцев,yuliya.zaytsev3@student.org,1997,8,23,WLZ-62,23.02,38(050)72-29-955
Віктор,Марченко,viktor.marchenko2@student.org,1986,1,31,TKD-88,23.94,38(097)27-49-593
Роман,Лисенко,roman.lysenko7@student.org,1960,4,3,WBW-66,42.37,38(093)60-67-382
Олександр,Михайленко,oleksandr.mykhaylenko2@student.org,1955,1,22,MUW-51,69.06,38(068)72-27-688
Ярослав,Савченко,yaroslav.savchenko3@student.org,1986,10,22,KPN-91,74.7,38(073)96-68-531
Віталій,Шевченко,vitaliy.shevchenko2@student.org,2000,1,21,GQE-13,37.24,38(096)68-88-764
Василь,Левченко,vasyl.levchenko1@student.org,1975,12,3,FKA-38,26.47,38(099)83-64-891
Дмитро,Дорошенко,dmytro.doroshenko@student.org,1999,4,15,PSL-21,94.22,38(098)15-82-167
Остап,Гайдук,ostap.hayduk3@student.org,2009,1,24,HJF-19,3.49,38(099)83-59-784
Вера,Мельник,vera.melnyk@student.org,1990,3,30,ZEI-90,41.52,38(066)42-27-341
Вера,Шевчук,vera.shevchuk1@student.org,1993,10,14,WBM-20,69.71,38(095)94-89-307
Остап,Петренко,ostap.petrenko2@student.org,1975,10,26,NNG-38,77.47,38(097)73-49-665
Анна,Стельмах,anna.stelmakh5@student.org,1971,7,11,SLE-96,78.55,38(068)28-78-911
Андрій,Василенко,andriy.vasylenko2@student.org,1967,9,11,LDD-93,28.28,38(099)28-85-467
Володимир,Омельченко,volodymyr.omelchenko2@student.org,1985,10,22,FWE-67,20.61,38(063)73-36-186
Сергій,Никоненко,serhiy.nykonenko2@student.org,1994,1,13,SMK-44,94.45,38(096)23-37-889
Віталій,Демченко,vitaliy.demchenko3@student.org,2001,10,4,OOK-85,76.28,38(068)32-18-860
Катерина,Левченко,kateryna.levchenko1@student.org,1950,1,6,ADF-88,87.54,38(093)52-27-191
Петро,Іваненко,petro.ivanenko2@student.org,1976,5,31,KKW-99,56.65,38(066)85-21-290
Федір,Гончаренко,fedir.honcharenko@student.org,1952,11,29,CTC-32,91.82,38(063)17-24-446
Алла,Панченко,alla.panchenko1@student.org,1973,5,16,XGZ-64,87.01,38(067)50-40-610
Надія,Панченко,nadiya.panchenko6@student.org,1987,5,4,OMP-76,3.37,38(073)67-84-593
Сергій,Литвин,serhiy.lytvyn2@student.org,1986,9,17,NJU-22,6.26,38(099)48-47-725
Вікторія,Лебедь,viktoriya.lebed@student.org,1953,10,15,KBC-91,55.77,38(096)50-26-309
Євгенія,Гладко,yevheniya.hladko7@student.org,1954,2,8,ZJN-82,51.06,38(099)88-97-613
Вікторія,Панченко,viktoriya.panchenko1@student.org,1973,4,17,VFV-82,66.15,38(063)59-57-543
Анна,Гончаренко,anna.honcharenko3@student.org,1959,8,28,ZYX-81,65.0,38(050)87-53-683
Денис,Никоненко,denys.nykonenko1@student.org,1983,3,10,GQT-79,69.98,38(067)38-23-750
Олена,Романенко,olena.romanenko1@student.org,1983,2,14,KBC-91,33.1,38(095)16-34-528
Світлана,Козлов,svitlana.kozlov3@student.org,1950,12,28,PAI-55,69.53,38(097)30-26-100
Людмила,Новік,lyudmyla.novik4@student.org,1962,9,19,LYX-17,52.69,38(063)40-31-230
Марія,Василенко,mariya.vasylenko3@student.org,1980,2,4,VOZ-89,42.37,38(050)36-24-421
Ігор,Кравченко,ihor.kravchenko1@student.org,1987,5,31,DBF-72,50.05,38(095)97-16-205
Богдан,Романенко,bohdan.romanenko2@student.org,1973,6,14,DEB-43,84.99,38(066)94-50-152
Юлія,Ткаченко,yuliya.tkachenko2@student.org,1960,4,22,XLL-44,35.0,38(073)38-91-423
Григорій,Кравченко,hryhoriy.kravchenko1@student.org,1973,6,27,SQA-42,59.95,38(096)98-27-477
Іван,Козлов,ivan.kozlov2@student.org,1972,5,27,UPR-38,31.74,38(067)20-69-914
Павло,Романенко,pavlo.romanenko2@student.org,1971,4,28,LKZ-76,90.48,38(099)70-16-283
Денис,Авраменко,denys.avramenko1@student.org,1976,9,22,QJK-91,72.57,38(063)27-62-950
Любов,Панченко,lyubov.panchenko1@student.org,1991,11,8,MLF-98,88.3,38(095)82-61-209
Ярослав,Коваленко,yaroslav.kovalenko3@student.org,1959,3,17,UFI-24,8.06,38(099)50-23-317
Сергій,Кузьменко,serhiy.kuzmenko4@student.org,1997,10,6,QWC-99,82.94,38(098)31-66-556
Андрій,Шевченко,andriy.shevchenko2@student.org,1968,9,5,IAK-13,11.01,38(093)77-63-790
Григорій,Панченко,hryhoriy.panchenko5@student.org,1977,6,4,EPI-61,25.02,38(095)26-67-260
Артем,Руденко,artem.rudenko3@student.org,2000,6,2,LUB-84,89.07,38(096)49-40-367
Артем,Никоненко,artem.nykonenko1@student.org,1970,5,28,NDY-98,33.52,38(093)26-47-343
Віктор,Коваленко,viktor.kovalenko2@student.org,1981,11,14,AYY-75,58.04,38(063)81-76-979
Михайло,Гайдук,mykhaylo.hayduk4@student.org,1980,12,2,IOW-35,71.93,38(073)59-11-511
Михайло,Шаповал,mykhaylo.shapoval1@student.org,1999,2,14,MKP-50,33.81,38(099)14-54-767
Олена,Савченко,olena.savchenko3@student.org,1960,9,6,JNF-33,52.4,38(093)45-52-984
Раїса,Шаповал,rayisa.shapoval1@student.org,1952,1,23,PPB-86,15.65,38(063)20-68-241
Наталія,Демченко,nataliya.demchenko2@student.org,1995,6,2,INT-63,46.88,38(095)84-23-241
Людмила,Бойко,lyudmyla.boyko3@student.org,1979,8,24,IMZ-70,53.38,38(099)61-25-880
Надія,Цимбал,nadiya.tsymbal5@student.org,1954,8,4,WJO-78,92.57,38(097)98-41-870
Галина,Литвин,halyna.lytvyn3@student.org,2009,11,12,UAP-67,91.18,38(066)16-83-762
Тарас,Новік,taras.novik2@student.org,2006,5,15,IKQ-97,55.43,38(098)26-56-774
Олександр,Василенко,oleksandr.vasylenko@student.org,1950,9,17,LDP-84,70.83,38(068)12-66-901
Денис,Литвин,denys.lytvyn2@student.org,1970,10,30,YVE-76,54.38,38(099)71-33-383
Наталія,Гриценко,nataliya.hrytsenko3@student.org,1980,3,9,RQY-16,5.86,38(099)81-13-814
Олександр,Демченко,oleksandr.demchenko4@student.org,1953,11,8,KRI-27,50.15,38(099)92-54-926
Раїса,Гордієнко,rayisa.hordiyenko4@student.org,1962,2,5,YMA-84,69.51,38(093)42-73-342
Віктор,Лебедь,viktor.lebed1@student.org,1961,2,28,YXX-79,82.95,38(097)91-91-846
Алла,Шевчук,alla.shevchuk3@student.org,1977,6,3,DYJ-66,61.89,38(093)18-17-985
Іван,Король,ivan.korol2@student.org,1986,12,9,HLL-75,27.08,38(096)86-28-237
Марія,Новік,mariya.novik1@student.org,1998,11,23,KPN-18,8.05,38(099)45-20-184
Катерина,Рибак,kateryna.rybak3@student.org,1975,3,7,QHU-23,63.05,38(095)63-61-459
Лариса,Шаповал,larysa.shapoval6@student.org,2005,3,23,HZY-67,15.96,38(099)14-14-243
Євгенія,Шаповал,yevheniya.shapoval1@student.org,1986,6,26,VZI-53,11.25,38(093)62-88-893
Катерина,Кузьменко,kateryna.kuzmenko1@student.org,2008,6,5,TJB-64,11.26,38(093)36-11-438
Олеся,Павленко,olesya.pavlenko3@student.org,1976,4,14,VEQ-35,23.26,38(099)38-32-795
Лілія,Новік,liliya.novik1@student.org,1964,12,10,CUG-74,26.59,38(066)11-21-256
Юлія,Литвин,yuliya.lytvyn5@student.org,1958,1,30,XKW-52,70.24,38(050)84-62-873
Іван,Стельмах,ivan.stelmakh2@student.org,1999,6,29,ONP-18,56.08,38(093)12-85-710
Дмитро,Михайленко,dmytro.mykhaylenko3@student.org,1999,1,21,FXK-50,92.89,38(095)54-93-523
Вера,Демченко,vera.demchenko2@student.org,1964,3,24,IJO-65,4.86,38(068)29-79-830
Раїса,Коваль,rayisa.koval3@student.org,1984,9,24,BFB-61,50.0,38(073)43-15-693
Олеся,Макаренко,olesya.makarenko5@student.org,1992,2,29,UAO-12,46.7,38(063)14-76-818
Костянтин,Левченко,kostyantyn.levchenko4@student.org,1991,2,13,QJY-99,12.29,38(098)25-41-260
Ганна,Лисенко,hanna.lysenko2@student.org,1997,11,2,HRF-71,18.16,38(063)74-88-898
Роман,Рибак,roman.rybak8@student.org,1983,10,25,MYY-65,56.68,38(098)94-70-144
Роман,Король,roman.korol5@student.org,1998,1,9,XWS-61,24.83,38(073)93-95-593
Дмитро,Цимбал,dmytro.tsymbal2@student.org,2001,9,21,ZSH-30,37.23,38(063)48-62-910
Юрій,Ткаченко,yuriy.tkachenko@student.org,2001,10,7,UAP-67,59.98,38(096)64-69-148
Віталій,Лебедь,vitaliy.lebed@student.org,1999,9,16,UBF-32,57.45,38(096)70-40-476
Василь,Коваленко,vasyl.kovalenko1@student.org,2000,9,5,RVE-55,68.1,38(093)81-27-558
Федір,Іваненко,fedir.ivanenko1@student.org,1975,10,13,NVR-96,44.66,38(063)41-44-259
Вікторія,Мельник,viktoriya.melnyk3@student.org,1980,9,20,MCT-69,4.67,38(096)33-50-979
Дмитро,Савченко,dmytro.savchenko@student.org,1961,10,8,UZN-67,4.06,38(099)57-97-386
Максим,Романенко,maksym.romanenko3@student.org,1987,1,26,HPQ-88,97.0,38(068)63-38-108
Марія,Петренко,mariya.petrenko5@student.org,2001,10,16,EDM-79,47.65,38(093)29-20-493
Василь,Рибак,vasyl.rybak3@student.org,2007,11,7,USV-31,24.29,38(063)56-94-880
Вікторія,Шевченко,viktoriya.shevchenko1@student.org,2000,8,17,GHD-61,86.29,38(050)56-33-214
Денис,Іваненко,denys.ivanenko4@student.org,2006,2,5,HOM-64,75.61,38(098)69-70-756
Анна,Левченко,anna.levchenko3@student.org,2009,7,14,VVE-79,18.55,38(068)26-71-567
Марія,Лисенко,mariya.lysenko@student.org,1992,1,21,WAM-82,82.49,38(073)24-25-815
Марія,Ковальчук,mariya.kovalchuk7@student.org,1954,11,21,ZKM-78,72.4,38(063)30-94-724
Юлія,Гордієнко,yuliya.hordiyenko5@student.org,1971,1,24,YMH-78,61.05,38(068)45-88-146
Віктор,Король,viktor.korol2@student.org,1974,7,11,TSF-16,5.57,38(073)46-43-829
Олеся,Дорошенко,olesya.doroshenko3@student.org,2000,4,16,ADQ-50,68.9,38(073)33-17-482
Ганна,Панченко,hanna.panchenko4@student.org,1963,11,17,DRR-24,39.94,38(095)44-40-397
Григорій,Панченко,hryhoriy.panchenko6@student.org,1966,9,17,RKU-38,23.98,38(066)62-95-593
Юрій,Костенко,yuriy.kostenko2@student.org,1967,9,18,RCP-89,62.33,38(067)85-85-572
Станіслав,Коваль,stanislav.koval5@student.org,2010,10,3,ILR-85,11.36,38(068)35-17-689
Василь,Гордієнко,vasyl.hordiyenko4@student.org,1976,11,11,GDE-26,15.14,38(073)10-72-976
Алла,Коваленко,alla.kovalenko2@student.org,1975,8,25,VNN-77,36.9,38(093)51-58-897
Іван,Демченко,ivan.demchenko1@student.org,1957,12,24,SJT-73,20.4,38(098)76-24-549
Артем,Мельник,artem.melnyk6@student.org,1972,10,31,WSI-36,18.28,38(097)83-95-164
Ірина,Руденко,iryna.rudenko4@student.org,1953,5,25,WLL-85,28.45,38(068)23-43-831
Костянтин,Михайленко,kostyantyn.mykhaylenko3@student.org,1987,5,18,GJP-99,75.82,38(098)76-36-490
Костянтин,Лисенко,kostyantyn.lysenko4@student.org,2003,9,29,BGP-43,78.84,38(063)75-12-862
Ірина,Поліщук,iryna.polishchuk3@student.org,1966,7,13,GZB-82,1.57,38(097)23-68-228
Петро,Романенко,petro.romanenko@student.org,1985,12,26,JMT-37,12.8,38(098)52-82-877
Марія,Коваль,mariya.koval2@student.org,1999,1,27,SRU-57,47.92,38(097)31-86-501
Олеся,Лисенко,olesya.lysenko1@student.org,1951,3,24,VYJ-77,45.8,38(068)89-65-204
Костянтин,Гончаренко,kostyantyn.honcharenko1@student.org,1962,1,16,GTH-89,9.61,38(096)77-12-640
Богдан,Кравченко,bohdan.kravchenko1@student.org,1955,3,1,MGE-56,17.26,38(097)94-71-134
Григорій,Руденко,hryhoriy.rudenko3@student.org,1979,12,9,FGV-71,9.44,38(066)70-60-265
Петро,Новік,petro.novik1@student.org,1970,6,15,JSM-10,10.96,38(068)14-73-465
Іван,Рибак,ivan.rybak2@student.org,1986,7,17,WMG-49,40.69,38(096)49-84-832
Лілія,Король,liliya.korol2@student.org,1982,5,28,WUH-91,85.72,38(050)97-41-189
Віталій,Цимбал,vitaliy.tsymbal2@student.org,1995,9,18,GMF-95,96.14,38(068)87-12-195
Олена,Цимбал,olena.tsymbal1@student.org,2008,6,30,ZQG-21,0.36,38(063)94-91-546
Віталій,Бойко,vitaliy.boyko2@student.org,1986,8,27,RLS-67,8.96,38(050)73-65-186
Олена,Марченко,olena.marchenko@student.org,1966,3,17,UGJ-29,64.96,38(096)84-14-585
Раїса,Бойко,rayisa.boyko1@student.org,1986,12,2,EAJ-77,12.45,38(067)93-76-728
Алла,Коваль,alla.koval2@student.org,1984,12,18,SYH-35,20.79,38(066)34-20-822
Юрій,Бойко,yuriy.boyko5@student.org,1960,4,21,OWF-50,71.2,38(073)99-19-161
Лілія,Руденко,liliya.rudenko2@student.org,1972,12,28,HNA-90,78.85,38(067)41-91-727
Артем,Король,artem.korol2@student.org,1996,12,29,GHZ-19,51.34,38(067)99-26-743
Роман,Макаренко,roman.makarenko9@student.org,1972,5,29,EES-44,3.37,38(050)65-50-129
Станіслав,Рибак,stanislav.rybak2@student.org,1997,1,5,HHD-52,43.3,38(067)73-74-827
Федір,Гладко,fedir.hladko2@student.org,1982,8,27,MZL-99,44.69,38(063)66-29-385
Марія,Омельченко,mariya.omelchenko6@student.org,1972,10,3,BBI-69,73.56,38(095)10-54-556
Катерина,Костенко,kateryna.kostenko1@student.org,1989,9,1,HKN-68,21.2,38(099)66-48-809
Анна,Кравченко,anna.kravchenko2@student.org,1978,12,16,ITD-13,57.86,38(096)64-29-875
Наталія,Демченко,nataliya.demchenko3@student.org,1995,2,8,NKH-82,7.28,38(050)95-94-969
Віталій,Петренко,vitaliy.petrenko2@student.org,1960,6,20,MSW-18,24.59,38(067)54-86-658
Остап,Поліщук,ostap.polishchuk1@student.org,1976,9,14,LKI-56,35.51,38(093)66-11-417
Денис,Лисенко,denys.lysenko1@student.org,2004,3,7,KDH-53,24.11,38(099)55-46-135
Тарас,Бойко,taras.boyko3@student.org,1986,4,4,TCJ-82,91.18,38(066)50-85-252
Олеся,Шевчук,olesya.shevchuk1@student.org,1958,4,3,CLV-69,27.22,38(099)40-42-524
Богдан,Гладко,bohdan.hladko2@student.org,1973,2,23,GOA-66,52.58,38(063)51-66-498
Тетяна,Дорошенко,tetyana.doroshenko3@student.org,1986,1,12,SCO-24,6.14,38(066)45-75-833
Володимир,Лисенко,volodymyr.lysenko2@student.org,2004,12,25,DBY-58,41.71,38(099)65-39-120
Юрій,Кравченко,yuriy.kravchenko2@student.org,1999,7,14,PQC-85,91.32,38(063)29-29-860
Вера,Шаповал,vera.shapoval6@student.org,1995,10,1,RYN-41,29.46,38(068)42-87-452
Артем,Петренко,artem.petrenko4@student.org,1997,1,26,DRU-57,25.02,38(067)86-43-117
Галина,Авраменко,halyna.avramenko2@student.org,2010,5,12,IFO-79,37.03,38(066)37-16-888
Алла,Омельченко,alla.omelchenko2@student.org,1962,10,12,MQE-76,14.81,38(096)31-65-229
Костянтин,Зайцев,kostyantyn.zaytsev3@student.org,1955,1,8,ZEV-93,25.85,38(068)34-58-755
Віктор,Шевченко,viktor.shevchenko3@student.org,1957,3,10,OCE-48,6.97,38(067)60-67-618
Ганна,Макаренко,hanna.makarenko3@student.org,1971,5,11,XRX-93,97.69,38(066)73-54-636
Ярослав,Шевченко,yaroslav.shevchenko3@student.org,1991,4,9,YGJ-87,42.7,38(073)59-95-815
Денис,Романенко,denys.romanenko3@student.org,1961,1,21,QSJ-77,75.22,38(098)79-81-476
Володимир,Коваль,volodymyr.koval1@student.org,1967,12,19,ZUE-75,76.41,38(096)64-98-663
Богдан,Омельченко,bohdan.omelchenko1@student.org,1996,11,7,VGR-53,55.04,38(063)12-37-687
Вікторія,Новік,viktoriya.novik6@student.org,2000,8,25,EWS-22,30.52,38(097)60-98-790
Інна,Романенко,inna.romanenko2@student.org,2005,11,14,OFO-14,51.37,38(099)81-87-227
Денис,Гриценко,denys.hrytsenko1@student.org,1967,4,24,NRK-76,49.68,38(096)13-74-112
Іван,Гриценко,ivan.hrytsenko5@student.org,1954,7,15,SFC-97,54.76,38(093)71-14-222
Володимир,Павленко,volodymyr.pavlenko2@student.org,2001,10,29,LDC-59,96.95,38(068)96-32-948
Людмила,Павленко,lyudmyla.pavlenko4@student.org,1956,12,18,AAQ-98,99.59,38(050)69-99-546
Світлана,Захарченко,svitlana.zakharchenko1@student.org,1974,1,15,ABL-73,57.24,38(073)70-63-985
Артем,Василенко,artem.vasylenko4@student.org,1992,11,20,SDF-11,59.05,38(063)81-82-636
Юрій,Скрипка,yuriy.skrypka5@student.org,1987,8,2,VKY-23,28.29,38(068)83-96-389
Артем,Гончаренко,artem.honcharenko2@student.org,1957,9,21,OZL-65,84.45,38(068)77-37-565
Людмила,Кузьменко,lyudmyla.kuzmenko3@student.org,1976,4,24,PYT-71,2.53,38(099)22-66-641
Павло,Поліщук,pavlo.polishchuk3@student.org,1967,9,15,FCY-33,6.95,38(073)13-80-685
Григорій,Цимбал,hryhoriy.tsymbal3@student.org,1971,4,13,SJN-55,19.35,38(096)28-67-235
Тетяна,Зайцев,tetyana.zaytsev2@student.org,1963,1,2,VYU-77,38.55,38(095)42-10-452
Тетяна,Никоненко,tetyana.nykonenko2@student.org,1996,3,7,HVZ-31,66.94,38(050)74-43-341
Катерина,Гладко,kateryna.hladko4@student.org,1994,9,4,WYP-81,72.25,38(063)41-57-379
Федір,Гончаренко,fedir.honcharenko1@student.org,1977,3,24,GSQ-95,75.04,38(097)74-60-407
Лариса,Шаповал,larysa.shapoval7@student.org,1995,5,19,CGC-18,19.42,38(093)64-95-331
Анна,Козлов,anna.kozlov2@student.org,1984,2,13,ZYX-81,25.97,38(093)89-57-799
Олеся,Гончаренко,olesya.honcharenko1@student.org,1955,7,17,LDF-90,50.35,38(099)51-12-527
Надія,Бойко,nadiya.boyko1@student.org,1973,2,21,BMX-26,71.84,38(098)29-72-795
Ігор,Романенко,ihor.romanenko4@student.org,2002,12,23,SPV-87,16.01,38(067)94-83-777
Роман,Кравченко,roman.kravchenko5@student.org,1953,6,2,MQJ-41,59.47,38(068)12-20-689
Артем,Бойко,artem.boyko1@student.org,1990,2,23,VOF-54,10.2,38(095)25-53-122
Андрій,Лебедь,andriy.lebed5@student.org,1952,4,29,POF-91,82.04,38(067)29-27-743
Роман,Павленко,roman.pavlenko4@student.org,1974,5,19,KSW-61,47.64,38(093)63-89-649
Ганна,Дорошенко,hanna.doroshenko1@student.org,1990,11,15,VEZ-94,84.34,38(066)11-86-637
Вікторія,Новік,viktoriya.novik7@student.org,1965,10,9,AZR-37,80.46,38(093)69-52-605
Раїса,Цимбал,rayisa.tsymbal1@student.org,1997,12,4,NRK-76,82.05,38(098)37-68-830
Андрій,Бойко,andriy.boyko3@student.org,1985,6,9,GPJ-34,47.51,38(095)61-33-450
Наталія,Руденко,nataliya.rudenko@student.org,1956,11,14,FUZ-35,62.34,38(097)26-25-741
Юлія,Литвин,yuliya.lytvyn6@student.org,1962,9,23,IDL-49,82.54,38(066)74-28-689
Богдан,Гладко,bohdan.hladko3@student.org,2000,1,17,GZK-41,86.63,38(096)95-17-400
Артем,Павленко,artem.pavlenko2@student.org,2009,5,1,UYK-59,66.13,38(068)12-39-970
Станіслав,Мельник,stanislav.melnyk4@student.org,1979,3,2,LUA-50,21.95,38(095)51-18-221
Федір,Шевченко,fedir.shevchenko1@student.org,1958,10,25,HTP-18,51.17,38(067)36-12-853
Володимир,Михайленко,volodymyr.mykhaylenko1@student.org,1986,1,12,AAQ-98,11.65,38(098)25-85-826
Максим,Панченко,maksym.panchenko2@student.org,1983,2,21,XXR-45,73.06,38(050)48-13-945
Тарас,Никоненко,taras.nykonenko2@student.org,1978,7,7,TKF-83,51.92,38(073)32-24-217
Іван,Козлов,ivan.kozlov3@student.org,2004,4,30,GGP-43,5.51,38(066)66-86-329
Тетяна,Панченко,tetyana.panchenko1@student.org,1987,5,18,FXQ-99,33.11,38(063)54-41-430
Ірина,Павленко,iryna.pavlenko2@student.org,1981,11,6,SJT-73,67.71,38(067)14-72-287
Лілія,Руденко,liliya.rudenko3@student.org,1983,7,3,FRL-14,58.77,38(098)92-12-686
Тетяна,Омельченко,tetyana.omelchenko4@student.org,1965,3,27,FHH-99,38.36,38(097)62-88-170
Надія,Романенко,nadiya.romanenko2@student.org,1984,6,12,LWY-17,92.22,38(093)85-86-239
Катерина,Іваненко,kateryna.ivanenko2@student.org,1960,1,3,UJD-89,10.5,38(096)19-60-366
Андрій,Коваль,andriy.koval3@student.org,1979,2,3,GMQ-74,94.6,38(093)73-67-876
Станіслав,Гриценко,stanislav.hrytsenko3@student.org,1958,1,17,HNA-90,58.93,38(073)36-13-377
Василь,Кузьменко,vasyl.kuzmenko1@student.org,1996,11,10,XTL-68,11.93,38(063)53-83-746
Костянтин,Білоус,kostyantyn.bilous2@student.org,1953,10,22,IUA-16,28.33,38(066)37-57-433
Остап,Король,ostap.korol4@student.org,1960,9,25,VQE-86,40.46,38(099)77-84-147
Олеся,Мельник,olesya.melnyk2@student.org,1954,9,6,XZQ-35,22.78,38(067)63-32-670
Костянтин,Шаповал,kostyantyn.shapoval2@student.org,1992,5,1,DSB-37,55.45,38(099)99-47-385
Павло,Коваленко,pavlo.kovalenko2@student.org,1954,4,29,QDV-62,31.55,38(099)30-50-931
Світлана,Панченко,svitlana.panchenko3@student.org,2000,3,11,RWL-70,1.7,38(099)65-10-831
Андрій,Литвин,andriy.lytvyn@student.org,1987,8,25,MHB-40,94.43,38(098)46-90-811
Ірина,Кравченко,iryna.kravchenko3@student.org,1961,12,13,EDJ-73,67.1,38(093)73-74-665
Марія,Коваль,mariya.koval3@student.org,2006,6,27,XNG-77,8.62,38(096)48-10-207
Федір,Шаповал,fedir.shapoval1@student.org,1985,10,29,JFX-85,63.56,38(098)55-57-907
Петро,Бойко,petro.boyko2@student.org,1973,7,16,ZCD-12,2.86,38(099)28-37-565
Станіслав,Дорошенко,stanislav.doroshenko3@student.org,1999,2,4,BUL-27,82.4,38(099)97-11-767
Євгенія,Цимбал,yevheniya.tsymbal4@student.org,1994,7,29,IYJ-53,0.6,38(068)33-17-219
Юлія,Руденко,yuliya.rudenko7@student.org,1951,4,2,SDA-23,48.28,38(063)16-27-336
Лариса,Рибак,larysa.rybak1@student.org,1952,4,22,DBN-53,57.97,38(097)74-13-220
Григорій,Лисенко,hryhoriy.lysenko2@student.org,1950,8,4,FWA-35,72.53,38(093)52-51-386
Валентина,Гайдук,valentyna.hayduk1@student.org,1962,8,20,LRS-50,10.82,38(068)67-82-549
Сергій,Шаповал,serhiy.shapoval@student.org,2002,10,22,RBT-10,76.43,38(096)64-60-488
Павло,Коваленко,pavlo.kovalenko3@student.org,1956,3,19,YLV-97,52.76,38(068)16-25-563
Федір,Кузьменко,fedir.kuzmenko1@student.org,2010,9,8,DUY-12,83.32,38(095)80-49-946
Олександр,Скрипка,oleksandr.skrypka1@student.org,2007,3,12,VGD-51,11.98,38(099)81-27-424
Іван,Захарченко,ivan.zakharchenko@student.org,1988,8,18,LVB-79,96.53,38(097)26-39-600
Наталія,Павленко,nataliya.pavlenko5@student.org,1995,5,21,HZI-26,22.35,38(099)88-73-235
Богдан,Литвин,bohdan.lytvyn1@student.org,1957,8,7,JYV-76,75.66,38(073)17-65-400
Анна,Михайленко,anna.mykhaylenko1@student.org,1965,3,7,SQO-31,53.76,38(098)70-25-993
Іван,Поліщук,ivan.polishchuk1@student.org,1985,9,14,MFP-16,14.94,38(066)27-68-886
Роман,Савченко,roman.savchenko5@student.org,1969,11,2,YQT-40,6.68,38(097)27-77-819
Костянтин,Стельмах,kostyantyn.stelmakh1@student.org,1960,8,5,BWW-44,41.7,38(067)49-47-354
Євгенія,Ткаченко,yevheniya.tkachenko@student.org,1993,1,21,NHQ-59,3.66,38(068)70-73-876
Роман,Петренко,roman.petrenko6@student.org,2009,2,15,SDE-69,63.58,38(097)93-26-142
Тарас,Стельмах,taras.stelmakh3@student.org,2010,2,10,LGT-94,58.96,38(067)42-67-930
Вікторія,Мельник,viktoriya.melnyk4@student.org,2005,2,7,CCR-57,68.23,38(096)56-22-182
Олеся,Ковальчук,olesya.kovalchuk5@student.org,1962,8,29,EOF-14,2.5,38(068)52-31-727
Ярослав,Марченко,yaroslav.marchenko2@student.org,1958,7,9,DMD-27,61.35,38(067)38-84-323
Катерина,Савченко,kateryna.savchenko2@student.org,2008,3,19,JBP-16,74.54,38(093)13-45-253
Ірина,Михайленко,iryna.mykhaylenko3@student.org,1968,6,4,TBS-62,40.69,38(097)92-18-915
Ярослав,Гриценко,yaroslav.hrytsenko2@student.org,2002,7,31,QZG-88,31.98,38(098)22-62-372
Станіслав,Білоус,stanislav.bilous6@student.org,1978,1,13,ZWO-61,40.24,38(095)48-76-762
Галина,Левченко,halyna.levchenko2@student.org,1957,10,1,CSD-51,39.13,38(093)27-63-310
Володимир,Савченко,volodymyr.savchenko2@student.org,1986,10,19,KMC-42,42.46,38(096)54-34-597
Надія,Новік,nadiya.novik7@student.org,1973,3,3,UIF-76,60.14,38(063)95-44-828
Станіслав,Гриценко,stanislav.hrytsenko4@student.org,2005,10,17,EVG-32,49.75,38(066)12-38-279
Вера,Новік,vera.novik2@student.org,2006,11,29,XML-35,55.26,38(068)32-40-212
Роман,Омельченко,roman.omelchenko6@student.org,1997,8,1,PMT-82,95.1,38(097)77-29-704
Петро,Шаповал,petro.shapoval1@student.org,1957,9,13,GNT-12,15.88,38(098)48-38-368
Олеся,Гордієнко,olesya.hordiyenko4@student.org,1968,3,31,QUA-18,33.77,38(066)60-56-266
Вікторія,Зайцев,viktoriya.zaytsev@student.org,2009,9,18,VPJ-53,47.45,38(097)16-20-696
Людмила,Авраменко,lyudmyla.avramenko3@student.org,1980,4,2,YFT-65,97.04,38(050)44-22-454
Раїса,Білоус,rayisa.bilous1@student.org,1961,10,3,CSZ-46,39.53,38(063)67-25-539
Олександр,Гладко,oleksandr.hladko4@student.org,1987,6,25,MKO-42,17.68,38(068)27-76-293
Тарас,Савченко,taras.savchenko1@student.org,1983,1,31,UDU-41,42.57,38(097)67-40-587
Юлія,Гончаренко,yuliya.honcharenko3@student.org,1953,4,14,EFY-17,72.15,38(073)66-73-788
Євгенія,Коваль,yevheniya.koval1@student.org,2007,4,11,EPC-10,52.42,38(068)20-64-168
Денис,Коваленко,denys.kovalenko2@student.org,1997,2,16,IHU-98,9.86,38(066)43-28-212
Галина,Іваненко,halyna.ivanenko3@student.org,1975,12,12,NMI-97,72.53,38(093)50-17-139
Ірина,Бойко,iryna.boyko2@student.org,2008,6,17,VWH-68,7.47,38(073)37-31-199
Артем,Гладко,artem.hladko1@student.org,1976,8,5,ITM-95,47.29,38(096)46-81-836
Максим,Лисенко,maksym.lysenko5@student.org,1994,8,29,BYT-28,85.29,38(067)76-88-779
Ірина,Гриценко,iryna.hrytsenko1@student.org,1999,12,20,SVV-60,6.9,38(098)93-20-232
Інна,Гладко,inna.hladko@student.org,2001,3,15,MQW-29,7.84,38(067)93-96-186
Віталій,Білоус,vitaliy.bilous3@student.org,1962,11,4,ZJY-82,80.36,38(097)17-87-394
Віктор,Білоус,viktor.bilous2@student.org,1982,7,21,YVA-94,60.61,38(099)72-60-501
Остап,Павленко,ostap.pavlenko@student.org,2006,7,3,TMT-75,87.59,38(096)79-80-458
Костянтин,Панченко,kostyantyn.panchenko5@student.org,1979,11,30,VMG-17,69.15,38(050)82-41-765
Віктор,Дорошенко,viktor.doroshenko2@student.org,1978,2,5,OGO-76,43.87,38(050)17-11-209
Олеся,Литвин,olesya.lytvyn2@student.org,1985,9,2,BWV-10,95.87,38(067)34-33-782
Вікторія,Ковальчук,viktoriya.kovalchuk2@student.org,1972,7,7,XJX-92,17.05,38(066)91-13-860
Лілія,Стельмах,liliya.stelmakh1@student.org,1982,7,18,KBM-61,32.26,38(067)38-37-951
Денис,Рибак,denys.rybak3@student.org,2008,11,22,GSQ-95,62.67,38(093)23-65-650
Павло,Омельченко,pavlo.omelchenko1@student.org,1972,4,7,MSL-99,25.71,38(068)38-98-733
Раїса,Бойко,rayisa.boyko2@student.org,1961,11,23,QRT-14,37.05,38(068)92-64-760
Костянтин,Гордієнко,kostyantyn.hordiyenko@student.org,2000,6,10,QYE-60,56.84,38(098)98-14-859
Роман,Петренко,roman.petrenko7@student.org,2006,5,1,LBZ-19,22.8,38(098)17-66-557
Станіслав,Руденко,stanislav.rudenko3@student.org,1952,12,18,VWH-68,15.03,38(095)18-14-784
Євгенія,Козлов,yevheniya.kozlov7@student.org,1989,3,8,QRT-14,68.12,38(095)71-23-691
Світлана,Кузьменко,svitlana.kuzmenko2@student.org,1964,7,12,DNN-30,56.87,38(099)89-61-567
Юрій,Дорошенко,yuriy.doroshenko@student.org,1974,11,14,KVB-61,24.98,38(063)76-65-577
Інна,Рибак,inna.rybak@student.org,1978,6,8,VJM-64,86.11,38(073)36-71-631
Роман,Руденко,roman.rudenko8@student.org,1962,9,13,WLB-89,72.12,38(095)87-54-560
Володимир,Руденко,volodymyr.rudenko2@student.org,1999,2,24,JOQ-99,21.59,38(073)54-46-876
Роман,Гладко,roman.hladko2@student.org,2009,11,15,ELD-71,32.88,38(063)65-30-699
Катерина,Поліщук,kateryna.polishchuk2@student.org,1950,2,27,MVJ-24,96.17,38(068)86-66-668
Денис,Захарченко,denys.zakharchenko2@student.org,2002,12,18,SYU-79,83.57,38(096)36-51-615
Денис,Демченко,denys.demchenko2@student.org,1955,11,12,REZ-46,71.07,38(096)74-71-130
Михайло,Костенко,mykhaylo.kostenko3@student.org,2010,12,3,DJK-42,20.85,38(073)11-30-367
Інна,Ткаченко,inna.tkachenko4@student.org,1954,11,25,ACY-97,28.96,38(067)69-88-359
Надія,Гриценко,nadiya.hrytsenko2@student.org,1972,10,31,YET-67,92.34,38(067)82-61-324
Ігор,Гордієнко,ihor.hordiyenko4@student.org,2010,3,6,YUV-88,64.25,38(097)88-83-648
Інна,Петренко,inna.petrenko1@student.org,1970,1,11,KFZ-46,39.27,38(096)68-26-506
Тарас,Панченко,taras.panchenko6@student.org,1983,2,21,OMQ-10,58.31,38(063)37-22-442
Роман,Романенко,roman.romanenko3@student.org,2002,4,22,JZN-53,71.65,38(066)98-85-311
Галина,Омельченко,halyna.omelchenko2@student.org,1965,10,29,RQB-97,50.51,38(097)30-43-425
Василь,Гордієнко,vasyl.hordiyenko5@student.org,1995,4,5,PBI-43,52.04,38(099)66-97-684
Віктор,Авраменко,viktor.avramenko2@student.org,2003,3,4,RCP-89,2.53,38(066)48-68-475
Вера,Павленко,vera.pavlenko1@student.org,1953,2,2,ZBK-41,72.06,38(097)28-19-556
Валентина,Гладко,valentyna.hladko3@student.org,1994,8,10,RCI-94,3.06,38(067)75-33-603
Катерина,Гайдук,kateryna.hayduk3@student.org,1984,8,19,AGO-30,71.84,38(067)65-78-589
Юрій,Лебедь,yuriy.lebed1@student.org,1988,2,1,LRS-50,88.62,38(066)53-16-666
Олена,Романенко,olena.romanenko2@student.org,1975,1,11,ARH-42,39.96,38(098)91-16-862
Павло,Романенко,pavlo.romanenko3@student.org,1992,8,17,TIQ-40,82.12,38(063)70-91-333
Богдан,Кузьменко,bohdan.kuzmenko2@student.org,1982,2,13,XBQ-96,97.3,38(095)10-56-312
Алла,Шевченко,alla.shevchenko2@student.org,1986,2,17,CNR-35,34.97,38(067)39-50-656
Ганна,Ковальчук,hanna.kovalchuk@student.org,1959,2,27,MZL-99,71.7,38(098)17-88-654
Алла,Петренко,alla.petrenko1@student.org,1966,9,9,RHL-43,73.15,38(097)43-72-912
Станіслав,Ковальчук,stanislav.kovalchuk2@student.org,1954,12,10,ZVZ-60,53.36,38(063)48-52-678
Василь,Рибак,vasyl.rybak4@student.org,1976,6,13,ROA-13,4.37,38(098)63-77-250
Анна,Рибак,anna.rybak4@student.org,1995,3,6,TIX-34,18.37,38(068)45-94-555
Валентина,Литвин,valentyna.lytvyn3@student.org,2006,9,23,HLB-90,60.57,38(066)12-41-448
Василь,Макаренко,vasyl.makarenko3@student.org,1981,12,21,SKS-36,28.05,38(050)30-67-247
Сергій,Коваль,serhiy.koval2@student.org,1986,3,24,UER-90,90.97,38(097)22-13-976
Ігор,Левченко,ihor.levchenko1@student.org,1988,4,20,GVH-91,27.36,38(063)22-98-599
Оксана,Лебедь,oksana.lebed1@student.org,1991,11,13,HXP-30,21.37,38(066)38-92-502
Володимир,Костенко,volodymyr.kostenko4@student.org,1998,12,9,MWV-16,28.51,38(073)74-90-171
Надія,Захарченко,nadiya.zakharchenko2@student.org,1959,8,3,BCU-41,96.62,38(050)83-70-895
Дмитро,Гончаренко,dmytro.honcharenko2@student.org,2003,12,15,MDB-13,1.65,38(095)25-41-356
Алла,Авраменко,alla.avramenko3@student.org,1963,11,21,VCU-53,42.43,38(066)67-76-626
Олена,Никоненко,olena.nykonenko3@student.org,1973,1,31,RAS-52,51.55,38(097)22-75-435
Любов,Авраменко,lyubov.avramenko3@student.org,1968,10,4,NLC-55,63.57,38(068)50-31-880
Інна,Дорошенко,inna.doroshenko2@student.org,1984,4,27,LIM-61,53.7,38(067)77-97-472
Роман,Петренко,roman.petrenko8@student.org,2001,9,5,ITH-31,92.44,38(050)97-39-941
Олександр,Павленко,oleksandr.pavlenko1@student.org,1964,9,12,CFS-77,14.9,38(067)67-94-896
Володимир,Авраменко,volodymyr.avramenko1@student.org,2008,6,5,IJF-13,8.38,38(067)70-78-459
Лілія,Шевчук,liliya.shevchuk3@student.org,1972,1,24,JBX-14,12.79,38(095)68-22-391
Юрій,Поліщук,yuriy.polishchuk2@student.org,1985,7,22,XTI-74,83.96,38(098)98-59-394
Інна,Іваненко,inna.ivanenko1@student.org,1979,10,16,APE-99,63.65,38(095)23-65-232
Тетяна,Бойко,tetyana.boyko3@student.org,1987,5,27,IYT-95,41.52,38(098)37-57-153
Костянтин,Авраменко,kostyantyn.avramenko1@student.org,1969,10,24,KXE-18,54.82,38(093)17-23-258
Юлія,Новік,yuliya.novik@student.org,1978,1,26,HTE-45,18.66,38(073)48-95-537
Сергій,Поліщук,serhiy.polishchuk1@student.org,2009,6,22,FGS-78,46.25,38(066)58-86-253
Василь,Михайленко,vasyl.mykhaylenko2@student.org,1954,8,12,WXM-72,87.44,38(093)88-89-426
Катерина,Новік,kateryna.novik3@student.org,1992,7,24,PQA-42,94.5,38(099)34-10-879
Максим,Павленко,maksym.pavlenko1@student.org,2004,1,2,LYX-17,90.4,38(063)11-19-278
Роман,Коваленко,roman.kovalenko4@student.org,1998,6,14,GKD-58,68.89,38(096)69-14-639
Ярослав,Василенко,yaroslav.vasylenko@student.org,1951,12,2,LUB-84,29.28,38(073)80-86-414
Віталій,Білоус,vitaliy.bilous4@student.org,1951,1,7,DNB-46,29.91,38(097)15-68-654
Андрій,Левченко,andriy.levchenko3@student.org,2009,3,3,COH-65,25.59,38(063)41-74-762
Олександр,Дорошенко,oleksandr.doroshenko2@student.org,2004,12,14,BWA-26,93.83,38(095)35-53-947
Оксана,Ковальчук,oksana.kovalchuk3@student.org,1976,3,23,CUG-74,74.62,38(099)78-87-892
Сергій,Коваленко,serhiy.kovalenko2@student.org,1960,2,1,VEU-58,12.48,38(068)77-82-426
Роман,Коваль,roman.koval11@student.org,1987,12,4,KEN-31,24.55,38(066)91-93-771
Галина,Ткаченко,halyna.tkachenko6@student.org,1965,3,18,ITI-56,64.38,38(098)91-60-211
Олена,Романенко,olena.romanenko3@student.org,1960,7,17,HOX-73,5.05,38(050)92-23-999
Андрій,Костенко,andriy.kostenko5@student.org,1962,2,26,AJX-59,95.35,38(097)80-34-355
Ігор,Панченко,ihor.panchenko3@student.org,1997,12,15,PKO-40,0.37,38(066)98-15-309
Євгенія,Дорошенко,yevheniya.doroshenko3@student.org,1991,10,12,MKC-39,61.47,38(066)24-69-446
Артем,Шаповал,artem.shapoval@student.org,1997,7,28,TWP-89,47.12,38(068)56-32-965
Максим,Петренко,maksym.petrenko3@student.org,1970,8,12,FHJ-12,18.28,38(067)77-47-287
Світлана,Петренко,svitlana.petrenko1@student.org,1992,12,12,BQP-57,24.97,38(050)53-31-464
Михайло,Михайленко,mykhaylo.mykhaylenko1@student.org,2001,9,18,JUE-17,3.37,38(096)93-44-573
Людмила,Павленко,lyudmyla.pavlenko5@student.org,2006,6,20,HSQ-85,52.34,38(097)76-63-138
Світлана,Білоус,svitlana.bilous3@student.org,2007,8,10,YMB-90,32.38,38(068)16-96-931
Олеся,Лисенко,olesya.lysenko2@student.org,1979,6,1,RCK-12,21.32,38(097)16-93-148
Тетяна,Романенко,tetyana.romanenko2@student.org,1976,10,27,YFO-13,77.34,38(068)44-53-116
Вікторія,Гайдук,viktoriya.hayduk@student.org,1962,9,22,JUN-56,35.8,38(068)13-46-906
Раїса,Кравченко,rayisa.kravchenko2@student.org,2006,11,11,VTI-41,32.69,38(097)53-70-131
Олеся,Коваль,olesya.koval2@student.org,2009,12,9,ELA-24,89.34,38(099)27-60-878
Любов,Ткаченко,lyubov.tkachenko1@student.org,1966,11,28,RJN-57,62.71,38(068)54-68-402
Василь,Омельченко,vasyl.omelchenko3@student.org,2008,4,23,BHC-41,27.19,38(095)31-85-129
Наталія,Левченко,nataliya.levchenko2@student.org,1980,11,27,DRT-72,48.38,38(099)66-14-300
Алла,Никоненко,alla.nykonenko2@student.org,1987,10,24,BCO-87,14.64,38(098)74-44-179
Григорій,Зайцев,hryhoriy.zaytsev2@student.org,1979,8,8,BCS-56,97.85,38(067)49-37-458
Оксана,Шевченко,oksana.shevchenko6@student.org,1977,11,2,XZZ-48,6.51,38(096)19-56-321
Лілія,Коваль,liliya.koval1@student.org,2005,8,10,CSK-26,26.35,38(066)95-39-393
Максим,Шаповал,maksym.shapoval5@student.org,1952,8,26,WAV-91,67.41,38(098)95-21-684
Василь,Поліщук,vasyl.polishchuk2@student.org,2010,9,24,BUD-55,15.74,38(095)34-42-513
Інна,Костенко,inna.kostenko1@student.org,1985,11,2,GQT-79,86.53,38(096)49-65-186
Ірина,Захарченко,iryna.zakharchenko1@student.org,2003,6,12,UYT-69,78.64,38(050)26-44-602
Оксана,Павленко,oksana.pavlenko1@student.org,1957,8,21,JUZ-61,57.58,38(099)96-44-506
Юлія,Поліщук,yuliya.polishchuk1@student.org,1986,6,18,ETC-80,0.71,38(097)47-60-805
Олена,Поліщук,olena.polishchuk3@student.org,1995,9,17,IHU-98,51.27,38(099)48-83-850
Михайло,Дорошенко,mykhaylo.doroshenko4@student.org,1984,12,2,UDF-56,43.28,38(098)58-70-255
Остап,Михайленко,ostap.mykhaylenko2@student.org,2004,9,21,OEQ-17,99.18,38(096)89-22-501
Дмитро,Руденко,dmytro.rudenko3@student.org,1960,1,20,EWD-30,31.22,38(096)86-12-261
Григорій,Іваненко,hryhoriy.ivanenko1@student.org,1980,5,25,ECL-63,67.56,38(096)66-69-158
Юлія,Авраменко,yuliya.avramenko3@student.org,1989,8,16,SQA-42,97.73,38(073)86-64-989
Станіслав,Петренко,stanislav.petrenko3@student.org,1980,5,28,XZW-68,88.3,38(096)63-16-976
Оксана,Василенко,oksana.vasylenko2@student.org,1977,4,24,OUW-61,12.59,38(093)90-89-331
Олеся,Шаповал,olesya.shapoval4@student.org,1983,11,30,JAP-98,10.61,38(093)55-59-362
Роман,Цимбал,roman.tsymbal6@student.org,1985,1,22,NRV-65,77.61,38(063)23-20-603
Марія,Поліщук,mariya.polishchuk1@student.org,2008,11,6,QKC-73,38.3,38(099)81-65-427
Павло,Гладко,pavlo.hladko2@student.org,1961,12,26,VGB-57,3.15,38(097)11-87-877
Богдан,Шевченко,bohdan.shevchenko4@student.org,2009,1,25,FCT-16,60.05,38(097)53-23-696
Марія,Стельмах,mariya.stelmakh2@student.org,1950,8,31,IDG-60,63.06,38(095)88-67-461
Тетяна,Василенко,tetyana.vasylenko2@student.org,1957,10,15,XOD-78,21.79,38(099)32-42-989
Вера,Панченко,vera.panchenko@student.org,1969,11,30,JHG-33,45.78,38(050)22-51-212
Роман,Стельмах,roman.stelmakh3@student.org,1991,2,2,KCY-24,21.54,38(063)64-58-547
Світлана,Шаповал,svitlana.shapoval2@student.org,2010,8,13,CAV-22,16.53,38(050)16-81-708
Тарас,Лебедь,taras.lebed1@student.org,1989,1,16,MBM-91,29.17,38(096)26-49-677
Юлія,Коваль,yuliya.koval@student.org,2007,12,28,ZYY-37,77.81,38(096)61-47-445
Галина,Литвин,halyna.lytvyn4@student.org,2009,4,3,UGM-37,28.63,38(098)89-41-329
Михайло,Никоненко,mykhaylo.nykonenko1@student.org,1961,4,26,KZK-68,67.87,38(068)68-56-597
Наталія,Ковальчук,nataliya.kovalchuk4@student.org,1973,8,30,HIT-82,85.4,38(093)91-85-301
Ганна,Стельмах,hanna.stelmakh2@student.org,1962,9,20,LAA-92,70.55,38(073)60-72-687
Оксана,Лебедь,oksana.lebed2@student.org,1997,3,19,POJ-12,60.61,38(098)23-78-184
Алла,Руденко,alla.rudenko2@student.org,1998,12,1,FGE-15,20.47,38(066)76-19-635
Раїса,Ковальчук,rayisa.kovalchuk2@student.org,1953,1,8,XPK-67,37.56,38(097)29-60-914
Алла,Руденко,alla.rudenko3@student.org,1965,6,23,GDE-63,73.11,38(073)81-37-864
Богдан,Демченко,bohdan.demchenko2@student.org,1994,10,9,YBY-52,60.1,38(050)45-90-571
Наталія,Левченко,nataliya.levchenko3@student.org,1960,3,19,PSI-11,45.04,38(099)90-54-187
Катерина,Петренко,kateryna.petrenko4@student.org,1985,5,19,RVS-74,1.54,38(050)24-67-497
Ганна,Гордієнко,hanna.hordiyenko3@student.org,1971,3,21,MGA-91,74.95,38(067)93-60-241
Василь,Макаренко,vasyl.makarenko4@student.org,1956,1,15,REU-86,88.78,38(099)14-46-645
Максим,Шевчук,maksym.shevchuk2@student.org,1982,1,22,RHT-51,48.81,38(095)40-76-480
Лариса,Гайдук,larysa.hayduk3@student.org,1990,8,28,MYY-84,29.34,38(068)74-37-106
Дмитро,Павленко,dmytro.pavlenko1@student.org,1986,2,22,YQT-40,80.84,38(067)11-16-800
Віталій,Білоус,vitaliy.bilous5@student.org,1999,11,28,EHX-14,69.74,38(068)64-33-596
Людмила,Левченко,lyudmyla.levchenko2@student.org,1987,5,25,UNT-85,0.05,38(095)58-80-927
Вера,Демченко,vera.demchenko3@student.org,2004,12,25,MPP-91,81.84,38(095)60-32-841
Роман,Костенко,roman.kostenko5@student.org,2004,6,1,GOA-66,83.35,38(098)13-92-964
Артем,Лебедь,artem.lebed3@student.org,1964,2,9,AJX-59,18.61,38(099)60-69-517
Ярослав,Гайдук,yaroslav.hayduk1@student.org,1988,1,19,QDF-55,81.99,38(095)79-59-854
Вікторія,Новік,viktoriya.novik8@student.org,1985,2,8,WSN-52,79.22,38(050)97-74-105
Інна,Михайленко,inna.mykhaylenko3@student.org,1967,7,16,SKG-79,97.39,38(096)43-74-961
Тарас,Василенко,taras.vasylenko3@student.org,1956,4,9,CAA-51,30.27,38(073)17-63-447
Марія,Лебедь,mariya.lebed2@student.org,2007,1,19,FCC-48,46.28,38(093)58-35-283
Оксана,Василенко,oksana.vasylenko3@student.org,1959,6,10,VUD-97,88.49,38(093)35-43-125
Артем,Бойко,artem.boyko2@student.org,1991,5,14,XBO-96,89.15,38(099)34-12-418
Денис,Король,denys.korol3@student.org,1963,5,24,QMJ-52,12.69,38(099)40-93-830
Михайло,Лебедь,mykhaylo.lebed2@student.org,1994,11,28,ACX-46,59.84,38(095)47-64-211
Анна,Кравченко,anna.kravchenko3@student.org,1985,12,9,PPK-58,36.63,38(097)75-85-858
Денис,Никоненко,denys.nykonenko2@student.org,1971,8,3,IXU-95,32.25,38(095)97-71-236
Віктор,Руденко,viktor.rudenko3@student.org,2004,1,17,WMA-83,21.34,38(050)26-92-611
Вера,Ковальчук,vera.kovalchuk1@student.org,1951,7,2,FQA-61,56.91,38(095)60-34-549
Сергій,Гайдук,serhiy.hayduk5@student.org,1988,9,22,TGD-46,70.04,38(095)92-92-643
Роман,Савченко,roman.savchenko6@student.org,1999,7,15,AHE-99,4.14,38(066)41-64-334
Валентина,Савченко,valentyna.savchenko2@student.org,1971,6,24,MSS-44,55.88,38(073)68-34-157
Олена,Бойко,olena.boyko3@student.org,1998,11,15,ZYA-14,17.58,38(096)68-95-857
Віталій,Павленко,vitaliy.pavlenko1@student.org,1955,1,14,XNG-77,29.45,38(067)47-32-186
Богдан,Цимбал,bohdan.tsymbal1@student.org,1991,1,6,EII-42,99.0,38(099)29-18-217
Євгенія,Макаренко,yevheniya.makarenko2@student.org,1986,8,10,CUG-74,87.95,38(098)38-81-145
Алла,Поліщук,alla.polishchuk@student.org,1959,7,1,JTF-24,5.03,38(050)14-53-136
Федір,Михайленко,fedir.mykhaylenko2@student.org,1991,9,12,MUQ-59,35.44,38(066)98-84-774
Анна,Демченко,anna.demchenko2@student.org,1981,2,4,VFY-51,4.71,38(063)48-73-672
Вікторія,Гриценко,viktoriya.hrytsenko2@student.org,1978,10,20,RFI-24,44.83,38(067)26-40-500
Тарас,Панченко,taras.panchenko7@student.org,1983,3,29,CRS-54,71.67,38(066)75-60-138
Світлана,Гриценко,svitlana.hrytsenko5@student.org,1986,9,4,NMG-31,40.51,38(050)81-41-361
Катерина,Панченко,kateryna.panchenko1@student.org,1956,1,12,BFQ-81,12.01,38(098)19-87-741
Остап,Бойко,ostap.boyko2@student.org,1986,10,27,RJN-57,57.92,38(093)95-29-590
Галина,Левченко,halyna.levchenko3@student.org,1965,6,14,CZV-59,26.07,38(093)40-10-895
Юрій,Гордієнко,yuriy.hordiyenko@student.org,1972,4,15,OOK-97,19.97,38(099)67-80-679
Денис,Мельник,denys.melnyk3@student.org,2004,6,28,ICO-23,9.15,38(066)60-26-551
Сергій,Іваненко,serhiy.ivanenko4@student.org,1998,11,14,FST-51,8.91,38(096)24-47-685
Лариса,Демченко,larysa.demchenko5@student.org,1961,11,15,XLL-44,97.14,38(099)92-40-487
Денис,Гончаренко,denys.honcharenko4@student.org,1983,2,4,MGA-91,79.6,38(068)12-26-424
Євгенія,Гриценко,yevheniya.hrytsenko5@student.org,2000,11,14,JAU-48,67.19,38(068)93-49-913
Оксана,Лебедь,oksana.lebed3@student.org,1954,8,29,HAF-75,36.88,38(098)85-61-891
Станіслав,Омельченко,stanislav.omelchenko@student.org,1969,10,22,JBI-43,44.8,38(099)69-10-255
Федір,Мельник,fedir.melnyk4@student.org,1985,9,9,PKK-25,76.17,38(099)76-31-745
Максим,Петренко,maksym.petrenko4@student.org,1999,12,17,DKO-94,98.94,38(050)94-21-291
Сергій,Іваненко,serhiy.ivanenko5@student.org,2000,3,16,VTM-15,72.84,38(067)33-40-559
Тарас,Макаренко,taras.makarenko2@student.org,1985,4,22,BXV-10,49.04,38(096)64-12-916
Тарас,Рибак,taras.rybak2@student.org,1972,11,2,CGL-19,64.76,38(096)65-81-730
Ігор,Демченко,ihor.demchenko1@student.org,2005,12,12,HUU-78,24.68,38(099)38-40-595
Михайло,Никоненко,mykhaylo.nykonenko2@student.org,1982,2,1,SQA-97,32.23,38(067)64-54-701
Тетяна,Шевченко,tetyana.shevchenko3@student.org,2003,1,16,ZZD-11,17.61,38(098)83-11-278
Лариса,Гончаренко,larysa.honcharenko4@student.org,2006,7,2,ERG-13,94.72,38(066)15-68-760
Алла,Стельмах,alla.stelmakh2@student.org,2004,7,28,UIH-37,96.04,38(066)35-56-369
Віктор,Литвин,viktor.lytvyn5@student.org,1987,11,13,AZM-57,72.35,38(099)89-79-893
Наталія,Костенко,nataliya.kostenko2@student.org,1955,6,8,YQF-82,81.24,38(067)94-70-654
Наталія,Скрипка,nataliya.skrypka1@student.org,1952,7,2,CLV-69,88.07,38(095)54-91-383
Ірина,Павленко,iryna.pavlenko3@student.org,1958,5,27,LZV-38,13.45,38(067)52-95-321
Роман,Павленко,roman.pavlenko5@student.org,1993,6,27,RYO-36,27.74,38(096)56-20-731
Віталій,Іваненко,vitaliy.ivanenko1@student.org,1950,10,7,ZQG-21,51.98,38(050)10-37-243
Олеся,Павленко,olesya.pavlenko4@student.org,1992,7,28,HHD-52,3.56,38(073)57-26-501
Сергій,Білоус,serhiy.bilous1@student.org,1992,4,16,TVN-71,5.74,38(093)53-76-339
Галина,Поліщук,halyna.polishchuk5@student.org,1985,7,22,BHC-41,96.37,38(097)61-65-418
Ярослав,Гордієнко,yaroslav.hordiyenko2@student.org,1986,8,7,XYT-71,44.65,38(050)17-58-645
Ігор,Гончаренко,ihor.honcharenko2@student.org,1990,12,25,CIV-55,48.65,38(068)77-23-901
Іван,Макаренко,ivan.makarenko@student.org,1988,10,8,FND-88,82.1,38(068)17-62-554
Сергій,Бойко,serhiy.boyko3@student.org,2006,7,28,KMU-68,10.81,38(095)70-96-654
Тетяна,Кравченко,tetyana.kravchenko2@student.org,1963,11,24,BXD-48,98.45,38(098)23-56-847
Валентина,Романенко,valentyna.romanenko3@student.org,1970,8,8,REU-86,86.14,38(050)94-52-129
Людмила,Гриценко,lyudmyla.hrytsenko1@student.org,1981,5,24,FKG-58,54.52,38(096)20-79-918
Тарас,Шевчук,taras.shevchuk2@student.org,1982,4,15,XMQ-18,79.01,38(050)89-62-507
Павло,Скрипка,pavlo.skrypka1@student.org,1952,3,12,KMM-18,73.09,38(099)93-20-698
Дмитро,Новік,dmytro.novik4@student.org,2004,10,2,JTF-24,10.5,38(097)22-55-430
Олена,Лисенко,olena.lysenko2@student.org,1986,5,13,YDJ-57,29.93,38(093)28-66-941
Ігор,Захарченко,ihor.zakharchenko1@student.org,1976,6,3,KCY-24,60.61,38(098)47-71-853
Галина,Бойко,halyna.boyko3@student.org,1993,3,1,IPH-66,24.11,38(093)41-26-840
Артем,Скрипка,artem.skrypka@student.org,1965,1,4,LLQ-93,15.18,38(050)66-22-595
Віталій,Кравченко,vitaliy.kravchenko6@student.org,1957,3,3,KYR-44,56.34,38(050)10-49-502
Григорій,Кузьменко,hryhoriy.kuzmenko2@student.org,1991,4,22,BCO-87,93.42,38(063)15-83-682
Валентина,Гриценко,valentyna.hrytsenko2@student.org,1972,4,7,RTY-32,49.95,38(098)26-28-448
Любов,Петренко,lyubov.petrenko2@student.org,1988,1,6,UWI-54,23.43,38(073)14-48-834
Лілія,Іваненко,liliya.ivanenko3@student.org,1982,4,16,FXQ-99,52.11,38(096)97-18-491
Наталія,Білоус,nataliya.bilous2@student.org,1954,4,28,ACQ-58,49.46,38(095)40-36-951
Василь,Лебедь,vasyl.lebed5@student.org,1969,5,3,JFL-39,95.75,38(050)33-51-732
Валентина,Бойко,valentyna.boyko7@student.org,2009,9,24,VFU-77,47.94,38(093)31-95-501
Оксана,Ковальчук,oksana.kovalchuk4@student.org,1962,7,16,FWL-33,69.96,38(063)70-35-542
Юлія,Никоненко,yuliya.nykonenko3@student.org,1955,8,27,IRC-92,94.68,38(050)57-14-996
Богдан,Панченко,bohdan.panchenko1@student.org,2000,11,22,HAF-32,40.68,38(050)67-95-235
Богдан,Павленко,bohdan.pavlenko3@student.org,1966,3,2,PMS-38,22.95,38(067)22-75-274
Роман,Стельмах,roman.stelmakh4@student.org,1991,7,6,XZI-89,47.21,38(050)34-63-203
Станіслав,Коваленко,stanislav.kovalenko1@student.org,1998,4,2,OID-46,88.24,38(050)61-57-526
Іван,Коваленко,ivan.kovalenko2@student.org,1977,12,8,OMM-27,65.97,38(068)72-54-516
Юлія,Гордієнко,yuliya.hordiyenko6@student.org,1989,8,1,YQT-40,41.86,38(095)90-17-711
Марія,Кузьменко,mariya.kuzmenko1@student.org,2001,2,23,FVV-26,28.11,38(095)12-28-481
Ярослав,Кузьменко,yaroslav.kuzmenko5@student.org,1975,5,17,QOI-12,38.05,38(067)85-11-948
Максим,Поліщук,maksym.polishchuk2@student.org,1958,11,30,CJO-50,0.19,38(098)25-79-435
Тарас,Шаповал,taras.shapoval1@student.org,1982,2,16,ZNU-80,33.72,38(097)93-38-470
Станіслав,Омельченко,stanislav.omelchenko1@student.org,1953,8,28,PIC-82,39.89,38(050)86-41-730
Григорій,Макаренко,hryhoriy.makarenko1@student.org,2006,10,12,MFJ-28,47.6,38(097)87-11-983
Володимир,Стельмах,volodymyr.stelmakh1@student.org,1967,5,1,DFF-47,68.41,38(063)41-75-651
Раїса,Петренко,rayisa.petrenko2@student.org,1975,1,15,KZF-99,6.68,38(067)21-46-234
Роман,Цимбал,roman.tsymbal7@student.org,1960,10,2,GHD-61,33.31,38(067)58-48-676
Катерина,Зайцев,kateryna.zaytsev@student.org,1990,6,28,JIF-27,6.6,38(063)21-62-166
Денис,Білоус,denys.bilous4@student.org,1987,6,18,HSE-22,0.47,38(050)90-46-659
Андрій,Шевченко,andriy.shevchenko3@student.org,1983,8,22,ZWS-20,12.32,38(095)71-15-780
Галина,Шевчук,halyna.shevchuk4@student.org,2001,7,30,CTR-92,79.78,38(097)61-59-296
Тарас,Коваленко,taras.kovalenko2@student.org,1981,1,13,MKY-59,12.25,38(050)36-16-903
Катерина,Ковальчук,kateryna.kovalchuk2@student.org,1981,9,21,HIT-82,65.51,38(096)65-25-239
Василь,Демченко,vasyl.demchenko2@student.org,2006,2,26,YGT-44,1.62,38(098)76-29-470
Денис,Коваль,denys.koval2@student.org,1980,10,16,QUM-74,98.44,38(066)70-59-535
Алла,Цимбал,alla.tsymbal3@student.org,1982,7,5,JRK-55,82.04,38(063)66-10-943
Катерина,Поліщук,kateryna.polishchuk3@student.org,1954,3,31,HOU-24,48.98,38(098)92-83-511
Дмитро,Мельник,dmytro.melnyk2@student.org,1981,9,25,MSW-18,45.62,38(050)72-49-983
Іван,Михайленко,ivan.mykhaylenko1@student.org,1977,9,9,OPF-84,2.15,38(097)94-22-822
Ірина,Шевченко,iryna.shevchenko1@student.org,1997,9,17,ZRB-53,34.94,38(066)48-98-964
Денис,Лисенко,denys.lysenko2@student.org,1973,7,31,SMT-11,88.39,38(097)80-37-116
Тарас,Гриценко,taras.hrytsenko2@student.org,1979,8,8,AGO-30,16.01,38(050)31-69-972
Денис,Костенко,denys.kostenko2@student.org,1996,10,22,ZLG-47,31.16,38(067)32-22-107
Петро,Лебедь,petro.lebed2@student.org,1966,7,28,SJM-64,26.56,38(097)32-59-322
Роман,Гайдук,roman.hayduk6@student.org,1978,4,4,PYA-61,16.49,38(050)69-79-783
Людмила,Марченко,lyudmyla.marchenko1@student.org,1980,5,25,EVC-88,41.95,38(073)71-23-937
Валентина,Шевчук,valentyna.shevchuk2@student.org,1986,12,6,VOM-38,61.11,38(066)86-75-371
Людмила,Василенко,lyudmyla.vasylenko1@student.org,1997,1,6,ELA-24,84.2,38(073)10-56-141
Оксана,Гончаренко,oksana.honcharenko5@student.org,1982,3,12,YMA-84,18.84,38(066)25-22-641
Костянтин,Гордієнко,kostyantyn.hordiyenko1@student.org,1971,7,11,AGO-30,86.82,38(097)67-13-844
Григорій,Литвин,hryhoriy.lytvyn1@student.org,1971,7,1,LGM-42,21.11,38(098)36-29-849
Ігор,Лебедь,ihor.lebed@student.org,1968,6,6,MGM-63,6.39,38(099)50-72-803
Юлія,Кузьменко,yuliya.kuzmenko5@student.org,1956,8,21,GDP-35,84.86,38(067)79-45-609
Олександр,Захарченко,oleksandr.zakharchenko3@student.org,2008,4,11,GEN-41,22.41,38(099)47-64-632
Юлія,Захарченко,yuliya.zakharchenko@student.org,2004,10,16,FKP-80,95.14,38(098)63-24-212
Павло,Василенко,pavlo.vasylenko1@student.org,1999,3,29,IJE-60,30.62,38(063)31-10-826
Андрій,Гончаренко,andriy.honcharenko@student.org,1994,12,26,AWJ-64,43.5,38(068)63-73-769
Костянтин,Коваль,kostyantyn.koval1@student.org,1987,4,10,ITJ-98,11.77,38(050)44-62-485
Галина,Дорошенко,halyna.doroshenko4@student.org,1992,4,20,QDV-62,1.5,38(067)32-74-642
Ігор,Гладко,ihor.hladko4@student.org,1979,4,15,DTP-85,93.26,38(096)53-51-447
Петро,Костенко,petro.kostenko3@student.org,1977,6,25,VNJ-35,65.66,38(063)57-37-307
Олеся,Левченко,olesya.levchenko7@student.org,1951,4,24,PXB-70,11.49,38(066)35-96-391
Іван,Василенко,ivan.vasylenko3@student.org,1962,5,16,SLR-72,41.88,38(066)13-34-212
Роман,Дорошенко,roman.doroshenko6@student.org,1973,7,26,XZK-58,63.72,38(096)86-90-944
Оксана,Макаренко,oksana.makarenko2@student.org,1962,2,15,CBA-48,85.04,38(063)22-78-478
Надія,Гладко,nadiya.hladko3@student.org,1999,9,5,HEB-92,75.77,38(096)95-76-285
Тарас,Рибак,taras.rybak3@student.org,1986,1,24,RQV-53,61.77,38(098)27-48-735
Петро,Гриценко,petro.hrytsenko4@student.org,1958,6,30,LOQ-90,5.31,38(099)23-45-986
Вера,Литвин,vera.lytvyn2@student.org,1964,8,12,TSG-56,46.24,38(073)94-40-171
Максим,Стельмах,maksym.stelmakh1@student.org,1995,11,15,IQP-64,16.68,38(050)81-34-271
Іван,Коваленко,ivan.kovalenko3@student.org,1965,8,8,FAA-87,88.6,38(095)80-73-609
Костянтин,Омельченко,kostyantyn.omelchenko1@student.org,2002,3,8,TQQ-72,46.04,38(096)75-15-730
Любов,Новік,lyubov.novik5@student.org,1981,2,17,KFS-31,75.37,38(068)51-57-696
Артем,Дорошенко,artem.doroshenko7@student.org,1996,7,26,BSR-18,85.64,38(066)78-76-295
Петро,Гордієнко,petro.hordiyenko3@student.org,1959,6,10,GGX-20,53.34,38(097)60-89-593
Артем,Марченко,artem.marchenko6@student.org,1963,9,20,ALP-13,76.42,38(099)44-52-519
Вікторія,Поліщук,viktoriya.polishchuk3@student.org,2004,2,9,IJP-76,15.92,38(098)59-66-618
Петро,Лебедь,petro.lebed3@student.org,1980,5,23,YUV-88,70.82,38(099)20-65-858
Григорій,Гладко,hryhoriy.hladko3@student.org,1974,2,3,QIU-95,92.64,38(095)26-21-201
Роман,Зайцев,roman.zaytsev7@student.org,1960,2,14,IJI-69,5.34,38(073)64-46-845
Дмитро,Мельник,dmytro.melnyk3@student.org,2007,5,2,OFJ-99,86.65,38(066)82-54-472
Тетяна,Василенко,tetyana.vasylenko3@student.org,2004,12,16,EME-24,30.92,38(068)15-78-384
Станіслав,Демченко,stanislav.demchenko3@student.org,1966,12,22,DEQ-81,35.9,38(066)35-58-386
Алла,Гладко,alla.hladko4@student.org,1962,8,18,ZYY-37,13.65,38(099)37-35-770
Василь,Шевчук,vasyl.shevchuk6@student.org,2000,1,30,HPX-46,9.43,38(068)75-36-723
Богдан,Стельмах,bohdan.stelmakh1@student.org,1985,8,18,OUW-61,31.23,38(073)83-32-298
Ігор,Ткаченко,ihor.tkachenko1@student.org,1958,7,12,IYJ-53,14.98,38(095)63-35-967
Віталій,Коваленко,vitaliy.kovalenko4@student.org,1976,12,1,EKY-48,78.17,38(067)82-96-777
Роман,Лисенко,roman.lysenko8@student.org,1982,1,22,NEV-68,67.75,38(097)67-47-754
Ярослав,Никоненко,yaroslav.nykonenko3@student.org,1989,7,27,XON-96,3.2,38(097)28-30-444
Денис,Панченко,denys.panchenko3@student.org,2003,3,20,MZZ-41,43.01,38(063)43-84-689
Ярослав,Скрипка,yaroslav.skrypka5@student.org,1990,11,24,JSV-48,92.11,38(095)13-65-810
Федір,Костенко,fedir.kostenko2@student.org,2007,9,12,GUV-10,56.69,38(095)23-86-499
Віталій,Мельник,vitaliy.melnyk2@student.org,2003,12,20,XUT-37,75.61,38(067)85-89-560
Ганна,Савченко,hanna.savchenko4@student.org,1972,5,10,HDF-13,39.77,38(097)86-36-163
Вікторія,Никоненко,viktoriya.nykonenko2@student.org,1984,10,29,OSH-85,87.76,38(099)59-34-762
Володимир,Шаповал,volodymyr.shapoval2@student.org,2010,4,15,AJY-31,61.51,38(073)34-53-256
Ірина,Гриценко,iryna.hrytsenko2@student.org,1965,10,19,UQW-56,38.97,38(050)25-14-213
Михайло,Стельмах,mykhaylo.stelmakh1@student.org,2002,4,18,KWM-63,46.21,38(066)22-33-686
Раїса,Коваленко,rayisa.kovalenko1@student.org,1981,8,24,CXX-85,88.88,38(050)48-69-699
Олеся,Король,olesya.korol2@student.org,1993,10,10,SPO-68,83.94,38(093)20-74-802
Вікторія,Макаренко,viktoriya.makarenko1@student.org,1974,7,26,HPD-87,38.36,38(050)81-22-476
Тетяна,Гриценко,tetyana.hrytsenko@student.org,1993,1,16,ZGH-40,33.8,38(097)40-90-103
Лілія,Левченко,liliya.levchenko2@student.org,1974,11,26,OQL-77,92.91,38(067)31-85-917
Раїса,Омельченко,rayisa.omelchenko@student.org,1972,9,16,AKZ-24,49.79,38(093)70-90-634
Ігор,Демченко,ihor.demchenko2@student.org,1991,6,15,MSS-44,5.58,38(066)39-11-701
Ірина,Шевченко,iryna.shevchenko2@student.org,1988,5,12,HIK-62,81.92,38(097)33-87-793
Анна,Дорошенко,anna.doroshenko@student.org,1954,2,18,RLD-72,25.07,38(096)12-29-264
Остап,Лебедь,ostap.lebed2@student.org,1996,10,19,VRS-53,2.43,38(095)38-73-345
Денис,Савченко,denys.savchenko1@student.org,1990,1,3,WWY-68,65.89,38(068)50-57-468
Тетяна,Коваль,tetyana.koval2@student.org,2004,7,12,JSY-75,30.81,38(095)79-65-498
Юлія,Савченко,yuliya.savchenko2@student.org,1998,3,23,EXH-47,22.82,38(068)77-81-239
Алла,Кузьменко,alla.kuzmenko3@student.org,2003,6,4,UGJ-29,30.98,38(098)86-65-947
Артем,Шаповал,artem.shapoval1@student.org,1954,6,2,FXK-50,98.66,38(098)66-75-393
Павло,Ткаченко,pavlo.tkachenko7@student.org,1994,9,25,UAB-95,99.01,38(099)13-41-117
Любов,Никоненко,lyubov.nykonenko1@student.org,1969,1,14,TJO-38,50.33,38(096)95-54-362
Галина,Панченко,halyna.panchenko2@student.org,1984,9,18,GKD-58,45.91,38(067)24-74-265
Денис,Савченко,denys.savchenko2@student.org,1979,1,2,TCE-54,90.11,38(096)99-58-778
Юлія,Никоненко,yuliya.nykonenko4@student.org,1979,5,24,IBI-73,98.31,38(063)81-69-875
Алла,Марченко,alla.marchenko2@student.org,1982,10,10,ZKV-72,15.88,38(073)36-27-702
Юрій,Романенко,yuriy.romanenko@student.org,1985,2,14,AML-75,89.38,38(073)45-63-716
Катерина,Лисенко,kateryna.lysenko5@student.org,1960,1,2,LCU-65,99.84,38(068)18-59-673
Петро,Романенко,petro.romanenko1@student.org,1980,12,11,NYB-10,77.24,38(095)77-51-904
Людмила,Макаренко,lyudmyla.makarenko3@student.org,1997,1,16,LEQ-37,36.0,38(073)70-36-502
Олександр,Павленко,oleksandr.pavlenko2@student.org,1987,3,23,OTJ-99,54.19,38(093)43-79-175
Алла,Костенко,alla.kostenko@student.org,1954,4,25,WOX-60,22.88,38(068)14-32-635
Володимир,Савченко,volodymyr.savchenko3@student.org,1956,10,21,EEU-26,71.48,38(095)17-68-435
Людмила,Шевченко,lyudmyla.shevchenko2@student.org,1989,9,26,PAI-55,83.42,38(098)20-57-762
Артем,Никоненко,artem.nykonenko2@student.org,1969,4,28,SGO-61,16.16,38(097)60-61-893
Володимир,Захарченко,volodymyr.zakharchenko@student.org,1959,5,14,HLT-67,94.7,38(063)31-39-572
Тетяна,Павленко,tetyana.pavlenko2@student.org,2000,9,11,TGI-36,80.49,38(098)64-15-491
Роман,Ткаченко,roman.tkachenko6@student.org,1987,10,20,QRR-38,41.05,38(098)56-77-788
Олена,Кравченко,olena.kravchenko@student.org,2002,10,6,ZQM-99,1.71,38(096)84-98-733
Катерина,Кузьменко,kateryna.kuzmenko2@student.org,2002,2,10,GGI-68,25.12,38(095)87-45-582
Сергій,Іваненко,serhiy.ivanenko6@student.org,1959,10,10,OAF-38,15.74,38(063)27-10-457
Євгенія,Дорошенко,yevheniya.doroshenko4@student.org,1970,7,4,PCB-64,80.33,38(096)62-43-921
Максим,Поліщук,maksym.polishchuk3@student.org,1967,5,30,UAO-12,1.57,38(096)10-91-619
Тарас,Цимбал,taras.tsymbal3@student.org,1986,11,17,CGC-84,60.26,38(063)37-99-808
Ярослав,Литвин,yaroslav.lytvyn5@student.org,1995,9,14,ELD-34,76.61,38(098)76-68-655
Федір,Зайцев,fedir.zaytsev2@student.org,1985,2,13,NBX-63,26.28,38(096)84-88-931
Андрій,Василенко,andriy.vasylenko3@student.org,1990,12,13,XZI-89,21.66,38(098)62-80-931
Остап,Василенко,ostap.vasylenko2@student.org,2001,6,23,GKJ-13,83.56,38(067)74-23-247
Віталій,Ковальчук,vitaliy.kovalchuk@student.org,1956,4,23,OJW-11,78.73,38(095)17-87-622
Денис,Романенко,denys.romanenko4@student.org,1995,1,10,AYY-75,6.06,38(050)94-21-301
Тарас,Коваленко,taras.kovalenko3@student.org,1996,11,6,YAP-25,54.44,38(073)78-62-672
Валентина,Шаповал,valentyna.shapoval3@student.org,1985,3,15,TDY-78,36.31,38(073)23-49-313
Лілія,Кузьменко,liliya.kuzmenko3@student.org,1970,11,20,IGC-25,69.78,38(066)20-50-951
Тарас,Цимбал,taras.tsymbal4@student.org,1964,6,6,JSG-80,2.83,38(063)69-54-397
Вікторія,Романенко,viktoriya.romanenko1@student.org,2007,8,24,FXL-53,66.13,38(095)89-67-951
Світлана,Король,svitlana.korol1@student.org,1965,5,20,EQI-19,16.49,38(063)63-91-817
Роман,Гордієнко,roman.hordiyenko7@student.org,1986,7,22,AEC-17,10.55,38(098)41-84-591
Денис,Костенко,denys.kostenko3@student.org,1960,9,16,RMI-78,94.84,38(097)42-51-244
Дмитро,Кравченко,dmytro.kravchenko2@student.org,2001,2,9,DRS-37,51.12,38(068)95-77-682
Василь,Поліщук,vasyl.polishchuk3@student.org,1997,3,12,ZXF-89,40.27,38(073)77-70-593
Віталій,Гордієнко,vitaliy.hordiyenko2@student.org,1971,3,6,LVB-79,65.44,38(050)59-17-614
Григорій,Іваненко,hryhoriy.ivanenko2@student.org,1969,11,1,LLQ-93,8.53,38(073)75-79-895
Олеся,Омельченко,olesya.omelchenko4@student.org,1995,8,21,FPW-35,99.88,38(099)79-30-147
Лариса,Король,larysa.korol2@student.org,1959,8,12,DEZ-88,16.62,38(099)30-49-788
Олександр,Костенко,oleksandr.kostenko1@student.org,1995,1,20,HUU-57,11.49,38(066)76-60-650
Віталій,Дорошенко,vitaliy.doroshenko2@student.org,1965,8,21,TDX-51,93.09,38(096)91-87-568
Ірина,Никоненко,iryna.nykonenko2@student.org,1964,3,21,HZJ-42,41.66,38(093)15-37-642
Станіслав,Гайдук,stanislav.hayduk2@student.org,1955,7,11,FFR-88,70.95,38(095)86-76-890
Роман,Михайленко,roman.mykhaylenko4@student.org,1994,4,19,UAP-67,27.33,38(096)43-69-962
Остап,Романенко,ostap.romanenko@student.org,1971,10,3,EKF-82,86.98,38(068)72-16-705
Лариса,Новік,larysa.novik4@student.org,2009,12,24,CTK-90,52.5,38(050)83-15-338
Сергій,Василенко,serhiy.vasylenko1@student.org,1963,3,5,YVC-86,67.8,38(050)31-82-930
Людмила,Шевчук,lyudmyla.shevchuk1@student.org,1963,8,31,TOB-91,36.5,38(096)55-18-521
Марія,Коваль,mariya.koval4@student.org,1994,10,5,ABY-41,16.66,38(067)49-29-581
Петро,Панченко,petro.panchenko1@student.org,1961,6,22,VQS-43,29.73,38(099)92-91-828
Денис,Поліщук,denys.polishchuk8@student.org,1989,9,7,SID-22,18.26,38(099)64-25-505
Віталій,Коваль,vitaliy.koval2@student.org,1956,6,30,XEO-41,18.04,38(097)38-36-108
Олена,Лебедь,olena.lebed4@student.org,1991,6,6,PCB-54,47.75,38(050)46-65-363
Галина,Гордієнко,halyna.hordiyenko1@student.org,1979,6,13,PTV-58,24.24,38(099)13-13-160
Андрій,Коваль,andriy.koval4@student.org,1998,12,5,VET-47,26.22,38(093)54-48-820
Петро,Гайдук,petro.hayduk1@student.org,1992,4,13,YVC-86,66.01,38(066)96-44-505
Андрій,Білоус,andriy.bilous5@student.org,1953,5,28,XUT-37,38.97,38(066)88-31-444
Ігор,Костенко,ihor.kostenko3@student.org,1987,11,6,FYM-91,27.09,38(098)52-97-763
Олеся,Павленко,olesya.pavlenko5@student.org,1961,8,21,HMS-89,48.43,38(097)14-16-447
Ярослав,Макаренко,yaroslav.makarenko3@student.org,1989,2,14,HIV-48,1.85,38(098)41-94-990
Роман,Савченко,roman.savchenko7@student.org,1962,5,17,RQV-53,12.89,38(073)57-47-443
Денис,Павленко,denys.pavlenko4@student.org,1959,1,6,IXU-95,68.73,38(093)71-22-410
Олена,Ткаченко,olena.tkachenko3@student.org,1985,9,15,QRE-90,52.88,38(066)43-69-964
Людмила,Лебедь,lyudmyla.lebed4@student.org,2000,6,6,FIX-96,16.55,38(099)97-51-222
Богдан,Козлов,bohdan.kozlov1@student.org,1977,11,13,ZAC-45,7.04,38(073)44-92-825
Юрій,Омельченко,yuriy.omelchenko1@student.org,1994,10,10,GDS-92,61.28,38(096)45-32-115
Володимир,Демченко,volodymyr.demchenko2@student.org,1975,1,6,JJW-62,71.75,38(099)30-57-272
Юлія,Іваненко,yuliya.ivanenko@student.org,1968,7,15,CCR-57,95.58,38(067)69-97-327
Віктор,Ковальчук,viktor.kovalchuk3@student.org,1969,10,5,UEM-41,81.64,38(063)62-31-180
Василь,Бойко,vasyl.boyko3@student.org,1968,4,16,YUS-96,50.65,38(097)47-75-101
Роман,Кравченко,roman.kravchenko6@student.org,1980,11,26,HOX-73,18.33,38(093)50-70-190
Наталія,Никоненко,nataliya.nykonenko2@student.org,1988,5,16,NIZ-15,19.18,38(050)37-51-939
Оксана,Гайдук,oksana.hayduk1@student.org,2010,3,4,AEX-52,26.55,38(066)53-87-375
Костянтин,Павленко,kostyantyn.pavlenko4@student.org,2002,9,11,LXH-37,41.01,38(063)55-36-485
Олеся,Омельченко,olesya.omelchenko5@student.org,1971,9,5,LBE-54,62.73,38(093)34-45-268
Федір,Костенко,fedir.kostenko3@student.org,1954,7,22,ZAQ-79,18.02,38(097)90-70-370
Тетяна,Макаренко,tetyana.makarenko2@student.org,2010,4,26,ZUX-74,80.17,38(098)53-97-176
Дмитро,Лисенко,dmytro.lysenko2@student.org,1989,12,2,YVE-76,90.27,38(067)27-12-204
Любов,Лебедь,lyubov.lebed3@student.org,1981,12,31,WJW-92,99.93,38(096)30-83-928
Наталія,Коваль,nataliya.koval2@student.org,1967,4,20,TOB-91,28.13,38(063)17-35-608
Юрій,Василенко,yuriy.vasylenko1@student.org,1988,1,18,MKC-39,70.08,38(098)86-24-666
Любов,Кузьменко,lyubov.kuzmenko2@student.org,1990,9,14,XLW-62,17.76,38(095)82-56-547
Віталій,Омельченко,vitaliy.omelchenko@student.org,1950,5,4,VFY-51,1.21,38(093)20-81-706
Іван,Панченко,ivan.panchenko2@student.org,1952,4,5,JMA-58,72.39,38(068)26-85-483
Віталій,Захарченко,vitaliy.zakharchenko4@student.org,1973,3,21,SJF-89,81.92,38(097)98-37-127
Артем,Гончаренко,artem.honcharenko3@student.org,2010,2,24,KTX-32,92.89,38(068)73-62-373
Дмитро,Дорошенко,dmytro.doroshenko1@student.org,1992,6,23,RJX-80,20.87,38(097)38-21-402
Артем,Захарченко,artem.zakharchenko4@student.org,1965,1,5,IIJ-75,53.78,38(073)80-66-495
Галина,Костенко,halyna.kostenko2@student.org,1955,12,3,FMV-89,76.98,38(099)62-22-252
Роман,Михайленко,roman.mykhaylenko5@student.org,1951,3,10,RBG-85,74.22,38(093)59-32-897
Дмитро,Василенко,dmytro.vasylenko3@student.org,1983,10,20,UAU-76,56.44,38(099)85-63-603
Ірина,Павленко,iryna.pavlenko4@student.org,2001,11,13,FYE-57,76.2,38(098)75-99-145
Вера,Никоненко,vera.nykonenko6@student.org,2009,10,16,NTK-95,7.86,38(067)84-97-174
Тетяна,Демченко,tetyana.demchenko2@student.org,1993,1,9,FKP-80,53.57,38(050)27-30-907
Юлія,Никоненко,yuliya.nykonenko5@student.org,1985,8,28,VQM-71,27.31,38(073)34-78-132
Тарас,Коваль,taras.koval1@student.org,1962,2,15,ZHO-79,43.69,38(068)35-43-977
Іван,Павленко,ivan.pavlenko1@student.org,1996,8,31,PNL-77,3.9,38(093)40-72-480
Денис,Шевченко,denys.shevchenko@student.org,1970,5,11,KBR-82,7.12,38(098)68-13-500
Галина,Гриценко,halyna.hrytsenko2@student.org,1990,9,9,PZK-64,67.81,38(066)33-87-978
Віктор,Скрипка,viktor.skrypka2@student.org,1994,8,14,ZPK-31,47.21,38(097)96-64-393
Юрій,Костенко,yuriy.kostenko3@student.org,2005,4,24,NLV-85,93.35,38(099)59-48-136
Богдан,Гайдук,bohdan.hayduk5@student.org,1988,9,25,LHB-53,39.56,38(066)13-81-419
Григорій,Білоус,hryhoriy.bilous2@student.org,1954,7,16,ILJ-46,75.82,38(098)94-94-600
Оксана,Гайдук,oksana.hayduk2@student.org,1964,6,17,IIM-96,42.1,38(098)85-88-383
Богдан,Мельник,bohdan.melnyk1@student.org,1959,1,28,PVD-30,38.97,38(066)89-84-404
Максим,Гладко,maksym.hladko3@student.org,2004,11,3,HIV-48,0.43,38(097)51-59-597
Тарас,Руденко,taras.rudenko9@student.org,1957,1,21,COD-54,92.03,38(093)72-99-403
Алла,Лисенко,alla.lysenko4@student.org,1999,3,18,HTX-45,32.03,38(099)98-42-681
Григорій,Панченко,hryhoriy.panchenko7@student.org,2010,8,20,VET-47,56.66,38(068)54-82-958
Оксана,Лисенко,oksana.lysenko1@student.org,1992,8,16,KZT-31,53.06,38(050)49-77-555
Олеся,Гриценко,olesya.hrytsenko1@student.org,1990,2,12,DOE-11,77.69,38(099)25-67-249
Алла,Рибак,alla.rybak2@student.org,1952,1,16,LGM-42,46.14,38(050)66-35-425
Катерина,Козлов,kateryna.kozlov2@student.org,2003,5,15,LOX-39,90.51,38(093)49-94-282
Євгенія,Руденко,yevheniya.rudenko1@student.org,1995,3,21,JNO-79,9.05,38(050)36-46-300
Олеся,Король,olesya.korol3@student.org,1993,8,1,LKA-73,70.71,38(068)78-74-403
Анна,Савченко,anna.savchenko2@student.org,1963,12,21,NPR-56,21.63,38(067)48-68-278
Валентина,Макаренко,valentyna.makarenko2@student.org,1953,12,25,EFN-87,75.92,38(068)65-94-274
Анна,Гордієнко,anna.hordiyenko3@student.org,1969,10,6,CRV-76,39.74,38(095)56-37-729
Світлана,Макаренко,svitlana.makarenko3@student.org,1953,8,5,ZYZ-10,64.86,38(093)77-41-355
Максим,Савченко,maksym.savchenko1@student.org,1962,4,13,UAO-12,64.22,38(066)76-77-479
Віталій,Скрипка,vitaliy.skrypka2@student.org,1979,3,27,RKU-38,79.52,38(095)97-48-290
Остап,Мельник,ostap.melnyk4@student.org,2006,7,13,DBY-58,70.76,38(067)86-31-391
Петро,Рибак,petro.rybak@student.org,1961,2,26,UKC-88,90.52,38(095)30-42-679
Любов,Цимбал,lyubov.tsymbal2@student.org,1981,3,19,IRD-23,47.48,38(067)69-79-308
Іван,Захарченко,ivan.zakharchenko1@student.org,2007,4,7,QZG-88,14.61,38(067)71-66-596
Надія,Шевченко,nadiya.shevchenko7@student.org,1975,11,8,CAA-51,75.9,38(093)69-97-938
Артем,Гордієнко,artem.hordiyenko@student.org,1990,7,27,ZLF-89,89.83,38(093)81-31-380
Інна,Іваненко,inna.ivanenko2@student.org,1995,6,8,KBF-20,42.16,38(097)70-55-388
Іван,Демченко,ivan.demchenko2@student.org,1987,3,14,SOT-76,91.27,38(067)20-15-903
Василь,Петренко,vasyl.petrenko1@student.org,1963,7,2,MWH-11,17.8,38(097)34-52-247
Раїса,Цимбал,rayisa.tsymbal2@student.org,1983,9,16,QYZ-31,45.14,38(097)67-98-890
Лілія,Зайцев,liliya.zaytsev4@student.org,2006,7,26,WPJ-81,35.94,38(099)12-68-903
Костянтин,Зайцев,kostyantyn.zaytsev4@student.org,1985,5,22,UHD-89,25.16,38(095)56-30-202
Олеся,Шевчук,olesya.shevchuk2@student.org,1972,6,17,MTH-56,47.3,38(097)33-79-818
Інна,Цимбал,inna.tsymbal1@student.org,1984,5,24,QTB-98,91.51,38(068)96-57-228
Надія,Поліщук,nadiya.polishchuk1@student.org,2010,11,22,NCO-96,0.69,38(097)23-93-673
Дмитро,Омельченко,dmytro.omelchenko2@student.org,1990,7,23,QVO-64,88.81,38(066)80-31-989
Василь,Кузьменко,vasyl.kuzmenko2@student.org,1967,6,24,TON-41,76.55,38(098)58-48-774
Павло,Лебедь,pavlo.lebed1@student.org,1964,7,2,JTT-24,77.36,38(067)17-42-606
Лариса,Коваль,larysa.koval4@student.org,2008,2,20,WSN-52,79.67,38(067)42-96-206
Вікторія,Петренко,viktoriya.petrenko2@student.org,2010,6,10,VFY-51,1.53,38(097)23-20-189
Юлія,Шевчук,yuliya.shevchuk1@student.org,2003,1,13,GGI-68,88.23,38(095)44-23-452
Марія,Король,mariya.korol4@student.org,1983,6,6,QPA-45,98.3,38(050)41-63-623
Петро,Шаповал,petro.shapoval2@student.org,1986,10,23,VGZ-53,37.13,38(093)89-12-526
Галина,Гладко,halyna.hladko2@student.org,2008,11,29,IXL-95,10.85,38(068)40-30-501
Марія,Гайдук,mariya.hayduk1@student.org,1975,12,30,WTG-87,11.21,38(050)11-16-619
Лілія,Макаренко,liliya.makarenko4@student.org,1974,5,6,GDH-83,24.02,38(095)50-56-347
Віталій,Савченко,vitaliy.savchenko@student.org,1954,6,16,ZRS-78,33.94,38(063)77-28-580
Тарас,Авраменко,taras.avramenko1@student.org,2007,10,19,FYJ-89,76.85,38(098)66-30-545
Олена,Гриценко,olena.hrytsenko2@student.org,1990,12,29,WXM-72,39.39,38(068)63-68-197
Лілія,Гриценко,liliya.hrytsenko4@student.org,1951,7,14,OXZ-98,66.9,38(097)20-50-782
Тетяна,Гончаренко,tetyana.honcharenko1@student.org,1954,5,12,JDP-56,38.4,38(050)97-13-820
Лариса,Лисенко,larysa.lysenko2@student.org,1980,3,7,RYO-36,16.8,38(099)16-28-912
Станіслав,Авраменко,stanislav.avramenko5@student.org,1995,12,27,ZEI-90,18.48,38(093)54-89-939
Костянтин,Гладко,kostyantyn.hladko@student.org,2005,10,27,IIP-29,62.19,38(095)76-48-718
Павло,Гончаренко,pavlo.honcharenko3@student.org,1970,10,6,WJF-17,40.93,38(073)64-44-151
Ганна,Гордієнко,hanna.hordiyenko4@student.org,1991,6,15,IDH-19,26.71,38(096)59-63-597
Олеся,Литвин,olesya.lytvyn3@student.org,2003,10,3,AEK-52,60.52,38(068)53-59-855
Костянтин,Левченко,kostyantyn.levchenko5@student.org,1987,9,2,GLK-36,72.59,38(063)46-44-937
Світлана,Шаповал,svitlana.shapoval3@student.org,1950,11,9,NCJ-48,50.0,38(067)18-77-113
Катерина,Білоус,kateryna.bilous1@student.org,1992,10,22,LLK-38,63.05,38(066)19-62-127
Любов,Никоненко,lyubov.nykonenko2@student.org,1958,12,7,HBF-60,55.44,38(067)22-36-533
Роман,Левченко,roman.levchenko7@student.org,1994,7,21,QPN-10,24.71,38(066)45-54-418
Петро,Новік,petro.novik2@student.org,1985,12,21,CXL-75,43.72,38(093)81-64-813
Оксана,Руденко,oksana.rudenko4@student.org,1971,6,4,ILE-86,35.59,38(067)12-22-609
Петро,Дорошенко,petro.doroshenko4@student.org,1995,1,11,KBC-91,38.84,38(099)69-83-536
Галина,Ткаченко,halyna.tkachenko7@student.org,1991,9,7,UQW-56,72.01,38(050)51-35-826
Артем,Зайцев,artem.zaytsev5@student.org,1954,7,7,MLI-30,13.26,38(095)78-61-437
Андрій,Михайленко,andriy.mykhaylenko4@student.org,2003,6,21,UMX-65,0.13,38(068)68-53-677
Роман,Білоус,roman.bilous7@student.org,1979,2,11,JDL-68,30.48,38(099)81-65-620
Євгенія,Новік,yevheniya.novik1@student.org,1955,2,9,PAI-55,28.55,38(098)26-85-582
Тарас,Бойко,taras.boyko4@student.org,1982,4,20,XZQ-35,53.84,38(073)41-28-222
Роман,Руденко,roman.rudenko9@student.org,1977,7,8,BGV-92,88.07,38(097)74-81-617
Станіслав,Панченко,stanislav.panchenko1@student.org,1999,2,22,NXE-49,95.43,38(095)90-63-944
Дмитро,Костенко,dmytro.kostenko2@student.org,1991,7,27,MCC-39,45.23,38(099)45-53-424
Володимир,Демченко,volodymyr.demchenko3@student.org,1964,2,5,BVR-72,15.24,38(099)12-27-530
Юлія,Стельмах,yuliya.stelmakh@student.org,2000,6,11,NJU-22,61.85,38(063)31-12-227
Ірина,Козлов,iryna.kozlov4@student.org,1975,10,27,VKF-65,75.37,38(063)56-26-261
Іван,Білоус,ivan.bilous1@student.org,1998,1,2,CLA-41,88.97,38(063)69-27-497
Остап,Мельник,ostap.melnyk5@student.org,1980,9,22,KWM-63,92.79,38(096)32-42-925
Тетяна,Савченко,tetyana.savchenko1@student.org,2001,3,28,POZ-58,47.31,38(068)96-17-425
Дмитро,Коваль,dmytro.koval1@student.org,1998,2,27,NRN-20,42.95,38(098)77-66-687
Віталій,Поліщук,vitaliy.polishchuk2@student.org,1977,4,2,OLI-84,92.31,38(093)42-71-885
Вікторія,Шевченко,viktoriya.shevchenko2@student.org,1975,2,24,WPM-14,69.33,38(093)62-34-289
Ярослав,Коваленко,yaroslav.kovalenko4@student.org,1967,10,30,FXK-50,33.92,38(098)21-68-883
Світлана,Михайленко,svitlana.mykhaylenko2@student.org,1992,4,24,FUZ-35,51.71,38(095)12-11-716
Михайло,Бойко,mykhaylo.boyko4@student.org,1995,12,18,OXP-50,95.06,38(099)76-89-586
Валентина,Петренко,valentyna.petrenko2@student.org,1998,12,18,MMS-77,12.3,38(093)90-44-219
Анна,Зайцев,anna.zaytsev3@student.org,1955,9,27,IJF-13,16.52,38(098)92-78-279
Тарас,Кравченко,taras.kravchenko1@student.org,2002,10,13,NOC-35,32.41,38(097)89-18-191
Інна,Цимбал,inna.tsymbal2@student.org,1970,7,15,FXO-87,2.83,38(098)52-61-821
Лариса,Макаренко,larysa.makarenko1@student.org,1994,3,26,FSM-99,82.6,38(095)78-87-421
Ігор,Новік,ihor.novik5@student.org,1985,4,10,JXL-90,67.75,38(099)68-50-625
Людмила,Петренко,lyudmyla.petrenko1@student.org,1997,10,12,JIJ-57,81.2,38(096)69-59-153
Оксана,Рибак,oksana.rybak2@student.org,1986,9,4,TKZ-43,19.48,38(050)82-19-533
Катерина,Зайцев,kateryna.zaytsev1@student.org,1988,2,26,GIZ-94,33.25,38(097)99-10-444
Тарас,Руденко,taras.rudenko10@student.org,1987,11,28,VKF-65,24.26,38(095)40-85-143
Остап,Шаповал,ostap.shapoval1@student.org,1991,6,16,MNV-48,86.62,38(093)49-94-466
Роман,Шевченко,roman.shevchenko5@student.org,2008,11,19,RHT-49,49.14,38(063)69-20-560
Інна,Зайцев,inna.zaytsev1@student.org,1988,2,19,GDX-58,56.23,38(068)19-36-763
Віталій,Коваль,vitaliy.koval3@student.org,1974,4,13,HWA-38,71.22,38(050)85-96-524
Василь,Зайцев,vasyl.zaytsev1@student.org,1958,1,11,BQN-15,66.2,38(093)27-24-770
Марія,Новік,mariya.novik2@student.org,1970,1,18,QEL-12,52.11,38(097)95-59-646
Віктор,Панченко,viktor.panchenko8@student.org,1962,8,21,PHN-70,96.3,38(066)33-35-868
Світлана,Коваль,svitlana.koval2@student.org,1957,6,18,FOB-24,65.99,38(067)63-27-530
Денис,Гордієнко,denys.hordiyenko4@student.org,1994,9,4,HAP-24,32.16,38(097)79-38-430
Інна,Рибак,inna.rybak1@student.org,1996,3,17,LUE-73,73.39,38(093)22-39-137
Іван,Василенко,ivan.vasylenko4@student.org,2008,12,8,EQB-28,33.47,38(093)51-95-401
Андрій,Демченко,andriy.demchenko3@student.org,1974,6,18,GDS-92,3.21,38(097)46-47-599
Наталія,Демченко,nataliya.demchenko4@student.org,1985,9,29,KRU-14,75.53,38(098)51-63-102
Василь,Король,vasyl.korol1@student.org,2001,10,2,KKW-99,29.73,38(098)80-67-104
Ірина,Шевченко,iryna.shevchenko3@student.org,1965,12,12,LSV-57,14.35,38(097)60-48-117
Вікторія,Левченко,viktoriya.levchenko3@student.org,1996,9,3,UVH-92,7.83,38(096)44-41-848
Роман,Гладко,roman.hladko3@student.org,1971,8,24,UKC-32,49.29,38(063)47-29-712
Артем,Василенко,artem.vasylenko5@student.org,1988,10,24,EHH-99,46.23,38(095)26-81-649
Костянтин,Руденко,kostyantyn.rudenko2@student.org,1977,10,4,SHC-32,22.82,38(097)58-62-906
Інна,Шевчук,inna.shevchuk@student.org,1994,4,21,MBK-45,43.76,38(063)74-51-981
Костянтин,Михайленко,kostyantyn.mykhaylenko4@student.org,1997,10,24,LYL-61,33.59,38(050)67-96-517
Катерина,Панченко,kateryna.panchenko2@student.org,2007,6,12,YQO-30,49.3,38(096)38-35-695
Наталія,Скрипка,nataliya.skrypka2@student.org,1976,6,22,XPH-46,16.76,38(098)44-85-730
Юлія,Василенко,yuliya.vasylenko4@student.org,1983,8,22,CQV-82,34.31,38(063)47-23-541
Юлія,Павленко,yuliya.pavlenko2@student.org,1980,3,3,DQW-55,58.53,38(073)37-31-767
Павло,Павленко,pavlo.pavlenko3@student.org,1951,10,9,FKA-61,50.68,38(050)59-75-435
Василь,Литвин,vasyl.lytvyn3@student.org,1958,2,24,VAP-36,35.26,38(067)46-16-385
Дмитро,Цимбал,dmytro.tsymbal3@student.org,1979,8,23,ZNW-40,36.37,38(050)29-60-484
Тетяна,Василенко,tetyana.vasylenko4@student.org,2010,3,30,LKM-90,74.64,38(066)19-11-437
Сергій,Василенко,serhiy.vasylenko2@student.org,2010,2,16,MCT-69,59.24,38(066)75-91-882
Валентина,Король,valentyna.korol1@student.org,1995,7,20,ANL-80,45.6,38(068)92-81-614
Григорій,Костенко,hryhoriy.kostenko2@student.org,1997,3,12,MHB-40,24.36,38(098)96-85-664
Ірина,Лисенко,iryna.lysenko3@student.org,2008,4,11,ECI-15,70.63,38(063)69-27-689
Алла,Кузьменко,alla.kuzmenko4@student.org,1992,12,11,WGZ-85,33.94,38(097)91-28-916
Лариса,Бойко,larysa.boyko3@student.org,1966,1,10,XTJ-58,34.41,38(068)92-25-928
Богдан,Дорошенко,bohdan.doroshenko3@student.org,1999,5,9,PDN-66,50.07,38(068)67-62-376
Павло,Стельмах,pavlo.stelmakh3@student.org,1975,8,23,HEB-92,1.94,38(096)47-10-612
Петро,Шевчук,petro.shevchuk@student.org,1992,9,30,XDN-81,36.43,38(073)78-78-705
Артем,Костенко,artem.kostenko2@student.org,2006,11,11,KCY-24,54.18,38(097)55-46-192
Федір,Козлов,fedir.kozlov2@student.org,1968,10,5,TEN-97,72.58,38(099)86-98-829
Тарас,Литвин,taras.lytvyn3@student.org,1950,12,21,KQD-27,6.94,38(093)37-33-661
Алла,Бойко,alla.boyko5@student.org,1958,4,24,VHQ-92,37.47,38(068)67-16-293
Лілія,Шаповал,liliya.shapoval2@student.org,1986,5,4,QCT-80,36.2,38(067)55-87-652
Максим,Савченко,maksym.savchenko2@student.org,1989,9,3,JIJ-57,13.27,38(073)74-73-345
Павло,Панченко,pavlo.panchenko2@student.org,1983,10,16,OUX-85,52.42,38(096)40-90-245
Людмила,Костенко,lyudmyla.kostenko1@student.org,2001,1,1,WOJ-61,26.43,38(066)53-49-317
Тарас,Панченко,taras.panchenko8@student.org,1999,4,15,PBA-98,81.37,38(067)88-44-734
Дмитро,Демченко,dmytro.demchenko1@student.org,2008,5,10,GJS-42,21.15,38(097)86-90-722
Надія,Шевчук,nadiya.shevchuk1@student.org,1974,4,20,UKC-88,56.74,38(095)19-15-149
Максим,Кузьменко,maksym.kuzmenko2@student.org,1952,3,7,GWY-71,90.04,38(073)66-73-221
Богдан,Кравченко,bohdan.kravchenko2@student.org,2005,9,23,OUX-10,2.66,38(067)80-94-515
Іван,Гладко,ivan.hladko5@student.org,2006,10,31,IQT-57,25.89,38(098)49-58-973
Роман,Стельмах,roman.stelmakh5@student.org,1973,1,22,FYC-58,59.24,38(099)63-89-336
Артем,Авраменко,artem.avramenko1@student.org,2008,3,22,UKS-44,16.12,38(067)22-20-697
Вікторія,Дорошенко,viktoriya.doroshenko6@student.org,1974,12,23,EXH-47,28.05,38(096)86-35-363
Надія,Панченко,nadiya.panchenko7@student.org,1988,2,28,QDP-86,38.94,38(066)96-64-581
Оксана,Гордієнко,oksana.hordiyenko2@student.org,1987,6,16,OIM-91,23.24,38(063)36-17-131
Дмитро,Петренко,dmytro.petrenko1@student.org,1950,7,8,AIY-82,4.95,38(099)27-38-108
Роман,Лебедь,roman.lebed3@student.org,1974,6,27,QMV-16,67.34,38(067)82-90-245
Остап,Гордієнко,ostap.hordiyenko2@student.org,1962,12,29,LOC-18,65.17,38(095)73-97-496
Володимир,Новік,volodymyr.novik@student.org,1986,3,4,PDN-66,38.11,38(067)11-36-527
Ігор,Козлов,ihor.kozlov2@student.org,1995,3,25,UIZ-47,61.96,38(067)35-77-909
Олена,Левченко,olena.levchenko@student.org,1991,10,2,SII-42,28.8,38(063)11-74-729
Алла,Омельченко,alla.omelchenko3@student.org,2009,4,17,XPL-24,13.79,38(096)65-66-944
Ганна,Гладко,hanna.hladko2@student.org,1990,5,11,ZNU-98,81.75,38(063)22-94-759
Андрій,Гордієнко,andriy.hordiyenko1@student.org,1990,11,18,LSM-41,81.16,38(093)16-88-197
Тетяна,Гладко,tetyana.hladko1@student.org,1996,12,23,MCC-53,51.6,38(098)99-21-364
Надія,Савченко,nadiya.savchenko3@student.org,1990,5,12,KPH-28,43.31,38(050)39-98-932
Анна,Білоус,anna.bilous8@student.org,1990,2,18,WSY-83,62.13,38(096)97-37-395
Лілія,Петренко,liliya.petrenko3@student.org,2010,4,19,FJD-92,77.71,38(093)78-98-114
Сергій,Бойко,serhiy.boyko4@student.org,1974,12,28,IHT-89,86.93,38(066)98-35-893
Василь,Кузьменко,vasyl.kuzmenko3@student.org,1997,12,20,ZLF-89,3.08,38(067)92-14-947
Петро,Михайленко,petro.mykhaylenko1@student.org,1985,10,5,UHJ-67,17.05,38(095)45-34-246
Ігор,Лисенко,ihor.lysenko5@student.org,2009,9,5,ADF-88,60.37,38(093)71-25-850
Світлана,Цимбал,svitlana.tsymbal2@student.org,2002,1,3,QJV-17,47.88,38(097)88-29-888
Катерина,Скрипка,kateryna.skrypka1@student.org,1960,11,6,RXR-62,0.21,38(093)84-74-604
Тарас,Лисенко,taras.lysenko1@student.org,1966,3,2,PCU-15,49.66,38(063)37-21-333
Світлана,Скрипка,svitlana.skrypka1@student.org,1998,3,29,UZN-67,18.45,38(050)94-82-772
Вера,Авраменко,vera.avramenko2@student.org,1960,8,19,WDW-53,48.82,38(093)60-53-688
Любов,Новік,lyubov.novik6@student.org,1996,11,21,OUA-64,43.31,38(050)85-64-300
Іван,Макаренко,ivan.makarenko1@student.org,1983,4,13,KZJ-95,11.13,38(098)52-79-166
Василь,Мельник,vasyl.melnyk2@student.org,1967,9,15,AEX-67,60.19,38(050)77-78-322
Ірина,Ткаченко,iryna.tkachenko4@student.org,1978,8,19,CCY-53,84.73,38(098)20-99-767
Іван,Ковальчук,ivan.kovalchuk4@student.org,1962,2,5,BMM-15,98.92,38(097)23-72-476
Сергій,Демченко,serhiy.demchenko2@student.org,2005,5,15,DSH-97,84.11,38(050)41-86-535
Олена,Панченко,olena.panchenko2@student.org,1960,10,7,JFG-15,55.59,38(096)24-53-938
Марія,Мельник,mariya.melnyk2@student.org,1961,3,17,APR-57,3.33,38(066)39-99-301
Олеся,Бойко,olesya.boyko4@student.org,1996,8,4,BCO-87,12.33,38(093)20-94-208
Володимир,Лисенко,volodymyr.lysenko3@student.org,1992,7,22,DYX-77,76.8,38(093)14-98-769
Костянтин,Гончаренко,kostyantyn.honcharenko2@student.org,2001,4,4,WGZ-85,69.94,38(098)35-62-148
Юлія,Петренко,yuliya.petrenko3@student.org,2009,3,27,XGV-38,55.15,38(050)57-88-299
Петро,Макаренко,petro.makarenko3@student.org,2004,4,30,NYA-72,74.99,38(067)60-94-655
Лілія,Лисенко,liliya.lysenko3@student.org,1965,9,29,JTH-11,76.53,38(073)20-12-838
Оксана,Цимбал,oksana.tsymbal2@student.org,1979,5,8,RRC-63,16.0,38(095)80-21-144
Лілія,Шевченко,liliya.shevchenko3@student.org,1951,11,12,GGQ-99,69.64,38(099)40-71-508
Віктор,Авраменко,viktor.avramenko3@student.org,1987,4,12,ROJ-32,61.84,38(068)46-32-921
Павло,Цимбал,pavlo.tsymbal2@student.org,2007,6,30,BBN-77,86.62,38(068)12-15-408
Галина,Никоненко,halyna.nykonenko2@student.org,1970,7,23,GLP-85,93.65,38(096)68-18-149
Петро,Кузьменко,petro.kuzmenko1@student.org,1961,1,7,MGH-35,17.29,38(073)78-14-398
Михайло,Савченко,mykhaylo.savchenko2@student.org,1982,1,25,BUD-55,93.82,38(067)73-54-497
Надія,Авраменко,nadiya.avramenko4@student.org,1977,11,6,IQP-64,3.33,38(066)59-41-933
Андрій,Шевченко,andriy.shevchenko4@student.org,1979,3,18,BCK-65,57.01,38(097)75-10-874
Ірина,Козлов,iryna.kozlov5@student.org,2006,12,29,NYB-19,29.05,38(073)39-47-759
Костянтин,Демченко,kostyantyn.demchenko1@student.org,1956,5,3,EVE-77,68.93,38(073)66-85-975
Юрій,Руденко,yuriy.rudenko5@student.org,1963,3,13,ARN-41,20.14,38(093)93-86-444
Сергій,Макаренко,serhiy.makarenko3@student.org,1987,9,18,XUO-36,77.42,38(097)56-28-732
Дмитро,Михайленко,dmytro.mykhaylenko4@student.org,2005,1,18,MMG-46,40.94,38(096)57-36-819
Павло,Кузьменко,pavlo.kuzmenko4@student.org,1964,9,11,XTR-34,9.46,38(066)15-49-709
Світлана,Макаренко,svitlana.makarenko4@student.org,2003,5,4,SHW-97,65.38,38(099)36-32-508
Богдан,Шевченко,bohdan.shevchenko5@student.org,1965,4,4,RVS-74,98.51,38(068)23-14-850
Ярослав,Кузьменко,yaroslav.kuzmenko6@student.org,1964,10,14,HSX-11,11.37,38(063)42-51-834
Роман,Ковальчук,roman.kovalchuk1@student.org,1953,4,28,LQU-46,51.46,38(073)63-18-157
Катерина,Захарченко,kateryna.zakharchenko1@student.org,1965,8,23,IJO-65,79.4,38(066)56-80-348
Дмитро,Захарченко,dmytro.zakharchenko4@student.org,1992,1,8,PCB-54,53.7,38(063)25-12-678
Любов,Новік,lyubov.novik7@student.org,1980,1,21,GEN-41,84.4,38(067)73-46-551
Олександр,Василенко,oleksandr.vasylenko1@student.org,1966,6,24,UPY-14,27.25,38(066)98-44-226
Остап,Ковальчук,ostap.kovalchuk4@student.org,1964,1,26,NBS-98,86.61,38(096)35-54-991
Вікторія,Панченко,viktoriya.panchenko2@student.org,2009,6,16,VNJ-46,33.17,38(095)69-78-580
Роман,Костенко,roman.kostenko6@student.org,1980,2,29,UXJ-81,43.82,38(073)36-99-490
Оксана,Костенко,oksana.kostenko5@student.org,2003,1,29,MKP-50,73.44,38(050)88-98-469
Інна,Панченко,inna.panchenko3@student.org,1960,11,10,THC-38,58.95,38(099)68-58-389
Михайло,Коваленко,mykhaylo.kovalenko7@student.org,1962,7,5,IIM-96,88.47,38(095)38-12-901
Григорій,Гладко,hryhoriy.hladko4@student.org,1992,4,4,AKG-41,84.13,38(068)29-61-997
Наталія,Іваненко,nataliya.ivanenko1@student.org,1960,6,22,QSA-67,68.63,38(050)38-21-918
Тарас,Кузьменко,taras.kuzmenko2@student.org,1953,8,7,LEC-58,77.09,38(068)63-52-522
Ірина,Білоус,iryna.bilous4@student.org,1951,5,10,FXL-53,9.94,38(063)82-98-234
Віктор,Цимбал,viktor.tsymbal1@student.org,1969,4,16,IPH-66,35.42,38(096)30-67-543
Лариса,Шаповал,larysa.shapoval8@student.org,2002,8,26,ROV-23,60.28,38(068)17-87-358
Євгенія,Ковальчук,yevheniya.kovalchuk1@student.org,2001,6,1,GAU-23,74.54,38(099)63-40-999
Світлана,Коваленко,svitlana.kovalenko1@student.org,1989,9,13,HHF-56,84.72,38(095)78-60-434
Любов,Марченко,lyubov.marchenko4@student.org,1952,1,22,UHM-69,78.95,38(099)39-17-848
Денис,Макаренко,denys.makarenko7@student.org,1955,4,27,CBE-86,27.05,38(066)26-25-794
Володимир,Рибак,volodymyr.rybak2@student.org,1974,3,24,XCU-20,34.63,38(096)17-96-811
Михайло,Панченко,mykhaylo.panchenko1@student.org,2009,5,19,BOC-89,87.57,38(093)94-10-507
Олеся,Никоненко,olesya.nykonenko2@student.org,2006,2,27,XTY-33,95.14,38(098)36-68-222
Юрій,Дорошенко,yuriy.doroshenko1@student.org,2002,3,9,VGR-53,96.62,38(066)69-38-430
Катерина,Шевченко,kateryna.shevchenko1@student.org,1980,8,26,POD-91,65.18,38(098)23-44-190
Дмитро,Василенко,dmytro.vasylenko4@student.org,1975,10,2,ABS-69,35.43,38(093)74-79-986
Богдан,Гончаренко,bohdan.honcharenko@student.org,1973,11,10,JLD-92,46.26,38(050)75-37-292
Лілія,Поліщук,liliya.polishchuk4@student.org,2000,11,21,LEV-52,18.32,38(096)77-68-987
Костянтин,Павленко,kostyantyn.pavlenko5@student.org,2008,1,3,TOC-81,98.39,38(066)60-37-194
Людмила,Кравченко,lyudmyla.kravchenko3@student.org,2003,8,4,KXE-18,55.19,38(095)43-45-686
Алла,Омельченко,alla.omelchenko4@student.org,1966,6,29,XTG-58,87.1,38(073)23-46-856
Інна,Костенко,inna.kostenko2@student.org,1988,9,22,MTH-56,59.23,38(067)50-57-155
Ярослав,Авраменко,yaroslav.avramenko1@student.org,1986,4,7,EVG-32,88.58,38(067)94-26-205
Євгенія,Авраменко,yevheniya.avramenko4@student.org,1982,6,4,TEY-59,85.55,38(093)99-33-228
Валентина,Лисенко,valentyna.lysenko2@student.org,1982,7,9,MKC-39,12.93,38(099)58-82-845
Лариса,Лисенко,larysa.lysenko3@student.org,1969,8,21,VNJ-35,48.49,38(099)96-97-812
Тетяна,Король,tetyana.korol5@student.org,1963,10,23,GUL-62,96.92,38(095)60-40-783
Максим,Макаренко,maksym.makarenko4@student.org,1959,12,16,LCU-65,71.58,38(050)10-19-130
Роман,Литвин,roman.lytvyn4@student.org,2008,9,28,UIF-76,3.83,38(063)84-75-773
Лілія,Никоненко,liliya.nykonenko6@student.org,2004,6,30,LZM-73,5.23,38(063)27-18-725
Інна,Гайдук,inna.hayduk4@student.org,1959,12,23,XUT-37,51.95,38(050)80-52-577
Валентина,Савченко,valentyna.savchenko3@student.org,2000,1,5,DAY-75,25.72,38(068)26-70-244
Віталій,Ковальчук,vitaliy.kovalchuk1@student.org,1980,11,11,FMV-89,54.63,38(096)49-79-367
Олена,Омельченко,olena.omelchenko2@student.org,2010,2,19,HHI-15,16.2,38(050)84-96-744
Ігор,Ковальчук,ihor.kovalchuk1@student.org,1993,5,5,MLI-30,6.68,38(068)62-56-666
Наталія,Білоус,nataliya.bilous3@student.org,1955,5,3,TMZ-52,35.35,38(068)20-19-242
Галина,Лисенко,halyna.lysenko2@student.org,1991,9,19,GHZ-19,17.73,38(098)60-61-138
Віталій,Костенко,vitaliy.kostenko2@student.org,1953,6,6,UVH-18,52.35,38(095)83-64-296
Василь,Ткаченко,vasyl.tkachenko3@student.org,1972,9,25,SOW-27,65.57,38(099)81-98-157
Ярослав,Новік,yaroslav.novik1@student.org,1961,12,31,AUL-30,28.07,38(067)50-97-279
Надія,Кузьменко,nadiya.kuzmenko1@student.org,1978,2,16,TVQ-62,48.4,38(098)80-20-804
Лілія,Романенко,liliya.romanenko2@student.org,1973,12,1,UGD-59,17.31,38(050)78-29-895
Марія,Бойко,mariya.boyko2@student.org,1959,11,4,AVM-78,27.77,38(093)85-14-694
Федір,Шевченко,fedir.shevchenko2@student.org,1956,7,13,REF-72,86.1,38(093)85-80-581
Григорій,Демченко,hryhoriy.demchenko@student.org,1951,9,5,RBN-56,34.15,38(099)27-81-906
Григорій,Василенко,hryhoriy.vasylenko@student.org,1995,9,6,MGL-15,38.09,38(093)43-27-738
Раїса,Король,rayisa.korol2@student.org,1977,7,29,OQD-14,75.37,38(066)19-62-374
Тарас,Рибак,taras.rybak4@student.org,1997,3,6,EZG-70,36.6,38(093)80-71-425
Інна,Коваленко,inna.kovalenko3@student.org,1989,7,15,FVW-14,4.16,38(066)84-23-366
Юлія,Лисенко,yuliya.lysenko4@student.org,1984,12,15,XMH-63,7.15,38(096)33-94-260
Надія,Литвин,nadiya.lytvyn5@student.org,1963,5,25,IEO-95,27.12,38(063)18-97-126
Ганна,Гайдук,hanna.hayduk2@student.org,1965,4,24,VUU-63,28.44,38(096)83-26-771
Інна,Бойко,inna.boyko2@student.org,1973,4,15,KKW-99,63.34,38(066)70-35-451
Юлія,Король,yuliya.korol1@student.org,1992,8,7,PQK-92,93.1,38(099)11-73-229
Євгенія,Скрипка,yevheniya.skrypka2@student.org,1955,6,13,LMU-13,13.12,38(063)71-35-385
Любов,Гайдук,lyubov.hayduk4@student.org,1987,9,28,ONP-18,2.42,38(097)26-55-586
Сергій,Білоус,serhiy.bilous2@student.org,1956,6,28,PGM-33,75.04,38(099)49-97-365
Станіслав,Дорошенко,stanislav.doroshenko4@student.org,1982,4,6,EBW-43,98.93,38(063)73-85-310
Дмитро,Бойко,dmytro.boyko2@student.org,2007,1,4,YVZ-93,1.96,38(098)70-78-616
Петро,Демченко,petro.demchenko1@student.org,1981,10,16,ZNU-98,13.77,38(063)32-64-175
Григорій,Король,hryhoriy.korol3@student.org,1993,8,21,ZRZ-44,54.54,38(093)21-15-880
Олеся,Романенко,olesya.romanenko1@student.org,1968,9,10,FKP-80,83.73,38(067)27-83-901
Наталія,Козлов,nataliya.kozlov1@student.org,1993,2,17,FIC-58,89.04,38(097)98-13-715
Інна,Василенко,inna.vasylenko1@student.org,2005,4,16,BPN-77,39.26,38(063)49-85-250
Денис,Ковальчук,denys.kovalchuk3@student.org,1973,9,2,VWX-33,28.2,38(098)67-72-190
Світлана,Савченко,svitlana.savchenko3@student.org,2004,4,18,KXZ-95,0.63,38(098)28-58-637
Марія,Демченко,mariya.demchenko1@student.org,1992,7,27,YXT-15,47.03,38(099)56-41-277
Валентина,Лисенко,valentyna.lysenko3@student.org,1964,3,1,BMS-73,70.43,38(098)76-63-299
Алла,Ковальчук,alla.kovalchuk2@student.org,1981,4,11,KTG-37,3.41,38(050)11-28-625
Юлія,Макаренко,yuliya.makarenko2@student.org,2008,9,3,UEQ-73,5.13,38(050)39-13-921
Анна,Коваль,anna.koval3@student.org,1969,3,8,MUO-49,43.94,38(050)29-40-254
Костянтин,Лебедь,kostyantyn.lebed2@student.org,1952,9,23,OGM-36,72.57,38(093)60-68-126
Григорій,Дорошенко,hryhoriy.doroshenko1@student.org,1971,10,13,SSO-97,89.21,38(066)57-25-435
Ігор,Білоус,ihor.bilous1@student.org,1966,2,16,IKX-12,67.08,38(063)52-71-833
Раїса,Руденко,rayisa.rudenko@student.org,1961,6,4,QLK-54,27.93,38(068)34-31-610
Сергій,Стельмах,serhiy.stelmakh4@student.org,1991,11,25,MBK-45,68.46,38(095)17-72-582
Надія,Коваленко,nadiya.kovalenko3@student.org,2001,5,20,GOZ-17,17.76,38(099)10-18-613
Інна,Панченко,inna.panchenko4@student.org,2004,2,26,LRI-78,31.84,38(067)51-64-973
Андрій,Авраменко,andriy.avramenko2@student.org,1972,9,29,WAK-67,65.09,38(067)22-85-152
Павло,Костенко,pavlo.kostenko3@student.org,2004,7,21,IDO-30,76.08,38(073)94-13-954
Ганна,Шаповал,hanna.shapoval@student.org,1984,10,1,GHJ-32,77.34,38(067)21-37-713
Наталія,Ткаченко,nataliya.tkachenko6@student.org,2000,12,4,VTD-10,66.77,38(095)37-82-161
Юрій,Білоус,yuriy.bilous1@student.org,1996,7,7,JXA-39,46.68,38(068)62-98-253
Євгенія,Петренко,yevheniya.petrenko1@student.org,2004,11,9,ZKP-56,82.4,38(099)65-63-833
Віталій,Романенко,vitaliy.romanenko4@student.org,1952,8,26,MVR-17,9.17,38(099)52-20-891
Костянтин,Бойко,kostyantyn.boyko1@student.org,1953,8,1,VKU-34,23.84,38(063)71-53-640
Ганна,Демченко,hanna.demchenko1@student.org,1991,3,3,RLZ-14,80.98,38(096)36-50-890
Станіслав,Іваненко,stanislav.ivanenko@student.org,1995,9,14,XGP-48,84.34,38(095)86-60-460
Михайло,Демченко,mykhaylo.demchenko4@student.org,2010,8,5,ORC-55,9.34,38(063)79-51-830
Сергій,Павленко,serhiy.pavlenko2@student.org,1995,12,19,MPP-91,73.92,38(099)15-73-521
Любов,Захарченко,lyubov.zakharchenko2@student.org,1961,5,10,ESN-34,42.03,38(097)64-69-921
Ігор,Савченко,ihor.savchenko3@student.org,1986,9,10,UYR-74,26.89,38(097)71-31-450
Остап,Поліщук,ostap.polishchuk2@student.org,2008,2,15,YCX-14,78.03,38(097)50-79-466
Інна,Ткаченко,inna.tkachenko5@student.org,1960,9,24,HUU-57,73.11,38(097)13-48-669
Роман,Гладко,roman.hladko4@student.org,2008,3,23,MHB-40,42.05,38(067)16-50-245
Артем,Мельник,artem.melnyk7@student.org,1999,10,10,MSW-18,66.95,38(063)22-49-827
Світлана,Козлов,svitlana.kozlov4@student.org,1965,5,1,PGD-43,77.99,38(098)10-42-230
Лариса,Дорошенко,larysa.doroshenko3@student.org,1973,11,5,KDT-98,5.96,38(093)63-57-790
Тетяна,Коваль,tetyana.koval3@student.org,1992,5,7,UUO-24,19.48,38(098)52-26-986
Ігор,Литвин,ihor.lytvyn3@student.org,1962,8,6,UFI-24,45.5,38(066)41-94-100
Оксана,Білоус,oksana.bilous3@student.org,1956,3,2,PLV-48,27.3,38(093)18-48-183
Юлія,Король,yuliya.korol2@student.org,1991,2,11,JJH-90,89.72,38(098)24-54-274
Володимир,Бойко,volodymyr.boyko1@student.org,1956,9,27,ETC-80,65.13,38(050)51-62-188
Юрій,Поліщук,yuriy.polishchuk3@student.org,1977,1,3,AAO-20,94.35,38(099)86-34-664
Віктор,Стельмах,viktor.stelmakh2@student.org,1974,10,12,ISW-32,11.05,38(073)53-58-173
Олександр,Рибак,oleksandr.rybak4@student.org,1996,7,2,CVQ-94,42.76,38(093)94-78-235
Станіслав,Шевчук,stanislav.shevchuk1@student.org,1966,11,29,ADY-76,34.86,38(066)96-23-381
Світлана,Коваленко,svitlana.kovalenko2@student.org,1992,4,12,QYH-96,17.21,38(098)86-90-141
Раїса,Дорошенко,rayisa.doroshenko2@student.org,2005,7,28,OEY-65,45.36,38(073)90-62-890
Роман,Коваль,roman.koval12@student.org,1951,9,19,TME-57,61.15,38(066)47-64-942
Іван,Мельник,ivan.melnyk4@student.org,1975,10,7,DEB-43,13.87,38(068)66-76-256
Сергій,Кузьменко,serhiy.kuzmenko5@student.org,1962,9,15,WSY-69,7.8,38(098)18-78-234
Василь,Петренко,vasyl.petrenko2@student.org,1990,3,3,QLK-54,33.26,38(067)88-77-148
Роман,Гладко,roman.hladko5@student.org,1976,5,10,WXM-72,90.34,38(095)25-15-683
Андрій,Новік,andriy.novik3@student.org,1999,4,19,FWA-78,50.0,38(099)18-95-556
Андрій,Коваль,andriy.koval5@student.org,1976,4,10,CZV-59,63.23,38(099)47-23-709
Людмила,Білоус,lyudmyla.bilous2@student.org,1950,8,28,GZN-51,68.02,38(063)64-58-924
Раїса,Захарченко,rayisa.zakharchenko2@student.org,1992,5,21,QEE-90,33.52,38(097)49-22-953
Роман,Авраменко,roman.avramenko10@student.org,1990,3,23,HIT-82,43.71,38(095)76-77-434
Катерина,Шаповал,kateryna.shapoval1@student.org,1966,10,10,GSS-31,91.18,38(063)39-12-954
Станіслав,Демченко,stanislav.demchenko4@student.org,1950,12,17,FZZ-61,97.08,38(050)65-45-179
Інна,Руденко,inna.rudenko2@student.org,2007,3,31,FNY-72,20.61,38(050)69-37-348
Алла,Литвин,alla.lytvyn2@student.org,1952,5,8,DEK-63,56.09,38(073)53-10-906
Марія,Мельник,mariya.melnyk3@student.org,2005,12,3,QMD-35,23.97,38(093)82-72-333
Лариса,Іваненко,larysa.ivanenko1@student.org,2003,7,5,IGG-34,22.11,38(096)78-75-564
Володимир,Цимбал,volodymyr.tsymbal1@student.org,1979,7,11,BMM-15,24.93,38(063)94-98-465
Павло,Гладко,pavlo.hladko3@student.org,1984,7,17,VVA-57,82.71,38(073)48-51-541
Наталія,Романенко,nataliya.romanenko4@student.org,2009,3,4,PMS-38,55.36,38(067)24-46-699
Григорій,Кравченко,hryhoriy.kravchenko2@student.org,1980,1,1,NLD-85,84.6,38(073)42-58-621
Богдан,Никоненко,bohdan.nykonenko4@student.org,1977,5,28,RVD-58,65.58,38(096)28-71-336
Олександр,Руденко,oleksandr.rudenko1@student.org,2010,11,20,ASN-20,30.88,38(067)63-19-766
Лілія,Шевчук,liliya.shevchuk4@student.org,1965,5,3,ZYX-81,98.52,38(095)40-89-923
Володимир,Гордієнко,volodymyr.hordiyenko2@student.org,2004,8,11,VZI-53,42.11,38(096)41-21-936
Богдан,Кравченко,bohdan.kravchenko3@student.org,1992,4,17,EKM-80,6.73,38(093)23-95-895
Олександр,Панченко,oleksandr.panchenko3@student.org,1959,7,28,BYT-25,54.26,38(063)33-35-148
Наталія,Панченко,nataliya.panchenko1@student.org,1982,6,5,RRU-45,30.88,38(095)22-20-523
Ігор,Литвин,ihor.lytvyn4@student.org,1982,8,22,FFP-58,30.19,38(050)82-93-883
Станіслав,Гончаренко,stanislav.honcharenko@student.org,2000,1,15,GTS-75,11.58,38(066)55-92-680
Раїса,Бойко,rayisa.boyko3@student.org,1964,9,2,LGM-42,91.36,38(073)37-94-812
Артем,Василенко,artem.vasylenko6@student.org,1963,4,12,XNQ-49,89.15,38(097)50-38-407
Костянтин,Зайцев,kostyantyn.zaytsev5@student.org,1953,11,26,VDT-38,9.42,38(098)87-33-667
Дмитро,Стельмах,dmytro.stelmakh5@student.org,1985,2,17,PQA-42,47.43,38(050)77-87-361
Федір,Левченко,fedir.levchenko2@student.org,1976,4,6,POF-91,72.9,38(050)42-44-985
Євгенія,Романенко,yevheniya.romanenko4@student.org,2006,5,16,IKX-12,92.72,38(067)34-89-352
Віталій,Марченко,vitaliy.marchenko4@student.org,1984,9,6,ING-26,21.54,38(093)47-61-472
Олександр,Козлов,oleksandr.kozlov3@student.org,1968,9,11,LKP-65,23.34,38(050)99-11-590
Ганна,Гайдук,hanna.hayduk3@student.org,2008,5,4,SSC-58,65.25,38(066)33-96-917
Наталія,Ткаченко,nataliya.tkachenko7@student.org,2010,3,26,DOJ-88,54.76,38(068)70-33-549
Іван,Козлов,ivan.kozlov4@student.org,1950,7,6,GMU-59,18.91,38(067)88-92-728
Іван,Шаповал,ivan.shapoval6@student.org,1969,9,28,MDS-81,12.45,38(098)21-96-250
Олена,Козлов,olena.kozlov2@student.org,1953,3,1,WPJ-81,66.04,38(096)11-57-763
Сергій,Василенко,serhiy.vasylenko3@student.org,1991,2,23,WUB-75,67.18,38(066)52-76-834
Галина,Дорошенко,halyna.doroshenko5@student.org,1973,10,30,PGX-58,95.89,38(093)27-68-341
Вікторія,Демченко,viktoriya.demchenko3@student.org,1977,4,9,AIK-11,14.33,38(095)47-62-602
Олеся,Макаренко,olesya.makarenko6@student.org,1997,2,3,SKG-79,21.62,38(067)69-24-463
Лілія,Скрипка,liliya.skrypka3@student.org,1983,10,16,FCQ-32,50.61,38(063)79-22-467
Інна,Лебедь,inna.lebed4@student.org,1975,5,5,MKW-86,76.37,38(097)94-89-860
Федір,Лебедь,fedir.lebed2@student.org,1982,11,12,ENL-15,19.71,38(093)23-53-993
Оксана,Марченко,oksana.marchenko1@student.org,2005,11,7,JBZ-52,68.02,38(063)80-54-752
Катерина,Литвин,kateryna.lytvyn2@student.org,2006,3,2,EPG-99,28.91,38(067)46-17-258
Роман,Гордієнко,roman.hordiyenko8@student.org,1974,2,12,DYT-69,36.95,38(099)38-44-660
Остап,Ткаченко,ostap.tkachenko3@student.org,1991,10,22,EZL-13,49.85,38(098)59-87-287
Ігор,Поліщук,ihor.polishchuk2@student.org,1965,1,17,XWJ-48,55.22,38(099)10-33-355
Костянтин,Никоненко,kostyantyn.nykonenko1@student.org,1972,8,26,CBJ-61,95.95,38(099)40-36-342
Станіслав,Мельник,stanislav.melnyk5@student.org,1987,4,18,OAL-14,72.87,38(073)54-78-288
Юлія,Шевченко,yuliya.shevchenko2@student.org,1971,2,2,OLU-72,72.07,38(068)51-54-718
Олександр,Гайдук,oleksandr.hayduk4@student.org,1956,6,13,ONO-63,97.64,38(096)82-95-234
Юрій,Романенко,yuriy.romanenko1@student.org,1953,3,8,QYI-65,88.9,38(073)32-13-585
Богдан,Шевчук,bohdan.shevchuk2@student.org,1990,7,21,ECM-82,74.07,38(098)68-87-153
Лариса,Лебедь,larysa.lebed@student.org,1971,10,12,YCJ-73,67.1,38(098)92-39-840
Віктор,Бойко,viktor.boyko2@student.org,1999,8,1,YBQ-13,26.08,38(068)26-50-495
Оксана,Лисенко,oksana.lysenko2@student.org,1994,3,2,BSZ-31,53.31,38(073)66-88-670
Юлія,Шевченко,yuliya.shevchenko3@student.org,1964,2,22,FJU-86,29.43,38(096)51-46-800
Дмитро,Стельмах,dmytro.stelmakh6@student.org,1951,1,8,FDF-77,68.15,38(093)99-28-224
Віктор,Шевчук,viktor.shevchuk1@student.org,1954,3,16,SWR-68,10.24,38(098)82-51-624
Олена,Захарченко,olena.zakharchenko5@student.org,1952,8,4,UUJ-94,55.45,38(096)81-82-569
Юрій,Ткаченко,yuriy.tkachenko1@student.org,1987,2,4,ZSJ-70,87.64,38(098)40-37-396
Тарас,Стельмах,taras.stelmakh4@student.org,2010,5,25,JCA-90,31.76,38(093)65-76-482
Роман,Ткаченко,roman.tkachenko7@student.org,1988,2,22,BCB-70,28.71,38(050)73-81-967
Лариса,Михайленко,larysa.mykhaylenko2@student.org,2003,12,2,XIM-52,83.29,38(099)59-43-712
Артем,Никоненко,artem.nykonenko3@student.org,1995,2,19,WQK-52,33.7,38(063)44-68-424
Роман,Лебедь,roman.lebed4@student.org,1967,9,22,KFJ-57,63.9,38(050)73-22-906
Анна,Авраменко,anna.avramenko1@student.org,1951,9,15,DMW-46,67.11,38(096)14-29-818
Олександр,Литвин,oleksandr.lytvyn2@student.org,1996,3,13,KDH-53,29.28,38(099)20-19-335
Павло,Рибак,pavlo.rybak1@student.org,1993,10,17,QFI-97,45.36,38(068)22-24-711
Роман,Макаренко,roman.makarenko10@student.org,2005,11,15,UGJ-29,95.08,38(066)88-78-469
Денис,Коваль,denys.koval3@student.org,1953,2,25,NXK-23,98.32,38(063)11-54-296
Тетяна,Ковальчук,tetyana.kovalchuk@student.org,2009,12,10,DBY-58,2.96,38(073)17-12-690
Олександр,Ткаченко,oleksandr.tkachenko1@student.org,1960,10,10,YDF-37,45.97,38(066)69-30-759
Марія,Литвин,mariya.lytvyn2@student.org,1974,4,3,QZG-88,62.28,38(066)12-99-518
Сергій,Омельченко,serhiy.omelchenko@student.org,2008,4,25,OBR-96,33.07,38(099)67-20-748
Федір,Левченко,fedir.levchenko3@student.org,2008,5,14,NSY-94,88.78,38(098)60-89-226
Оксана,Василенко,oksana.vasylenko4@student.org,1980,4,7,UHA-58,75.84,38(063)88-87-397
Лариса,Новік,larysa.novik5@student.org,1971,8,25,YOV-95,42.72,38(099)79-33-740
Тетяна,Зайцев,tetyana.zaytsev3@student.org,1968,10,14,VPL-53,32.85,38(066)48-46-527
Галина,Гладко,halyna.hladko3@student.org,1950,3,14,UPB-76,39.69,38(073)85-55-876
Людмила,Іваненко,lyudmyla.ivanenko3@student.org,2002,4,26,MOH-71,13.16,38(095)50-15-910
Максим,Павленко,maksym.pavlenko2@student.org,1990,2,24,OMS-69,13.99,38(096)81-55-598
Валентина,Шаповал,valentyna.shapoval4@student.org,1967,6,6,MED-36,24.85,38(050)42-33-217
Валентина,Макаренко,valentyna.makarenko3@student.org,1963,8,3,MNN-42,67.93,38(067)48-53-961
Вікторія,Бойко,viktoriya.boyko4@student.org,1992,8,7,MBK-45,44.08,38(099)81-72-136
Алла,Петренко,alla.petrenko2@student.org,1998,6,22,LVB-79,77.44,38(050)59-90-619
Григорій,Михайленко,hryhoriy.mykhaylenko1@student.org,1980,1,30,RRU-45,56.2,38(097)87-67-698
Анна,Василенко,anna.vasylenko1@student.org,1963,12,31,DJV-58,97.78,38(096)68-65-531
Ірина,Никоненко,iryna.nykonenko3@student.org,1960,4,24,TGI-36,57.45,38(096)39-47-698
Анна,Омельченко,anna.omelchenko3@student.org,1998,11,16,BDR-39,89.34,38(099)18-60-310
Інна,Поліщук,inna.polishchuk2@student.org,1958,1,15,UHJ-42,72.36,38(096)52-26-362
Оксана,Литвин,oksana.lytvyn2@student.org,1979,6,17,OUO-97,69.67,38(067)16-78-938
Ярослав,Білоус,yaroslav.bilous1@student.org,2007,1,21,MCJ-35,51.32,38(095)27-76-487
Іван,Стельмах,ivan.stelmakh3@student.org,1959,6,15,GSW-97,12.05,38(073)24-24-714
Юрій,Скрипка,yuriy.skrypka6@student.org,1972,2,9,AIK-11,28.01,38(073)86-29-555
Петро,Левченко,petro.levchenko1@student.org,1983,2,18,QTK-28,52.91,38(096)70-29-192
Іван,Михайленко,ivan.mykhaylenko2@student.org,1968,6,30,GES-17,84.59,38(098)25-18-966
Віктор,Новік,viktor.novik2@student.org,1986,3,4,DQL-64,81.08,38(096)63-35-153
Роман,Король,roman.korol6@student.org,1967,9,21,XLL-44,79.34,38(097)50-86-642
Сергій,Марченко,serhiy.marchenko1@student.org,1987,7,7,PHK-87,68.51,38(099)51-53-880
Остап,Петренко,ostap.petrenko3@student.org,1967,11,10,OWS-73,63.77,38(066)37-83-759
Михайло,Костенко,mykhaylo.kostenko4@student.org,1997,1,31,RSM-38,78.25,38(067)36-49-139
Василь,Павленко,vasyl.pavlenko3@student.org,1979,11,8,URC-81,94.78,38(098)17-11-137
Надія,Демченко,nadiya.demchenko3@student.org,1965,12,7,XNG-54,3.32,38(063)67-87-547
Ірина,Гриценко,iryna.hrytsenko3@student.org,2009,1,24,YGT-43,65.02,38(067)82-89-825
Остап,Цимбал,ostap.tsymbal2@student.org,1994,8,17,OQW-75,60.91,38(073)11-79-753
Олеся,Гладко,olesya.hladko2@student.org,2008,7,16,VGQ-40,52.91,38(098)74-16-592
Вера,Шевченко,vera.shevchenko4@student.org,1961,1,15,XXC-37,20.35,38(063)10-93-134
Артем,Никоненко,artem.nykonenko4@student.org,1981,10,27,NTK-95,16.65,38(050)92-64-535
Людмила,Король,lyudmyla.korol@student.org,1993,9,14,TMQ-57,61.27,38(096)10-86-519
Алла,Костенко,alla.kostenko1@student.org,1980,2,8,VSF-77,7.81,38(095)58-91-673
Юлія,Цимбал,yuliya.tsymbal3@student.org,1955,5,3,XDK-20,79.68,38(050)84-80-230
Станіслав,Новік,stanislav.novik2@student.org,1959,11,24,NYO-61,37.52,38(073)44-27-669
Людмила,Костенко,lyudmyla.kostenko2@student.org,1956,12,31,FST-41,66.12,38(050)10-85-996
Юрій,Іваненко,yuriy.ivanenko2@student.org,1998,11,3,KMP-10,50.62,38(098)42-24-128
Михайло,Романенко,mykhaylo.romanenko1@student.org,1967,7,16,OVV-72,83.67,38(067)64-18-887
Юлія,Костенко,yuliya.kostenko3@student.org,1991,4,29,BCB-70,29.24,38(050)75-86-882
Федір,Макаренко,fedir.makarenko1@student.org,1975,5,9,BKF-61,11.84,38(067)76-33-133
Олеся,Макаренко,olesya.makarenko7@student.org,1982,1,28,JNM-47,68.08,38(063)41-44-379
Остап,Коваленко,ostap.kovalenko@student.org,1989,6,2,TIC-65,34.5,38(095)10-13-429
Григорій,Ткаченко,hryhoriy.tkachenko3@student.org,1976,12,10,RVT-71,12.28,38(050)21-82-794
Олена,Білоус,olena.bilous2@student.org,1989,6,5,OIM-91,12.5,38(068)87-67-617
Світлана,Гордієнко,svitlana.hordiyenko4@student.org,1964,4,8,AZR-37,49.54,38(098)70-42-675
Роман,Білоус,roman.bilous8@student.org,1987,12,12,VKF-65,9.13,38(099)30-23-328
Роман,Король,roman.korol7@student.org,1979,1,23,GHE-21,8.58,38(098)98-44-470
Володимир,Гордієнко,volodymyr.hordiyenko3@student.org,1965,6,23,VVE-79,5.09,38(066)54-80-288
Роман,Рибак,roman.rybak9@student.org,1958,3,27,SOL-10,55.19,38(068)78-25-635
Раїса,Савченко,rayisa.savchenko3@student.org,1983,6,27,RNI-55,13.47,38(050)50-81-230
Іван,Савченко,ivan.savchenko4@student.org,2004,6,17,BMC-66,11.1,38(093)40-34-425
Надія,Поліщук,nadiya.polishchuk2@student.org,1972,1,12,KGN-46,46.68,38(063)60-43-764
Федір,Костенко,fedir.kostenko4@student.org,2005,9,14,FYC-58,14.8,38(093)12-56-893
Тарас,Козлов,taras.kozlov2@student.org,1975,8,29,LDF-90,93.53,38(096)63-66-481
Григорій,Ткаченко,hryhoriy.tkachenko4@student.org,1990,11,15,EES-44,97.83,38(096)60-75-909
Юлія,Шевченко,yuliya.shevchenko4@student.org,2010,9,7,YSS-48,75.69,38(073)72-87-661
Олександр,Коваль,oleksandr.koval2@student.org,1973,12,20,XDN-81,93.23,38(098)57-88-582
Галина,Литвин,halyna.lytvyn5@student.org,1966,6,19,DOZ-87,16.63,38(096)82-12-852
Алла,Авраменко,alla.avramenko4@student.org,1995,4,8,LHA-33,42.41,38(066)24-75-410
Алла,Ткаченко,alla.tkachenko2@student.org,1956,6,28,MAD-27,15.07,38(096)54-29-879
Вера,Шаповал,vera.shapoval7@student.org,1976,1,2,MIR-56,45.76,38(050)40-32-206
Юрій,Скрипка,yuriy.skrypka7@student.org,1967,2,15,HZJ-42,62.43,38(097)58-24-369
Анна,Романенко,anna.romanenko@student.org,1989,2,23,BOC-17,14.59,38(093)83-39-985
Віталій,Захарченко,vitaliy.zakharchenko5@student.org,1964,8,5,ING-26,29.22,38(093)66-93-552
Любов,Гончаренко,lyubov.honcharenko2@student.org,1955,8,3,MGM-63,21.98,38(050)12-94-693
Ярослав,Поліщук,yaroslav.polishchuk3@student.org,1994,1,27,HLB-66,4.01,38(093)44-46-117
Валентина,Коваленко,valentyna.kovalenko4@student.org,1965,1,2,GDS-92,92.04,38(096)70-65-773
Сергій,Коваленко,serhiy.kovalenko3@student.org,1983,7,29,IYJ-53,17.38,38(063)50-30-538
Максим,Гриценко,maksym.hrytsenko5@student.org,1981,6,23,GAS-34,87.59,38(098)48-50-958
Ірина,Руденко,iryna.rudenko5@student.org,2005,11,21,NRN-20,86.25,38(066)59-79-977
Станіслав,Скрипка,stanislav.skrypka@student.org,1991,4,24,ZGR-70,83.49,38(098)23-38-737
Остап,Козлов,ostap.kozlov1@student.org,2005,12,13,XYT-71,29.96,38(093)19-54-115
Ганна,Омельченко,hanna.omelchenko3@student.org,1997,3,11,CZB-89,19.39,38(050)89-88-292
Роман,Білоус,roman.bilous9@student.org,1993,10,15,WSQ-76,75.42,38(095)37-51-643
Ярослав,Зайцев,yaroslav.zaytsev2@student.org,1958,3,7,YOW-45,99.29,38(050)90-58-261
Віталій,Бойко,vitaliy.boyko3@student.org,1955,10,19,GNX-97,19.1,38(073)14-99-732
Катерина,Дорошенко,kateryna.doroshenko2@student.org,1963,6,29,YQK-74,54.0,38(050)91-81-268
Костянтин,Поліщук,kostyantyn.polishchuk2@student.org,2001,6,3,HTE-45,92.94,38(066)71-82-267
Михайло,Руденко,mykhaylo.rudenko2@student.org,1961,9,12,YSF-65,70.37,38(073)81-36-917
Марія,Гордієнко,mariya.hordiyenko2@student.org,1961,1,20,MYC-51,12.71,38(063)99-83-638
Григорій,Гайдук,hryhoriy.hayduk3@student.org,1959,7,27,IGA-50,32.51,38(096)50-88-938
Станіслав,Кравченко,stanislav.kravchenko1@student.org,1967,7,20,ZQM-99,42.44,38(066)48-39-412
Сергій,Гордієнко,serhiy.hordiyenko1@student.org,1988,1,15,TFH-81,4.22,38(050)96-38-104
Євгенія,Авраменко,yevheniya.avramenko5@student.org,1972,8,1,FOG-44,84.22,38(063)41-13-733
Станіслав,Марченко,stanislav.marchenko4@student.org,1965,2,16,MSS-44,87.92,38(066)35-84-893
Денис,Савченко,denys.savchenko3@student.org,1996,11,9,EQV-12,76.82,38(097)86-65-694
Анна,Шаповал,anna.shapoval2@student.org,1953,12,14,ZUL-39,46.9,38(098)20-26-810
Юрій,Шевчук,yuriy.shevchuk@student.org,2003,11,15,FPW-35,54.57,38(063)71-72-594
Роман,Панченко,roman.panchenko4@student.org,1978,2,12,RJN-57,41.78,38(099)79-92-676
Артем,Кузьменко,artem.kuzmenko5@student.org,2008,7,21,ELC-86,4.37,38(095)89-74-550
Юлія,Макаренко,yuliya.makarenko3@student.org,1997,1,26,FKK-11,47.31,38(093)72-19-686
Денис,Левченко,denys.levchenko2@student.org,1974,1,5,ICV-97,76.08,38(096)64-24-288
Роман,Поліщук,roman.polishchuk5@student.org,1996,6,23,PGD-98,44.72,38(097)51-56-123
Алла,Михайленко,alla.mykhaylenko2@student.org,1971,7,15,LOQ-90,14.79,38(099)20-21-798
Володимир,Гайдук,volodymyr.hayduk4@student.org,2006,5,15,RWB-34,63.91,38(099)78-83-806
Юрій,Левченко,yuriy.levchenko2@student.org,1976,10,3,PSL-21,94.76,38(093)17-76-601
Ганна,Козлов,hanna.kozlov2@student.org,1958,12,4,MBE-55,19.84,38(096)68-21-597
Валентина,Стельмах,valentyna.stelmakh2@student.org,1950,5,18,ALP-13,36.31,38(050)16-13-485
Григорій,Гайдук,hryhoriy.hayduk4@student.org,1989,9,7,YLO-95,88.97,38(093)65-14-227
Денис,Стельмах,denys.stelmakh1@student.org,1962,9,16,TJL-37,67.05,38(098)89-73-175
Петро,Омельченко,petro.omelchenko3@student.org,1976,10,17,BIP-34,27.8,38(063)85-18-442
Сергій,Кравченко,serhiy.kravchenko2@student.org,1970,7,28,AJX-59,36.76,38(099)17-77-599
Вера,Король,vera.korol@student.org,1998,2,28,ENI-71,31.23,38(067)93-99-624
Євгенія,Гайдук,yevheniya.hayduk3@student.org,2000,8,12,IDC-38,52.45,38(093)91-98-470
Артем,Поліщук,artem.polishchuk5@student.org,1973,1,29,YFO-13,67.13,38(096)82-87-926
Григорій,Омельченко,hryhoriy.omelchenko3@student.org,2010,6,15,XIS-37,57.35,38(066)42-91-439
Тарас,Романенко,taras.romanenko4@student.org,1982,11,8,KFJ-57,83.39,38(096)45-48-567
Сергій,Ткаченко,serhiy.tkachenko2@student.org,1980,12,27,NAM-86,27.99,38(097)10-71-943
Олеся,Петренко,olesya.petrenko3@student.org,1989,10,23,JDY-13,97.96,38(098)93-24-990
Денис,Дорошенко,denys.doroshenko1@student.org,1984,6,11,SZU-42,71.07,38(096)78-25-910
Михайло,Шевченко,mykhaylo.shevchenko6@student.org,1965,4,13,ETC-80,27.16,38(066)17-28-952
Андрій,Гладко,andriy.hladko1@student.org,1968,10,1,XPL-24,60.24,38(096)28-89-305
Світлана,Омельченко,svitlana.omelchenko1@student.org,1991,7,15,LCF-17,61.3,38(050)45-70-758
Юлія,Новік,yuliya.novik1@student.org,1998,9,17,LEV-52,55.2,38(095)85-87-326
Василь,Поліщук,vasyl.polishchuk4@student.org,1982,4,29,ZAC-25,46.84,38(063)47-25-928
Андрій,Новік,andriy.novik4@student.org,1976,1,1,MUQ-59,46.41,38(096)50-61-102
Михайло,Захарченко,mykhaylo.zakharchenko1@student.org,1978,3,9,NRV-65,41.93,38(099)81-22-261
Артем,Білоус,artem.bilous7@student.org,1973,11,27,QDV-62,3.86,38(099)75-71-257
Василь,Іваненко,vasyl.ivanenko@student.org,2001,7,13,PQA-42,69.22,38(050)49-20-943
Богдан,Мельник,bohdan.melnyk2@student.org,2001,7,10,CSL-69,9.27,38(097)30-41-476
Петро,Кравченко,petro.kravchenko2@student.org,1956,1,8,MSS-44,18.36,38(096)54-51-333
Інна,Кравченко,inna.kravchenko1@student.org,1994,12,16,UMH-63,21.31,38(099)43-63-878
Юлія,Демченко,yuliya.demchenko2@student.org,1970,7,20,OEC-59,4.12,38(095)55-60-330
Федір,Панченко,fedir.panchenko1@student.org,1996,3,17,UXK-19,0.02,38(073)66-89-925
Віктор,Лебедь,viktor.lebed2@student.org,1970,12,3,RAA-82,26.45,38(099)45-96-824
Павло,Кравченко,pavlo.kravchenko2@student.org,1977,8,22,EVS-47,11.11,38(067)93-90-512
Людмила,Король,lyudmyla.korol1@student.org,1961,4,17,BNS-92,13.66,38(098)88-88-989
Григорій,Король,hryhoriy.korol4@student.org,1967,1,25,SJF-89,71.23,38(098)37-18-871
Петро,Костенко,petro.kostenko4@student.org,1974,7,25,YEP-18,87.27,38(097)97-96-584
Олександр,Гладко,oleksandr.hladko5@student.org,2006,7,6,BGD-91,24.75,38(063)27-10-661
Костянтин,Зайцев,kostyantyn.zaytsev6@student.org,1991,6,7,JTT-24,38.87,38(097)31-60-918
Костянтин,Лебедь,kostyantyn.lebed3@student.org,1996,9,9,PWS-37,36.52,38(095)21-35-240
Михайло,Лебедь,mykhaylo.lebed3@student.org,2002,6,12,WXP-26,12.32,38(096)89-91-904
Богдан,Новік,bohdan.novik4@student.org,1990,12,19,CYA-12,97.94,38(093)30-77-221
Григорій,Гончаренко,hryhoriy.honcharenko2@student.org,2008,1,19,PXN-74,93.61,38(096)82-69-567
Андрій,Король,andriy.korol3@student.org,1984,3,18,SJE-25,50.39,38(093)92-41-436
Роман,Дорошенко,roman.doroshenko7@student.org,1985,4,5,VPO-75,97.95,38(096)33-32-568
Василь,Дорошенко,vasyl.doroshenko2@student.org,1995,6,30,HAF-32,78.41,38(096)34-85-316
Григорій,Руденко,hryhoriy.rudenko4@student.org,1981,12,27,JJW-62,42.38,38(073)20-77-314
Остап,Захарченко,ostap.zakharchenko4@student.org,1951,9,24,RSV-65,88.47,38(063)48-37-316
Олена,Рибак,olena.rybak1@student.org,1993,3,28,BXM-85,25.91,38(067)31-32-139
Марія,Омельченко,mariya.omelchenko7@student.org,1974,3,25,NKH-82,49.28,38(073)79-72-283
Віталій,Левченко,vitaliy.levchenko@student.org,1971,11,30,IPQ-50,99.57,38(073)73-86-738
Михайло,Цимбал,mykhaylo.tsymbal3@student.org,1972,3,5,RAA-82,86.85,38(095)93-14-731
Оксана,Зайцев,oksana.zaytsev3@student.org,1986,2,16,AZY-20,99.93,38(099)41-78-405
Тетяна,Козлов,tetyana.kozlov4@student.org,1966,4,10,AIE-17,98.54,38(093)96-31-512
Ярослав,Мельник,yaroslav.melnyk2@student.org,2004,6,15,BCO-87,61.18,38(067)89-26-414
Галина,Костенко,halyna.kostenko3@student.org,1979,3,20,DKG-91,85.45,38(063)64-57-660
Петро,Мельник,petro.melnyk@student.org,1952,6,10,VYG-81,86.71,38(068)79-46-263
Михайло,Шевченко,mykhaylo.shevchenko7@student.org,1999,6,20,MFD-36,15.33,38(093)70-47-734
Юрій,Марченко,yuriy.marchenko3@student.org,1996,1,10,DHX-10,23.32,38(099)75-78-158
Наталія,Костенко,nataliya.kostenko3@student.org,1958,8,22,FZL-46,80.83,38(098)19-39-690
Дмитро,Мельник,dmytro.melnyk4@student.org,1966,5,1,OFO-14,96.83,38(099)75-56-797
Надія,Кравченко,nadiya.kravchenko3@student.org,1963,8,3,MAQ-17,82.93,38(093)17-94-588
Раїса,Руденко,rayisa.rudenko1@student.org,1987,9,19,BDU-11,98.71,38(098)69-88-812
Денис,Коваленко,denys.kovalenko3@student.org,2002,5,29,ZKB-32,69.95,38(068)86-87-309
Богдан,Зайцев,bohdan.zaytsev2@student.org,1987,8,29,IKQ-97,54.16,38(096)28-60-747
Денис,Костенко,denys.kostenko4@student.org,1952,3,20,VTT-82,87.29,38(050)83-73-170
Катерина,Ткаченко,kateryna.tkachenko@student.org,1980,4,29,CTV-54,6.44,38(068)89-79-843
Максим,Павленко,maksym.pavlenko3@student.org,2006,2,10,WWQ-97,97.16,38(099)90-55-788
Дмитро,Литвин,dmytro.lytvyn6@student.org,1981,7,28,CGO-91,79.59,38(093)64-80-755
Олександр,Кузьменко,oleksandr.kuzmenko1@student.org,1984,2,24,YQK-74,51.05,38(098)84-18-364
Григорій,Коваленко,hryhoriy.kovalenko@student.org,1981,7,24,ATH-73,39.74,38(095)31-13-826
Ганна,Литвин,hanna.lytvyn1@student.org,1973,10,22,WSQ-76,91.93,38(096)62-84-564
Любов,Михайленко,lyubov.mykhaylenko@student.org,1958,1,11,MXM-70,46.25,38(050)76-76-859
Наталія,Павленко,nataliya.pavlenko6@student.org,1960,1,30,NAY-55,91.05,38(066)38-64-733
Ігор,Лисенко,ihor.lysenko6@student.org,1976,6,4,BWL-44,83.77,38(095)74-31-419
Григорій,Литвин,hryhoriy.lytvyn2@student.org,1996,6,27,VUS-33,4.59,38(067)18-43-346
Ярослав,Павленко,yaroslav.pavlenko1@student.org,1996,3,17,DYX-77,55.58,38(066)91-82-879
Лілія,Лебедь,liliya.lebed3@student.org,1988,4,20,XXC-38,24.9,38(098)81-78-422
Лілія,Лебедь,liliya.lebed4@student.org,1991,6,19,VNK-18,6.22,38(093)80-44-799
Андрій,Петренко,andriy.petrenko1@student.org,1963,5,2,MHF-64,20.39,38(073)18-91-760
Григорій,Кузьменко,hryhoriy.kuzmenko3@student.org,1969,6,9,MZZ-41,12.38,38(063)27-80-133
Дмитро,Шевчук,dmytro.shevchuk2@student.org,1953,10,22,PJZ-30,80.97,38(050)75-40-606
Григорій,Козлов,hryhoriy.kozlov4@student.org,2005,9,3,JUR-64,90.92,38(073)79-83-574
Артем,Козлов,artem.kozlov2@student.org,1984,10,14,GML-59,34.96,38(068)50-48-948
Богдан,Король,bohdan.korol4@student.org,1985,6,11,STL-99,92.75,38(067)34-75-203
Лариса,Левченко,larysa.levchenko1@student.org,1998,4,27,HPH-87,95.17,38(050)87-14-881
Валентина,Дорошенко,valentyna.doroshenko2@student.org,1959,11,10,AOA-59,49.94,38(093)91-47-160
Анна,Бойко,anna.boyko2@student.org,1957,10,27,QLQ-18,70.64,38(096)75-15-578
Дмитро,Гордієнко,dmytro.hordiyenko2@student.org,1982,4,29,ZEO-70,43.13,38(097)55-98-839
Світлана,Василенко,svitlana.vasylenko3@student.org,1988,5,26,NOY-47,89.5,38(099)24-77-376
Ярослав,Омельченко,yaroslav.omelchenko3@student.org,1966,8,16,ULH-61,59.19,38(096)17-23-220
Галина,Білоус,halyna.bilous1@student.org,1989,10,2,UPO-92,62.46,38(096)45-46-792
Марія,Гайдук,mariya.hayduk2@student.org,2002,3,24,TTY-83,58.75,38(068)65-26-484
Роман,Левченко,roman.levchenko8@student.org,1998,8,30,BMK-84,7.4,38(066)15-58-595
Катерина,Іваненко,kateryna.ivanenko3@student.org,1968,9,14,HRW-44,71.58,38(097)57-53-472
Роман,Марченко,roman.marchenko8@student.org,1974,1,18,QRR-38,95.76,38(098)15-31-450
Іван,Іваненко,ivan.ivanenko5@student.org,1996,2,28,GPQ-92,48.08,38(073)50-26-440
Лілія,Омельченко,liliya.omelchenko@student.org,1986,6,22,EIO-63,67.95,38(073)80-34-324
Тетяна,Скрипка,tetyana.skrypka5@student.org,1993,2,9,XZG-62,54.59,38(063)59-72-391
Василь,Петренко,vasyl.petrenko3@student.org,1964,11,18,QVT-69,48.44,38(093)83-23-744
Дмитро,Зайцев,dmytro.zaytsev1@student.org,1955,10,9,PSI-11,11.84,38(097)45-45-773
Юлія,Романенко,yuliya.romanenko4@student.org,1972,10,22,HUM-56,90.37,38(068)44-10-350
Євгенія,Король,yevheniya.korol1@student.org,1950,2,12,PXB-70,42.15,38(073)25-83-623
Іван,Коваль,ivan.koval@student.org,1972,8,25,DHC-48,71.56,38(095)14-32-300
Любов,Омельченко,lyubov.omelchenko6@student.org,1974,11,25,VVA-57,70.5,38(063)44-41-631
Василь,Скрипка,vasyl.skrypka2@student.org,1989,9,7,NML-73,25.73,38(067)30-91-374
Раїса,Дорошенко,rayisa.doroshenko3@student.org,1992,11,1,KSW-61,98.54,38(097)95-50-619
Віктор,Гайдук,viktor.hayduk@student.org,2003,8,12,OHD-69,57.87,38(063)52-11-190
Василь,Дорошенко,vasyl.doroshenko3@student.org,1951,7,31,ZNV-90,22.36,38(095)88-79-147
Марія,Захарченко,mariya.zakharchenko2@student.org,2009,9,9,CLX-14,83.6,38(067)88-97-718
Петро,Коваль,petro.koval3@student.org,1969,7,28,SFH-87,95.87,38(050)66-28-519
Станіслав,Левченко,stanislav.levchenko7@student.org,2008,9,20,EXK-94,6.29,38(096)46-82-401
Інна,Гриценко,inna.hrytsenko3@student.org,1973,6,15,HIV-32,77.37,38(098)92-98-847
Станіслав,Василенко,stanislav.vasylenko5@student.org,2005,7,28,XDN-81,69.17,38(097)81-62-748
Валентина,Никоненко,valentyna.nykonenko3@student.org,1983,11,4,BOC-89,4.39,38(093)61-93-109
Станіслав,Лисенко,stanislav.lysenko@student.org,1994,7,11,YUS-96,20.7,38(050)15-75-398
Олеся,Мельник,olesya.melnyk3@student.org,1993,5,31,YIW-82,3.76,38(095)43-44-402
Любов,Романенко,lyubov.romanenko@student.org,1977,10,15,ROJ-32,33.62,38(098)67-37-894
Віталій,Шевчук,vitaliy.shevchuk2@student.org,1969,3,14,ZJA-40,52.02,38(095)83-46-372
Ігор,Литвин,ihor.lytvyn5@student.org,1975,8,28,UPJ-49,61.75,38(066)22-51-570
Остап,Шевчук,ostap.shevchuk1@student.org,1980,8,14,GDE-63,74.64,38(097)37-47-404
Марія,Шевченко,mariya.shevchenko2@student.org,1995,10,14,KBP-62,63.7,38(066)30-89-591
Раїса,Рибак,rayisa.rybak6@student.org,1967,8,17,WWG-37,5.91,38(073)27-43-216
Катерина,Мельник,kateryna.melnyk1@student.org,1976,7,1,QIO-66,57.22,38(093)26-55-795
Оксана,Рибак,oksana.rybak3@student.org,1979,1,8,VCU-53,85.56,38(099)79-90-129
Дмитро,Левченко,dmytro.levchenko@student.org,1984,4,17,RTU-72,29.24,38(093)16-76-231
Анна,Михайленко,anna.mykhaylenko2@student.org,2005,7,2,RHT-52,52.37,38(073)35-89-131
Галина,Лисенко,halyna.lysenko3@student.org,1980,12,1,EDX-14,86.22,38(068)95-62-326
Юрій,Білоус,yuriy.bilous2@student.org,1983,2,17,RPL-18,91.97,38(066)59-71-431
Іван,Шаповал,ivan.shapoval7@student.org,1995,4,27,UIZ-47,88.16,38(068)55-35-240
Катерина,Гончаренко,kateryna.honcharenko2@student.org,1952,2,29,GNP-66,69.77,38(063)86-83-522
Ярослав,Бойко,yaroslav.boyko2@student.org,1950,2,21,QIQ-86,49.1,38(063)61-19-351
Віктор,Козлов,viktor.kozlov1@student.org,2004,1,28,XEA-23,8.13,38(095)18-45-367
Раїса,Савченко,rayisa.savchenko4@student.org,1979,7,27,OXM-94,23.45,38(063)13-70-247
Олеся,Білоус,olesya.bilous2@student.org,1991,4,30,UVC-75,73.62,38(073)64-39-394
Наталія,Король,nataliya.korol@student.org,1986,12,19,MGT-99,21.31,38(073)58-31-515
Оксана,Гончаренко,oksana.honcharenko6@student.org,1976,12,15,IWN-45,48.68,38(099)17-60-423
Василь,Дорошенко,vasyl.doroshenko4@student.org,1950,8,31,SII-42,44.1,38(066)28-22-429
Олеся,Литвин,olesya.lytvyn4@student.org,2001,3,31,ZCV-16,31.06,38(050)81-59-577
Ганна,Захарченко,hanna.zakharchenko@student.org,1953,10,24,HDO-12,10.46,38(063)89-95-274
Максим,Авраменко,maksym.avramenko@student.org,1992,11,4,OUX-72,61.99,38(098)23-73-370
Олександр,Демченко,oleksandr.demchenko5@student.org,1997,5,7,SSC-58,63.39,38(066)84-48-657
Марія,Лисенко,mariya.lysenko1@student.org,1980,4,7,CYS-29,93.85,38(095)36-81-999
Костянтин,Бойко,kostyantyn.boyko2@student.org,1994,5,13,AEI-61,25.9,38(067)17-15-879
Станіслав,Савченко,stanislav.savchenko3@student.org,2002,5,3,ADY-76,11.89,38(096)61-20-569
Павло,Романенко,pavlo.romanenko4@student.org,1951,5,3,LLQ-93,73.22,38(099)52-50-224
Вера,Козлов,vera.kozlov4@student.org,1967,12,29,OEL-19,32.51,38(097)39-78-455
Федір,Новік,fedir.novik3@student.org,2008,11,18,LIS-99,89.44,38(097)15-56-782
Надія,Захарченко,nadiya.zakharchenko3@student.org,1997,11,14,XEJ-78,39.96,38(093)63-24-938
Віктор,Дорошенко,viktor.doroshenko3@student.org,1980,6,19,OPF-84,87.98,38(050)78-37-574
Денис,Омельченко,denys.omelchenko5@student.org,2003,2,20,OZW-83,27.32,38(099)28-93-454
Лілія,Стельмах,liliya.stelmakh2@student.org,1951,11,13,WXD-22,10.75,38(073)20-77-321
Роман,Кузьменко,roman.kuzmenko6@student.org,2002,8,1,PSL-21,21.17,38(096)17-32-521
Ярослав,Руденко,yaroslav.rudenko1@student.org,1990,6,14,TTE-46,81.09,38(096)23-21-507
Максим,Петренко,maksym.petrenko5@student.org,2009,2,7,NDH-84,4.47,38(066)70-66-529
Володимир,Козлов,volodymyr.kozlov@student.org,1961,12,10,FRR-86,1.04,38(098)29-48-537
Ірина,Гончаренко,iryna.honcharenko2@student.org,1958,1,4,NHX-85,59.66,38(073)52-37-526
Роман,Романенко,roman.romanenko4@student.org,1962,9,12,RFI-89,70.87,38(097)97-18-900
Надія,Костенко,nadiya.kostenko4@student.org,1973,8,7,RLD-72,5.27,38(067)48-69-616
Людмила,Мельник,lyudmyla.melnyk4@student.org,1987,3,17,MUT-21,16.9,38(099)45-69-866
Федір,Руденко,fedir.rudenko2@student.org,1973,3,28,RTJ-16,37.23,38(073)13-16-998
Юлія,Панченко,yuliya.panchenko2@student.org,2007,2,11,VSC-21,40.44,38(096)29-97-296
Павло,Руденко,pavlo.rudenko1@student.org,1967,6,7,FYX-59,45.97,38(063)40-99-734
Анна,Гайдук,anna.hayduk1@student.org,1958,1,10,VWL-62,60.82,38(097)79-23-880
Григорій,Михайленко,hryhoriy.mykhaylenko2@student.org,1971,2,3,UDA-50,35.17,38(068)20-50-566
Денис,Михайленко,denys.mykhaylenko1@student.org,1953,7,6,SZU-42,46.23,38(095)95-17-782
Максим,Омельченко,maksym.omelchenko1@student.org,2007,1,6,DKG-91,79.35,38(068)72-58-556
Володимир,Скрипка,volodymyr.skrypka@student.org,1955,3,21,EBW-43,70.36,38(097)11-10-882
Ірина,Василенко,iryna.vasylenko3@student.org,2002,4,21,LEG-28,47.33,38(093)63-17-308
Остап,Мельник,ostap.melnyk6@student.org,2006,9,28,VGF-50,78.0,38(063)62-41-353
Марія,Демченко,mariya.demchenko2@student.org,2010,9,17,UFD-99,40.87,38(093)87-90-346
Тетяна,Коваленко,tetyana.kovalenko5@student.org,1959,8,5,PZK-80,85.81,38(073)91-69-104
Оксана,Панченко,oksana.panchenko4@student.org,2004,12,23,KSP-30,9.75,38(097)11-66-122
Анна,Авраменко,anna.avramenko2@student.org,1963,8,25,AQJ-54,59.78,38(066)53-50-930
Віктор,Гайдук,viktor.hayduk1@student.org,1998,7,21,VHA-81,47.18,38(097)40-76-736
Дмитро,Гладко,dmytro.hladko4@student.org,1974,7,12,XMH-63,14.18,38(095)77-81-192
Тарас,Король,taras.korol2@student.org,2010,4,10,MUT-21,27.54,38(099)29-22-351
Алла,Ковальчук,alla.kovalchuk3@student.org,1962,3,10,ARK-41,46.03,38(097)17-44-462
Григорій,Панченко,hryhoriy.panchenko8@student.org,1956,3,15,EIO-63,73.08,38(063)35-58-629
Анна,Авраменко,anna.avramenko3@student.org,1961,11,11,RZX-60,70.01,38(095)21-27-210
Марія,Стельмах,mariya.stelmakh3@student.org,2006,4,19,MVS-14,3.0,38(099)94-86-697
Петро,Авраменко,petro.avramenko1@student.org,1951,11,3,GYI-76,66.15,38(063)15-21-340
Василь,Коваль,vasyl.koval5@student.org,1996,6,25,YPI-46,19.26,38(098)60-42-335
Вера,Зайцев,vera.zaytsev2@student.org,1966,2,7,XAT-83,71.51,38(095)35-49-149
Андрій,Гордієнко,andriy.hordiyenko2@student.org,1963,11,24,WSQ-76,35.47,38(099)80-98-154
Станіслав,Ковальчук,stanislav.kovalchuk3@student.org,1966,5,24,CSY-52,40.78,38(073)80-22-499
Роман,Гриценко,roman.hrytsenko4@student.org,1983,1,30,OMQ-10,49.25,38(067)67-95-227
Сергій,Білоус,serhiy.bilous3@student.org,2005,6,11,FJM-71,56.22,38(063)93-44-535
Ганна,Мельник,hanna.melnyk3@student.org,2008,9,21,ACV-59,86.49,38(093)16-33-105
Євгенія,Михайленко,yevheniya.mykhaylenko4@student.org,1975,5,19,FYF-79,92.42,38(093)62-61-159
Максим,Авраменко,maksym.avramenko1@student.org,1963,1,20,ZTN-88,96.24,38(050)84-32-634
Федір,Лебедь,fedir.lebed3@student.org,1999,5,13,RID-11,75.41,38(067)56-48-869
Раїса,Захарченко,rayisa.zakharchenko3@student.org,1997,2,10,QDH-14,96.91,38(050)76-17-639
Артем,Павленко,artem.pavlenko3@student.org,1958,2,27,PZK-80,92.2,38(096)73-45-494
Артем,Цимбал,artem.tsymbal@student.org,1972,7,18,YUV-88,93.55,38(095)46-95-725
Ірина,Никоненко,iryna.nykonenko4@student.org,1962,2,8,XNP-12,97.0,38(095)95-39-313
Віталій,Стельмах,vitaliy.stelmakh4@student.org,1989,5,30,WIF-81,0.62,38(095)40-49-743
Юлія,Гриценко,yuliya.hrytsenko2@student.org,1963,8,28,BVL-74,58.61,38(098)78-23-361
Надія,Білоус,nadiya.bilous2@student.org,1992,4,24,IJF-13,88.98,38(050)95-17-848
Володимир,Василенко,volodymyr.vasylenko5@student.org,1955,9,24,DNF-32,5.7,38(050)75-12-137
Олександр,Цимбал,oleksandr.tsymbal3@student.org,1956,9,20,DOJ-88,53.16,38(098)75-73-258
Тарас,Лисенко,taras.lysenko2@student.org,1988,8,9,YWM-96,24.92,38(097)25-20-961
Катерина,Лебедь,kateryna.lebed2@student.org,1951,1,31,PPP-95,40.44,38(073)24-47-726
Наталія,Демченко,nataliya.demchenko5@student.org,1991,12,14,CXC-68,99.98,38(063)23-26-225
Марія,Шаповал,mariya.shapoval1@student.org,1980,5,15,VAT-70,61.99,38(096)18-16-906
Вікторія,Петренко,viktoriya.petrenko3@student.org,1977,3,17,YFX-15,48.53,38(096)30-87-405
Юлія,Шевчук,yuliya.shevchuk2@student.org,1984,10,2,ELD-71,15.53,38(093)31-31-723
Валентина,Іваненко,valentyna.ivanenko2@student.org,1974,11,21,AIU-95,84.65,38(093)59-52-947
Тарас,Марченко,taras.marchenko1@student.org,1992,1,24,LFM-68,52.23,38(066)52-73-366
Дмитро,Козлов,dmytro.kozlov2@student.org,1987,1,27,MGA-91,84.68,38(099)20-48-277
Віктор,Коваленко,viktor.kovalenko3@student.org,1973,2,17,NJS-63,22.94,38(099)29-73-924
Інна,Гриценко,inna.hrytsenko4@student.org,1974,2,3,FCU-71,77.7,38(063)39-56-231
Ігор,Авраменко,ihor.avramenko3@student.org,2009,8,5,TRP-38,0.85,38(066)81-16-245
Вера,Захарченко,vera.zakharchenko4@student.org,1988,9,21,GQP-58,4.04,38(095)46-95-440
Юрій,Марченко,yuriy.marchenko4@student.org,1968,5,7,FNW-40,43.03,38(099)51-35-413
Станіслав,Макаренко,stanislav.makarenko4@student.org,1962,12,5,VJG-94,8.32,38(050)65-34-967
Денис,Романенко,denys.romanenko5@student.org,2007,5,17,IOW-35,11.01,38(068)10-65-634
Роман,Козлов,roman.kozlov6@student.org,1971,8,1,IVN-17,27.13,38(068)68-23-880
Василь,Бойко,vasyl.boyko4@student.org,1955,10,29,PZK-80,87.99,38(095)42-22-450
Федір,Бойко,fedir.boyko1@student.org,1965,5,2,IQY-14,60.1,38(067)40-60-510
Артем,Петренко,artem.petrenko5@student.org,1979,2,23,HAM-20,93.78,38(098)71-79-333
Остап,Зайцев,ostap.zaytsev1@student.org,1952,5,29,IOJ-94,98.66,38(067)32-60-914
Юрій,Кузьменко,yuriy.kuzmenko1@student.org,2000,4,18,PGT-58,22.28,38(050)57-58-454
Максим,Петренко,maksym.petrenko6@student.org,1982,8,18,UER-90,99.48,38(096)77-76-875
Галина,Зайцев,halyna.zaytsev2@student.org,2007,2,22,WTQ-61,72.5,38(068)54-51-513
Тетяна,Стельмах,tetyana.stelmakh5@student.org,2004,10,23,LCB-41,57.03,38(066)94-94-581
Валентина,Поліщук,valentyna.polishchuk2@student.org,2009,4,26,GOH-65,82.05,38(063)55-61-906
Любов,Авраменко,lyubov.avramenko4@student.org,1990,11,20,BTV-84,61.76,38(095)19-69-257
Людмила,Демченко,lyudmyla.demchenko@student.org,1962,8,2,KVM-41,84.93,38(099)60-45-677
Ганна,Скрипка,hanna.skrypka5@student.org,1952,2,4,UGU-55,17.04,38(098)20-47-659
Остап,Дорошенко,ostap.doroshenko1@student.org,1975,7,7,HAH-39,92.9,38(068)77-13-121
Андрій,Левченко,andriy.levchenko4@student.org,1965,12,24,LIW-45,7.71,38(067)15-12-832
Олена,Зайцев,olena.zaytsev3@student.org,1991,2,5,XWZ-30,7.94,38(095)44-63-432
Катерина,Цимбал,kateryna.tsymbal2@student.org,1961,5,20,MUE-46,21.66,38(093)14-67-789
Денис,Марченко,denys.marchenko1@student.org,1959,7,26,AEG-31,80.56,38(066)44-22-472
Іван,Білоус,ivan.bilous2@student.org,1987,11,14,NKL-59,35.13,38(098)24-44-927
Анна,Павленко,anna.pavlenko5@student.org,1980,1,17,YIN-82,32.98,38(050)95-83-567
Любов,Кравченко,lyubov.kravchenko3@student.org,1967,4,6,QPT-83,13.9,38(066)95-93-652
Федір,Павленко,fedir.pavlenko@student.org,1999,11,3,ITM-95,1.4,38(068)81-81-575
Любов,Іваненко,lyubov.ivanenko2@student.org,1990,10,14,QPD-81,63.87,38(063)99-58-937
Олена,Новік,olena.novik3@student.org,1973,5,12,GPU-62,6.12,38(073)46-59-484
Денис,Лебедь,denys.lebed1@student.org,1959,1,6,XYT-71,89.9,38(098)79-58-303
Ірина,Руденко,iryna.rudenko6@student.org,1985,11,11,HLU-75,98.51,38(066)24-52-357
Василь,Стельмах,vasyl.stelmakh1@student.org,1988,3,23,IIP-29,23.75,38(063)39-40-308
Остап,Костенко,ostap.kostenko1@student.org,1954,4,20,RHB-17,61.87,38(093)79-20-793
Вера,Никоненко,vera.nykonenko7@student.org,1990,6,22,FYM-91,57.61,38(096)92-77-279
Наталія,Петренко,nataliya.petrenko3@student.org,2008,8,10,ZVE-19,30.84,38(067)34-13-513
Вера,Шевчук,vera.shevchuk2@student.org,1988,1,4,KJV-15,15.52,38(099)72-95-204
Петро,Литвин,petro.lytvyn2@student.org,1967,9,15,DMI-43,83.3,38(093)77-39-124
Дмитро,Демченко,dmytro.demchenko2@student.org,1969,6,30,SXB-85,23.74,38(063)82-93-437
Лілія,Гриценко,liliya.hrytsenko5@student.org,1960,4,16,IIA-79,73.87,38(068)85-99-556
Сергій,Марченко,serhiy.marchenko2@student.org,1952,6,19,QJZ-38,28.23,38(050)47-97-601
Михайло,Левченко,mykhaylo.levchenko3@student.org,1957,12,26,OAP-61,70.48,38(066)44-67-656
Анна,Коваль,anna.koval4@student.org,1984,1,1,NOS-54,73.79,38(068)28-82-213
Катерина,Омельченко,kateryna.omelchenko1@student.org,1969,9,28,SCB-13,19.18,38(063)92-85-935
Ярослав,Омельченко,yaroslav.omelchenko4@student.org,1959,7,24,LEV-52,26.12,38(095)24-97-879
Валентина,Цимбал,valentyna.tsymbal3@student.org,1990,6,16,AZX-78,86.17,38(098)11-85-322
Сергій,Гончаренко,serhiy.honcharenko4@student.org,1953,6,20,FCE-23,78.22,38(099)87-47-606
Олена,Михайленко,olena.mykhaylenko5@student.org,1962,4,5,OPA-65,98.39,38(093)85-80-833
Тетяна,Шевчук,tetyana.shevchuk3@student.org,1995,7,31,RDF-13,55.49,38(095)21-94-424
Богдан,Никоненко,bohdan.nykonenko5@student.org,1954,12,9,DBF-17,22.16,38(067)56-20-640
Ігор,Шаповал,ihor.shapoval2@student.org,1979,5,22,XSK-65,25.0,38(050)17-93-493
Людмила,Литвин,lyudmyla.lytvyn2@student.org,2007,12,23,KLV-90,52.9,38(067)48-70-685
Надія,Король,nadiya.korol2@student.org,2005,10,28,MLF-20,92.32,38(066)91-36-272
Марія,Коваль,mariya.koval5@student.org,1973,10,22,KMZ-68,24.68,38(063)44-36-286
Дмитро,Павленко,dmytro.pavlenko2@student.org,1976,7,12,BFG-57,67.99,38(098)14-56-271
Петро,Костенко,petro.kostenko5@student.org,1990,10,31,MTQ-35,15.14,38(099)50-94-971
Вера,Захарченко,vera.zakharchenko5@student.org,1972,9,11,ZRZ-44,96.95,38(073)85-54-376
Богдан,Демченко,bohdan.demchenko3@student.org,1952,7,31,UUO-24,30.78,38(050)19-61-101
Василь,Михайленко,vasyl.mykhaylenko3@student.org,2002,2,7,KYR-44,20.65,38(063)64-70-114
Ярослав,Петренко,yaroslav.petrenko2@student.org,1988,9,14,JIJ-57,44.54,38(073)80-67-249
Юлія,Костенко,yuliya.kostenko4@student.org,1953,12,30,LKB-27,86.41,38(099)30-62-249
Анна,Дорошенко,anna.doroshenko1@student.org,2010,9,26,DNB-46,33.36,38(093)33-51-892
Дмитро,Білоус,dmytro.bilous@student.org,1997,3,28,CJO-89,37.61,38(067)27-55-511
Олеся,Рибак,olesya.rybak1@student.org,1995,8,27,MZG-58,29.37,38(096)47-25-580
Петро,Гордієнко,petro.hordiyenko4@student.org,1998,3,22,EDJ-33,67.85,38(068)59-71-815
Олена,Білоус,olena.bilous3@student.org,1957,4,11,BVR-72,23.43,38(095)81-33-689
Володимир,Кравченко,volodymyr.kravchenko1@student.org,1988,1,1,JJW-62,46.45,38(096)50-61-411
Марія,Романенко,mariya.romanenko2@student.org,1999,9,29,SKG-79,60.6,38(067)68-28-815
Павло,Петренко,pavlo.petrenko3@student.org,1983,10,17,WTU-82,72.22,38(098)81-28-102
Костянтин,Скрипка,kostyantyn.skrypka1@student.org,1990,3,6,DNN-30,17.35,38(093)12-83-987
Вера,Павленко,vera.pavlenko2@student.org,1982,10,31,HHF-56,41.63,38(068)61-73-961
Вікторія,Лебедь,viktoriya.lebed1@student.org,1991,3,29,DNN-40,97.2,38(095)84-86-423
Федір,Лисенко,fedir.lysenko3@student.org,1964,5,21,PTY-23,39.53,38(050)79-25-787
Ганна,Новік,hanna.novik6@student.org,2004,8,10,UPL-99,12.74,38(095)85-52-890
Марія,Литвин,mariya.lytvyn3@student.org,1975,9,29,NTN-17,70.23,38(068)78-96-479
Василь,Руденко,vasyl.rudenko4@student.org,1951,2,13,NHQ-59,65.67,38(050)98-57-480
Ганна,Михайленко,hanna.mykhaylenko4@student.org,1996,2,27,TJA-39,0.46,38(050)12-75-753
Валентина,Петренко,valentyna.petrenko3@student.org,1966,9,6,OXZ-98,92.76,38(073)77-25-938
Ярослав,Ковальчук,yaroslav.kovalchuk2@student.org,1971,6,6,WBQ-25,61.6,38(095)64-38-182
Вікторія,Білоус,viktoriya.bilous2@student.org,2006,6,3,HKI-76,46.85,38(097)92-82-763
Богдан,Макаренко,bohdan.makarenko3@student.org,1963,9,3,VUS-33,87.33,38(098)85-36-160
Галина,Гончаренко,halyna.honcharenko4@student.org,2001,3,5,WGM-82,41.24,38(068)78-82-343
Дмитро,Макаренко,dmytro.makarenko3@student.org,1973,5,26,MTA-98,41.87,38(068)71-43-335
Тетяна,Романенко,tetyana.romanenko3@student.org,1972,3,10,DHI-18,86.49,38(050)78-72-377
Костянтин,Михайленко,kostyantyn.mykhaylenko5@student.org,1953,12,6,ANS-12,34.98,38(098)90-97-837
Ярослав,Павленко,yaroslav.pavlenko2@student.org,1959,5,1,JTH-11,89.74,38(099)52-51-307
Тетяна,Шаповал,tetyana.shapoval2@student.org,1967,2,1,PIW-89,25.26,38(098)80-45-496
Павло,Павленко,pavlo.pavlenko4@student.org,1987,10,21,WLB-89,87.78,38(099)54-94-335
Олеся,Василенко,olesya.vasylenko@student.org,1966,7,25,KOH-44,99.23,38(098)46-74-201
Петро,Марченко,petro.marchenko1@student.org,1967,11,3,ANL-80,31.59,38(050)34-79-593
Людмила,Костенко,lyudmyla.kostenko3@student.org,2007,5,25,UOJ-75,29.26,38(098)75-53-862
Тетяна,Панченко,tetyana.panchenko2@student.org,1981,2,8,OCB-38,88.85,38(050)75-41-138
Алла,Коваль,alla.koval3@student.org,1956,8,5,OOK-85,93.68,38(066)42-65-416
Галина,Захарченко,halyna.zakharchenko3@student.org,1998,12,28,FKU-33,90.95,38(050)20-45-194
Остап,Лебедь,ostap.lebed3@student.org,1978,5,28,JHG-33,80.59,38(097)69-36-345
Валентина,Савченко,valentyna.savchenko4@student.org,1952,2,23,QYZ-31,81.23,38(050)24-21-357
Василь,Романенко,vasyl.romanenko2@student.org,1974,1,31,TJI-75,83.22,38(068)21-48-162
Богдан,Коваленко,bohdan.kovalenko@student.org,1981,9,17,TMW-90,34.95,38(099)10-77-640
Євгенія,Ковальчук,yevheniya.kovalchuk2@student.org,1995,7,23,XAT-83,72.18,38(098)24-75-229
Віктор,Стельмах,viktor.stelmakh3@student.org,1950,9,26,UBE-69,60.48,38(099)45-43-366
Віктор,Ковальчук,viktor.kovalchuk4@student.org,1971,9,27,EXU-68,58.44,38(098)77-12-708
Вера,Гладко,vera.hladko1@student.org,2010,5,18,XQV-48,97.38,38(073)96-77-282
Галина,Захарченко,halyna.zakharchenko4@student.org,1987,9,16,HOU-24,28.1,38(096)97-88-568
Галина,Іваненко,halyna.ivanenko4@student.org,1977,11,1,WSR-96,67.16,38(063)68-34-947
Василь,Новік,vasyl.novik2@student.org,1963,6,21,MGL-15,32.97,38(066)62-31-124
Наталія,Дорошенко,nataliya.doroshenko3@student.org,1994,12,20,YEP-18,24.67,38(098)81-24-147
Павло,Шевчук,pavlo.shevchuk3@student.org,2005,7,2,PJW-69,54.42,38(073)65-28-516
Дмитро,Цимбал,dmytro.tsymbal4@student.org,1956,9,12,XAT-83,64.01,38(050)87-30-330
Анна,Шевченко,anna.shevchenko4@student.org,1950,5,15,XDG-74,89.6,38(095)48-72-354
Павло,Гайдук,pavlo.hayduk4@student.org,1966,7,14,ITX-35,36.8,38(098)96-15-979
Роман,Гончаренко,roman.honcharenko5@student.org,2008,2,10,ZWQ-41,27.57,38(063)95-11-612
Григорій,Марченко,hryhoriy.marchenko@student.org,1980,7,29,WBW-66,63.25,38(068)73-58-909
Ірина,Лебедь,iryna.lebed1@student.org,1997,5,31,PCB-63,53.6,38(096)81-78-288
Тарас,Павленко,taras.pavlenko2@student.org,1958,3,31,SOL-10,94.22,38(093)64-64-725
Надія,Панченко,nadiya.panchenko8@student.org,1996,12,12,UOC-57,0.32,38(068)51-61-518
Інна,Павленко,inna.pavlenko1@student.org,1961,7,17,LJP-88,23.43,38(067)87-41-269
Тарас,Петренко,taras.petrenko2@student.org,2002,8,7,DIH-43,98.13,38(098)36-57-929
Олександр,Шевчук,oleksandr.shevchuk1@student.org,1999,4,9,IVI-74,90.23,38(097)56-74-456
Григорій,Стельмах,hryhoriy.stelmakh3@student.org,1998,3,11,TXU-28,1.67,38(097)46-57-514
Катерина,Коваль,kateryna.koval2@student.org,2001,2,23,IWC-14,7.43,38(095)94-94-703
Максим,Гладко,maksym.hladko4@student.org,1972,10,24,BCD-32,81.22,38(095)39-96-958
Катерина,Ткаченко,kateryna.tkachenko1@student.org,1975,12,11,UFM-58,50.41,38(095)48-10-426
Петро,Цимбал,petro.tsymbal4@student.org,1963,1,25,ZZL-26,73.91,38(050)38-52-542
Тетяна,Дорошенко,tetyana.doroshenko4@student.org,1969,12,11,CLV-69,96.66,38(067)14-47-397
Петро,Ковальчук,petro.kovalchuk2@student.org,1971,7,29,SQO-31,50.31,38(073)38-85-961
Інна,Руденко,inna.rudenko3@student.org,1980,1,6,IMU-30,72.23,38(050)47-43-915
Роман,Марченко,roman.marchenko9@student.org,1980,12,24,CSK-26,11.87,38(097)55-39-277
Ігор,Омельченко,ihor.omelchenko2@student.org,1998,5,22,ZNV-90,35.51,38(093)29-81-895
Анна,Авраменко,anna.avramenko4@student.org,1973,11,7,ELD-14,66.87,38(099)57-73-922
Лілія,Захарченко,liliya.zakharchenko1@student.org,1967,1,25,RWX-14,65.62,38(095)42-29-207
Юлія,Коваль,yuliya.koval1@student.org,1959,11,28,EEZ-62,19.58,38(096)85-90-260
Петро,Стельмах,petro.stelmakh3@student.org,1959,7,13,UYY-56,84.59,38(073)60-18-346
Марія,Кравченко,mariya.kravchenko3@student.org,1978,4,25,GSS-31,31.88,38(093)14-49-165
Оксана,Савченко,oksana.savchenko3@student.org,1957,8,14,TTQ-61,90.2,38(096)72-30-619
Ірина,Шевченко,iryna.shevchenko4@student.org,1955,11,22,XDZ-65,56.93,38(095)73-95-405
Юрій,Василенко,yuriy.vasylenko2@student.org,1976,3,11,RJN-57,82.78,38(099)56-29-838
Олена,Марченко,olena.marchenko1@student.org,1993,11,1,LTJ-55,24.24,38(095)55-49-186
Раїса,Кравченко,rayisa.kravchenko3@student.org,1952,12,22,OLU-87,24.74,38(068)82-33-963
Остап,Ткаченко,ostap.tkachenko4@student.org,1965,3,17,RHT-52,1.75,38(073)50-26-930
Роман,Кравченко,roman.kravchenko7@student.org,1992,6,26,DHM-33,49.95,38(095)33-93-353
Ганна,Шаповал,hanna.shapoval1@student.org,2003,11,4,HEM-81,25.92,38(066)73-15-326
Лариса,Романенко,larysa.romanenko4@student.org,1986,12,18,HZW-86,75.8,38(097)78-29-334
Раїса,Демченко,rayisa.demchenko4@student.org,2010,10,3,LXX-97,50.9,38(095)98-70-110
Денис,Василенко,denys.vasylenko2@student.org,2005,3,13,MPT-62,22.88,38(050)10-82-592
Іван,Шевчук,ivan.shevchuk3@student.org,1987,9,18,SRQ-45,64.09,38(095)36-24-767
Інна,Скрипка,inna.skrypka@student.org,1976,5,18,QPD-81,9.11,38(098)18-46-105
Григорій,Іваненко,hryhoriy.ivanenko3@student.org,1968,6,9,RDF-13,87.11,38(050)31-15-401
Марія,Демченко,mariya.demchenko3@student.org,2006,2,16,BOU-17,93.13,38(073)54-45-934
Павло,Гордієнко,pavlo.hordiyenko1@student.org,2008,8,13,JBZ-52,32.12,38(063)44-18-679
Лілія,Лебедь,liliya.lebed5@student.org,1969,11,29,YVC-86,62.26,38(098)45-93-220
Світлана,Омельченко,svitlana.omelchenko2@student.org,1998,8,31,RLZ-14,40.86,38(050)74-69-956
Галина,Костенко,halyna.kostenko4@student.org,1970,1,1,FPM-83,61.15,38(063)56-59-594
Артем,Савченко,artem.savchenko1@student.org,1970,11,16,HIK-62,11.04,38(068)87-33-358
Ірина,Рибак,iryna.rybak4@student.org,1971,5,30,VAO-63,17.83,38(066)93-43-739
Надія,Поліщук,nadiya.polishchuk3@student.org,1951,11,20,AWS-95,0.29,38(068)96-18-760
Ярослав,Мельник,yaroslav.melnyk3@student.org,1959,2,22,SZU-42,14.98,38(068)52-49-122
Остап,Литвин,ostap.lytvyn3@student.org,1954,12,15,ALI-97,69.65,38(095)69-50-614
Роман,Шевчук,roman.shevchuk3@student.org,1973,7,8,NLY-95,56.67,38(093)37-58-402
Григорій,Цимбал,hryhoriy.tsymbal4@student.org,1983,4,14,HZY-67,60.27,38(063)60-19-211
Раїса,Демченко,rayisa.demchenko5@student.org,1990,1,4,MCI-65,33.07,38(095)25-16-171
Катерина,Гордієнко,kateryna.hordiyenko3@student.org,2008,9,27,PTN-58,16.57,38(050)95-18-225
Іван,Поліщук,ivan.polishchuk2@student.org,1988,12,19,KXE-18,63.38,38(098)75-43-751
Вікторія,Скрипка,viktoriya.skrypka3@student.org,1993,10,11,VBF-16,67.05,38(096)87-31-163
Василь,Стельмах,vasyl.stelmakh2@student.org,1964,11,8,PDP-47,14.84,38(063)43-51-790
Інна,Новік,inna.novik1@student.org,1974,6,20,LXX-97,88.74,38(098)20-23-315
Анна,Романенко,anna.romanenko1@student.org,2001,6,12,SYE-54,56.52,38(096)31-81-877
Ірина,Лисенко,iryna.lysenko4@student.org,1995,9,20,PTY-23,64.53,38(068)31-80-991
Олеся,Коваленко,olesya.kovalenko3@student.org,1996,6,8,JNT-77,20.6,38(067)21-98-740
Вікторія,Кузьменко,viktoriya.kuzmenko5@student.org,2001,5,24,LIU-18,23.85,38(098)22-10-257
Олеся,Кравченко,olesya.kravchenko3@student.org,1950,9,26,VOM-38,65.96,38(097)23-61-570
Михайло,Авраменко,mykhaylo.avramenko2@student.org,1995,10,23,TEF-91,51.37,38(098)36-74-342
Віктор,Костенко,viktor.kostenko3@student.org,1970,9,10,GHH-18,39.41,38(097)29-60-624
Михайло,Петренко,mykhaylo.petrenko1@student.org,1977,9,5,KYA-34,18.07,38(099)75-81-166
Артем,Ковальчук,artem.kovalchuk3@student.org,1953,3,20,WCR-17,46.47,38(066)36-58-974
Максим,Бойко,maksym.boyko1@student.org,1988,6,27,RCK-12,45.82,38(068)90-56-289
Станіслав,Руденко,stanislav.rudenko4@student.org,1974,5,7,VUG-62,8.01,38(093)86-41-109
Катерина,Лисенко,kateryna.lysenko6@student.org,2007,6,10,GGT-78,49.84,38(067)56-22-686
Алла,Захарченко,alla.zakharchenko1@student.org,2006,6,10,CKW-18,99.74,38(098)96-38-634
Любов,Авраменко,lyubov.avramenko5@student.org,1956,2,13,FNW-40,78.2,38(050)27-41-736
Роман,Панченко,roman.panchenko5@student.org,1990,2,2,GQT-79,88.57,38(099)41-61-811
Іван,Гриценко,ivan.hrytsenko6@student.org,1997,9,23,SDA-23,31.62,38(097)44-59-525
Ігор,Ткаченко,ihor.tkachenko2@student.org,1959,12,26,JFZ-77,58.9,38(073)16-80-855
Світлана,Панченко,svitlana.panchenko4@student.org,2008,6,29,EFB-22,71.01,38(067)68-15-141
Василь,Савченко,vasyl.savchenko3@student.org,1962,8,15,EGK-32,77.39,38(067)29-43-380
Максим,Никоненко,maksym.nykonenko@student.org,2009,8,17,PDP-47,78.76,38(073)12-80-592
Григорій,Поліщук,hryhoriy.polishchuk4@student.org,1992,6,26,POD-91,36.61,38(099)45-41-203
Анна,Лебедь,anna.lebed4@student.org,1991,11,19,HQY-57,62.66,38(073)56-14-902
Алла,Рибак,alla.rybak3@student.org,1992,2,9,JPR-40,75.36,38(098)90-44-169
Петро,Рибак,petro.rybak1@student.org,1987,6,16,BJA-33,40.64,38(067)52-23-658
Остап,Гордієнко,ostap.hordiyenko3@student.org,1992,11,14,GCP-63,88.5,38(068)62-27-629
Павло,Ковальчук,pavlo.kovalchuk3@student.org,1961,2,23,KGP-68,17.92,38(096)15-51-630
Марія,Никоненко,mariya.nykonenko6@student.org,2006,3,11,LUI-84,80.08,38(067)74-70-987
Сергій,Дорошенко,serhiy.doroshenko3@student.org,1996,4,17,YRC-71,63.46,38(066)93-55-942
Надія,Стельмах,nadiya.stelmakh2@student.org,1977,11,6,QHX-79,33.29,38(050)56-57-607
Алла,Марченко,alla.marchenko3@student.org,1994,2,10,ZNU-98,29.89,38(098)82-86-294
Богдан,Скрипка,bohdan.skrypka2@student.org,1972,10,27,IRD-23,11.46,38(066)57-26-797
Раїса,Шаповал,rayisa.shapoval2@student.org,1993,2,17,RRU-45,47.19,38(098)76-11-305
Оксана,Авраменко,oksana.avramenko8@student.org,1971,4,21,UFI-24,19.58,38(097)66-57-956
Григорій,Мельник,hryhoriy.melnyk3@student.org,1960,7,18,CVB-15,80.33,38(073)38-25-727
Григорій,Поліщук,hryhoriy.polishchuk5@student.org,1991,9,12,EDM-79,2.24,38(096)56-94-389
Євгенія,Поліщук,yevheniya.polishchuk4@student.org,1999,10,14,VGZ-43,71.77,38(096)83-47-822
Віталій,Гончаренко,vitaliy.honcharenko1@student.org,1957,8,22,BOO-93,21.36,38(097)96-64-591
Світлана,Стельмах,svitlana.stelmakh2@student.org,1982,7,25,YIW-82,80.07,38(066)34-98-219
Вера,Руденко,vera.rudenko3@student.org,1971,7,20,KJS-78,38.57,38(073)12-77-802
Алла,Шаповал,alla.shapoval2@student.org,1966,4,16,OGH-36,75.1,38(063)68-55-218
Роман,Михайленко,roman.mykhaylenko6@student.org,1971,7,24,BDU-11,79.31,38(095)96-16-307
Василь,Зайцев,vasyl.zaytsev2@student.org,1960,5,28,PYT-71,74.46,38(096)36-27-683
Юрій,Василенко,yuriy.vasylenko3@student.org,2005,11,21,RMI-93,40.6,38(066)50-66-559
Тетяна,Кузьменко,tetyana.kuzmenko2@student.org,1997,2,6,OGH-36,42.02,38(050)96-46-371
Артем,Бойко,artem.boyko3@student.org,2004,5,20,XFK-12,44.0,38(067)55-95-577
Євгенія,Коваль,yevheniya.koval2@student.org,1998,11,8,RMI-78,87.76,38(095)44-54-710
Костянтин,Шевчук,kostyantyn.shevchuk3@student.org,1990,11,12,CLM-84,90.9,38(096)77-36-563
Лариса,Поліщук,larysa.polishchuk3@student.org,1951,11,23,LTJ-55,48.59,38(068)79-15-767
Алла,Рибак,alla.rybak4@student.org,1971,5,18,TQM-25,14.81,38(097)76-83-806
Віталій,Панченко,vitaliy.panchenko4@student.org,2009,1,5,HOQ-58,67.08,38(096)64-17-272
Іван,Кузьменко,ivan.kuzmenko1@student.org,1953,7,13,UKG-23,22.11,38(063)84-61-812
Максим,Гордієнко,maksym.hordiyenko5@student.org,1966,9,20,FWR-21,9.76,38(095)45-23-898
Вікторія,Скрипка,viktoriya.skrypka4@student.org,1998,11,30,UUJ-94,71.73,38(066)91-31-187
Галина,Козлов,halyna.kozlov3@student.org,1998,3,8,NKJ-58,25.74,38(095)58-74-909
Людмила,Коваль,lyudmyla.koval1@student.org,1995,10,1,VVB-34,15.95,38(067)55-65-181
Олена,Стельмах,olena.stelmakh3@student.org,2009,3,7,PXN-74,75.51,38(095)14-96-742
Ярослав,Павленко,yaroslav.pavlenko3@student.org,1963,1,24,WKR-87,98.31,38(073)12-43-755
Роман,Павленко,roman.pavlenko6@student.org,1996,11,13,IMU-30,81.25,38(093)40-18-634
Максим,Мельник,maksym.melnyk@student.org,1962,9,20,AJS-23,78.11,38(073)19-90-517
Оксана,Авраменко,oksana.avramenko9@student.org,1976,4,7,SKS-36,10.03,38(068)34-50-397
Юлія,Гайдук,yuliya.hayduk3@student.org,1994,5,23,WWG-37,22.49,38(093)61-42-372
Марія,Гайдук,mariya.hayduk3@student.org,2001,12,7,BWR-70,88.28,38(097)61-78-609
Костянтин,Захарченко,kostyantyn.zakharchenko3@student.org,1980,9,18,GZB-10,99.89,38(095)93-64-794
Віталій,Новік,vitaliy.novik2@student.org,1974,8,1,JOY-36,43.3,38(095)67-70-943
Любов,Цимбал,lyubov.tsymbal3@student.org,1973,7,7,XUZ-50,32.91,38(095)27-48-477
Іван,Шевченко,ivan.shevchenko2@student.org,1980,9,14,YRF-84,39.26,38(095)67-27-227
Вера,Шевчук,vera.shevchuk3@student.org,1995,11,30,OJN-28,19.68,38(066)50-27-560
Алла,Демченко,alla.demchenko2@student.org,2006,8,7,ACQ-58,64.98,38(068)84-96-678
Ігор,Рибак,ihor.rybak2@student.org,2010,8,14,KPN-18,19.63,38(099)12-16-590
Лілія,Руденко,liliya.rudenko4@student.org,2007,9,26,DEK-63,79.37,38(096)74-92-471
Роман,Шевчук,roman.shevchuk4@student.org,1977,3,11,IXP-27,33.69,38(099)28-76-890
Петро,Шевченко,petro.shevchenko2@student.org,1999,1,1,YWU-86,72.2,38(067)29-38-885
Олеся,Рибак,olesya.rybak2@student.org,1962,7,22,QDF-53,14.17,38(066)61-72-834
Артем,Литвин,artem.lytvyn1@student.org,1981,5,8,ONP-18,31.72,38(066)84-95-389
Іван,Омельченко,ivan.omelchenko4@student.org,1959,10,27,COZ-70,55.07,38(067)48-30-594
Тарас,Мельник,taras.melnyk2@student.org,1989,7,19,IKU-70,25.74,38(063)45-69-551
Юлія,Лебедь,yuliya.lebed1@student.org,1963,8,6,ONR-44,72.94,38(063)31-84-380
Анна,Панченко,anna.panchenko3@student.org,1952,9,6,IIM-96,8.62,38(096)46-30-652
Інна,Савченко,inna.savchenko4@student.org,2010,3,24,CSG-45,19.93,38(063)48-50-317
Олександр,Гордієнко,oleksandr.hordiyenko9@student.org,1966,7,31,HIT-82,71.81,38(068)51-86-293
Юлія,Рибак,yuliya.rybak4@student.org,2007,2,21,OEL-19,32.62,38(093)19-17-155
Роман,Гончаренко,roman.honcharenko6@student.org,1971,2,20,VSB-27,92.91,38(050)21-45-166
Марія,Бойко,mariya.boyko3@student.org,1966,10,11,ITA-23,87.27,38(095)10-18-263
Ігор,Кузьменко,ihor.kuzmenko4@student.org,1990,4,17,PMN-41,74.48,38(063)46-13-992
Валентина,Новік,valentyna.novik1@student.org,2000,3,16,ZLG-47,26.04,38(067)88-98-792
Тарас,Гордієнко,taras.hordiyenko2@student.org,1971,9,15,PKA-29,45.5,38(050)91-64-222
Богдан,Руденко,bohdan.rudenko2@student.org,1974,10,15,QPL-76,36.31,38(099)38-69-634
Григорій,Костенко,hryhoriy.kostenko3@student.org,1996,4,2,DCH-51,47.73,38(097)21-38-546
Лариса,Костенко,larysa.kostenko2@student.org,1959,6,25,OOD-24,90.41,38(067)93-33-716
Олександр,Павленко,oleksandr.pavlenko3@student.org,1971,7,19,TSG-56,83.27,38(096)74-37-730
Катерина,Романенко,kateryna.romanenko2@student.org,1964,7,3,JEO-89,53.85,38(063)82-78-137
Катерина,Гладко,kateryna.hladko5@student.org,1956,4,29,HWA-38,30.79,38(068)24-70-501
Ярослав,Новік,yaroslav.novik2@student.org,1951,1,3,KNI-55,81.39,38(099)96-15-762
Роман,Омельченко,roman.omelchenko7@student.org,1990,8,12,IRJ-91,90.78,38(096)40-66-943
Олександр,Литвин,oleksandr.lytvyn3@student.org,1971,11,5,JHX-69,25.42,38(066)99-31-107
Андрій,Петренко,andriy.petrenko2@student.org,1979,7,20,RTY-32,87.69,38(098)54-79-103
Тарас,Король,taras.korol3@student.org,2010,10,10,CLA-41,97.02,38(050)17-58-815
Олександр,Король,oleksandr.korol2@student.org,2009,11,13,GOH-65,71.03,38(099)42-53-432
Інна,Панченко,inna.panchenko5@student.org,1985,9,19,DYT-69,9.95,38(095)76-11-638
Вікторія,Цимбал,viktoriya.tsymbal5@student.org,2009,8,6,JZG-42,84.31,38(066)93-42-295
Федір,Іваненко,fedir.ivanenko2@student.org,2006,6,28,DUY-12,81.18,38(063)17-44-109
Олеся,Гордієнко,olesya.hordiyenko5@student.org,1972,11,3,GWY-95,36.3,38(066)90-28-626
Ганна,Козлов,hanna.kozlov3@student.org,1952,11,26,FYY-69,11.91,38(098)76-26-608
Олена,Панченко,olena.panchenko3@student.org,1980,9,3,ERU-29,33.21,38(068)33-42-787
Лариса,Зайцев,larysa.zaytsev4@student.org,1976,3,14,QMK-41,42.64,38(095)12-37-650
Євгенія,Михайленко,yevheniya.mykhaylenko5@student.org,1986,5,11,GWY-95,26.81,38(066)68-55-506
Любов,Авраменко,lyubov.avramenko6@student.org,1981,8,7,QYH-96,14.48,38(066)22-62-374
Роман,Ткаченко,roman.tkachenko8@student.org,1990,3,24,IYZ-31,26.19,38(050)81-31-690
Петро,Шевчук,petro.shevchuk1@student.org,1977,8,13,GYF-14,10.81,38(093)29-84-798
Анна,Захарченко,anna.zakharchenko5@student.org,1987,3,5,TBR-14,35.42,38(095)14-62-782
Віталій,Левченко,vitaliy.levchenko1@student.org,1989,2,28,HTX-45,66.81,38(073)65-52-429
Юлія,Ткаченко,yuliya.tkachenko3@student.org,1997,12,27,UAU-47,76.29,38(063)71-40-636
Галина,Новік,halyna.novik4@student.org,1976,4,7,GDE-26,65.37,38(073)41-93-725
Олена,Ткаченко,olena.tkachenko4@student.org,1980,11,9,ONG-95,19.72,38(099)52-67-177
Тарас,Никоненко,taras.nykonenko3@student.org,1966,12,29,WSR-96,96.31,38(097)62-62-236
Артем,Омельченко,artem.omelchenko3@student.org,1976,11,5,JTA-69,86.9,38(063)76-92-939
Юрій,Павленко,yuriy.pavlenko2@student.org,1992,4,18,TOB-91,4.21,38(095)66-44-448
Олександр,Петренко,oleksandr.petrenko2@student.org,1962,11,17,UOD-75,92.66,38(063)52-85-394
Валентина,Поліщук,valentyna.polishchuk3@student.org,1953,2,19,BGB-34,42.96,38(068)64-94-458
Людмила,Іваненко,lyudmyla.ivanenko4@student.org,1976,4,11,KRI-27,84.82,38(096)33-81-154
Віктор,Гладко,viktor.hladko5@student.org,1999,12,4,GFE-15,55.98,38(095)28-74-170
Олеся,Макаренко,olesya.makarenko8@student.org,1956,1,6,ROQ-49,91.34,38(097)23-59-880
Богдан,Лебедь,bohdan.lebed1@student.org,1957,12,12,GGP-43,78.24,38(096)71-11-659
Костянтин,Авраменко,kostyantyn.avramenko2@student.org,1974,3,25,TGP-15,8.92,38(097)14-84-117
Марія,Романенко,mariya.romanenko3@student.org,1967,1,6,IHX-56,52.2,38(067)30-62-791
Олена,Стельмах,olena.stelmakh4@student.org,1980,2,11,NOP-58,8.77,38(050)27-12-999
Оксана,Савченко,oksana.savchenko4@student.org,1964,7,21,FTJ-18,11.67,38(066)91-93-775
Ярослав,Панченко,yaroslav.panchenko4@student.org,1966,3,11,UGJ-29,94.14,38(067)37-49-682
Павло,Ковальчук,pavlo.kovalchuk4@student.org,2005,7,7,GIZ-94,11.64,38(068)31-43-730
Вікторія,Панченко,viktoriya.panchenko3@student.org,2010,11,10,PQC-85,4.17,38(067)95-60-809
Вікторія,Омельченко,viktoriya.omelchenko3@student.org,1980,5,24,HKN-68,16.13,38(050)63-64-637
Вікторія,Василенко,viktoriya.vasylenko2@student.org,1953,2,26,UUC-45,82.15,38(097)77-92-147
Ірина,Левченко,iryna.levchenko@student.org,1969,10,20,WSY-69,56.79,38(093)43-52-541
Тетяна,Гладко,tetyana.hladko2@student.org,1977,11,15,DEZ-88,67.16,38(095)47-35-883
Людмила,Гордієнко,lyudmyla.hordiyenko3@student.org,1986,9,14,OAP-61,6.4,38(067)96-51-477
Володимир,Литвин,volodymyr.lytvyn3@student.org,1964,2,27,CAK-74,90.24,38(097)21-85-762
Вікторія,Никоненко,viktoriya.nykonenko3@student.org,1998,9,16,JWS-45,34.09,38(096)19-95-763
Віктор,Ткаченко,viktor.tkachenko3@student.org,2000,12,10,WXX-91,45.59,38(097)38-93-917
Юлія,Макаренко,yuliya.makarenko4@student.org,1955,7,21,NQC-66,1.07,38(067)26-61-355
Олександр,Панченко,oleksandr.panchenko4@student.org,1978,11,5,QWN-83,11.32,38(066)85-21-492
Павло,Кравченко,pavlo.kravchenko3@student.org,2000,12,25,VOX-27,21.27,38(066)28-95-702
Петро,Левченко,petro.levchenko2@student.org,1975,11,5,OLU-72,40.63,38(066)86-51-481
Андрій,Мельник,andriy.melnyk1@student.org,1974,10,4,DGG-72,88.68,38(063)23-21-691
Валентина,Петренко,valentyna.petrenko4@student.org,1991,1,25,LXL-98,54.9,38(068)45-23-327
Костянтин,Стельмах,kostyantyn.stelmakh2@student.org,1991,10,24,OZW-83,65.26,38(096)90-22-870
Світлана,Король,svitlana.korol2@student.org,2001,11,8,PFT-87,43.06,38(099)99-54-821
Лілія,Лебедь,liliya.lebed6@student.org,1968,6,5,YAB-88,74.22,38(099)37-81-192
Юрій,Зайцев,yuriy.zaytsev@student.org,1985,5,26,AFT-23,73.57,38(066)25-72-697
Інна,Дорошенко,inna.doroshenko3@student.org,1955,6,13,JNP-71,5.68,38(097)14-41-181
Алла,Авраменко,alla.avramenko5@student.org,1963,1,30,UUJ-94,54.14,38(050)67-90-169
Лариса,Павленко,larysa.pavlenko1@student.org,1988,10,17,JKK-91,24.6,38(050)78-11-946
Раїса,Савченко,rayisa.savchenko5@student.org,2001,4,30,VIE-66,92.08,38(097)78-92-623
Роман,Демченко,roman.demchenko7@student.org,1985,4,18,VGD-51,71.41,38(067)39-49-287
Павло,Костенко,pavlo.kostenko4@student.org,1999,11,29,AUV-23,93.59,38(050)60-19-224
Тетяна,Василенко,tetyana.vasylenko5@student.org,2010,4,18,TKZ-43,72.75,38(067)71-34-738
Остап,Левченко,ostap.levchenko1@student.org,1998,8,29,BHH-22,48.31,38(066)96-97-598
Максим,Ткаченко,maksym.tkachenko4@student.org,1968,9,28,OBB-69,44.52,38(067)59-47-554
Григорій,Ковальчук,hryhoriy.kovalchuk4@student.org,1992,10,13,ITJ-98,65.73,38(099)40-66-361
Раїса,Цимбал,rayisa.tsymbal3@student.org,1982,5,10,GRY-60,21.26,38(073)44-72-461
Віктор,Никоненко,viktor.nykonenko@student.org,1979,10,8,SKS-73,27.26,38(068)63-56-859
Роман,Литвин,roman.lytvyn5@student.org,1982,2,3,MJW-29,83.63,38(096)85-65-310
Іван,Новік,ivan.novik2@student.org,1960,7,14,AQK-33,13.73,38(066)60-22-603
Галина,Василенко,halyna.vasylenko3@student.org,1964,2,26,YLD-54,0.74,38(095)95-65-485
Олеся,Марченко,olesya.marchenko2@student.org,1950,2,19,LEV-52,47.41,38(050)20-93-555
Михайло,Лебедь,mykhaylo.lebed4@student.org,2006,7,16,FGC-14,10.81,38(096)42-19-160
Людмила,Демченко,lyudmyla.demchenko1@student.org,1966,4,10,IIJ-75,80.44,38(068)88-64-158
Богдан,Никоненко,bohdan.nykonenko6@student.org,1986,9,1,XAU-61,99.54,38(096)47-47-447
Валентина,Руденко,valentyna.rudenko3@student.org,1987,7,24,HPR-38,31.18,38(050)88-85-965
Марія,Макаренко,mariya.makarenko@student.org,1952,9,30,KWG-25,96.75,38(066)44-77-357
Катерина,Ткаченко,kateryna.tkachenko2@student.org,1976,7,4,WRR-34,37.05,38(097)63-95-570
Петро,Марченко,petro.marchenko2@student.org,1973,3,30,JUR-49,9.81,38(093)15-46-355
Петро,Коваль,petro.koval4@student.org,1956,8,28,ZQM-99,22.36,38(066)12-38-550
Оксана,Кравченко,oksana.kravchenko2@student.org,2001,3,7,ZKX-53,53.05,38(067)73-10-421
Федір,Ковальчук,fedir.kovalchuk1@student.org,1992,6,7,BHE-94,84.79,38(098)27-39-105
Богдан,Коваленко,bohdan.kovalenko1@student.org,1985,7,12,UXC-13,7.39,38(093)11-75-977
Тарас,Зайцев,taras.zaytsev2@student.org,1980,10,14,VOU-96,95.63,38(068)91-75-577
Віталій,Марченко,vitaliy.marchenko5@student.org,1976,2,24,DBF-72,37.03,38(097)74-87-727
Наталія,Поліщук,nataliya.polishchuk1@student.org,1984,8,24,AHH-49,15.5,38(066)59-87-730
Тетяна,Литвин,tetyana.lytvyn1@student.org,2006,3,26,EDF-72,22.8,38(050)70-41-305
Павло,Скрипка,pavlo.skrypka2@student.org,1996,3,19,WZP-70,48.14,38(093)99-88-922
Василь,Новік,vasyl.novik3@student.org,1992,6,5,FWA-78,76.39,38(099)82-69-389
Юрій,Іваненко,yuriy.ivanenko3@student.org,2010,9,11,OAV-20,92.21,38(098)47-25-917
Вікторія,Лисенко,viktoriya.lysenko2@student.org,1976,7,17,JBI-43,17.98,38(093)41-74-515
Григорій,Гладко,hryhoriy.hladko5@student.org,1956,10,31,RHJ-36,98.05,38(063)59-35-212
Віктор,Лебедь,viktor.lebed3@student.org,1981,8,15,NTN-17,76.65,38(050)21-91-650
Павло,Коваль,pavlo.koval1@student.org,1975,7,6,PEW-50,65.37,38(063)64-70-646
Юрій,Цимбал,yuriy.tsymbal2@student.org,1992,4,15,NIN-32,58.57,38(073)89-27-720
Олена,Литвин,olena.lytvyn3@student.org,1971,6,2,FHR-78,61.35,38(050)62-39-859
Роман,Гончаренко,roman.honcharenko7@student.org,1986,9,15,HJF-19,55.65,38(097)28-38-468
Світлана,Рибак,svitlana.rybak2@student.org,1997,7,19,DYW-54,1.07,38(096)38-58-964
Юрій,Козлов,yuriy.kozlov2@student.org,2000,8,6,DYS-79,85.83,38(098)42-46-114
Костянтин,Гончаренко,kostyantyn.honcharenko3@student.org,1973,5,8,OQI-72,10.02,38(093)34-37-873
Світлана,Ткаченко,svitlana.tkachenko@student.org,1971,3,25,OUW-61,95.8,38(063)55-89-106
Іван,Шаповал,ivan.shapoval8@student.org,1989,1,19,XFK-12,64.12,38(096)90-80-495
Євгенія,Костенко,yevheniya.kostenko2@student.org,1977,12,20,ZMO-12,12.3,38(099)79-73-350
Артем,Іваненко,artem.ivanenko3@student.org,1997,3,27,GOP-23,23.34,38(063)87-17-150
Іван,Скрипка,ivan.skrypka2@student.org,2005,6,7,IQX-90,69.06,38(093)87-39-800
Світлана,Коваленко,svitlana.kovalenko3@student.org,1992,12,21,NGT-24,27.15,38(050)18-34-119
Тетяна,Литвин,tetyana.lytvyn2@student.org,1973,8,16,EDO-48,75.88,38(063)85-69-830
Раїса,Гриценко,rayisa.hrytsenko1@student.org,2001,5,13,KMM-18,49.3,38(098)73-28-230
Роман,Іваненко,roman.ivanenko5@student.org,1989,5,28,XZI-89,15.03,38(073)17-49-335
Світлана,Омельченко,svitlana.omelchenko3@student.org,1991,11,9,OMQ-10,78.65,38(068)78-95-781
Роман,Шевчук,roman.shevchuk5@student.org,1986,9,5,CUD-33,55.24,38(068)31-81-580
Лілія,Мельник,liliya.melnyk3@student.org,1962,4,11,LMU-13,1.87,38(073)68-29-671
Володимир,Демченко,volodymyr.demchenko4@student.org,1990,7,26,DBN-53,81.26,38(097)93-65-449
Ярослав,Лисенко,yaroslav.lysenko2@student.org,1984,2,8,FXO-87,86.17,38(073)51-50-371
Вера,Білоус,vera.bilous3@student.org,1950,9,5,LYL-61,54.07,38(095)25-10-922
Ярослав,Шевченко,yaroslav.shevchenko4@student.org,1991,5,29,SRN-23,54.3,38(066)23-20-916
Станіслав,Бойко,stanislav.boyko2@student.org,1979,9,11,VHH-51,3.82,38(067)85-23-831
Галина,Іваненко,halyna.ivanenko5@student.org,1969,4,21,OXP-50,81.52,38(068)90-25-607
Ганна,Лисенко,hanna.lysenko3@student.org,1951,4,3,VZB-82,48.65,38(063)11-26-953
Вікторія,Демченко,viktoriya.demchenko4@student.org,1992,6,14,YPM-16,58.42,38(098)82-68-926
Катерина,Марченко,kateryna.marchenko4@student.org,2007,2,5,YBG-25,67.92,38(068)66-74-440
Василь,Коваль,vasyl.koval6@student.org,1955,11,25,FDC-29,18.43,38(063)14-27-772
Павло,Шевченко,pavlo.shevchenko4@student.org,1979,7,4,UHD-89,39.91,38(096)37-80-693
Денис,Михайленко,denys.mykhaylenko2@student.org,1991,6,12,XQP-66,28.81,38(097)50-41-504
Дмитро,Кравченко,dmytro.kravchenko3@student.org,1987,12,14,TTZ-95,9.15,38(093)12-56-164
Катерина,Дорошенко,kateryna.doroshenko3@student.org,2008,3,5,LEY-28,90.87,38(068)86-27-816
Григорій,Кравченко,hryhoriy.kravchenko3@student.org,2003,12,9,MWE-50,68.67,38(050)25-41-418
Олена,Рибак,olena.rybak2@student.org,1970,6,3,LED-33,83.82,38(067)92-73-409
Олена,Демченко,olena.demchenko4@student.org,2006,8,21,HNW-85,48.9,38(095)67-18-982
Ірина,Зайцев,iryna.zaytsev3@student.org,1975,2,4,PCB-63,93.56,38(096)14-39-445
Михайло,Стельмах,mykhaylo.stelmakh2@student.org,1985,11,20,XYT-71,74.57,38(073)40-79-123
Людмила,Макаренко,lyudmyla.makarenko4@student.org,2009,11,23,IVI-74,67.49,38(095)24-23-459
Любов,Левченко,lyubov.levchenko1@student.org,1981,4,16,UUV-28,47.06,38(096)91-65-556
Любов,Павленко,lyubov.pavlenko1@student.org,1951,5,13,ODW-23,83.16,38(063)29-82-290
Григорій,Авраменко,hryhoriy.avramenko3@student.org,2002,3,7,QYQ-76,21.95,38(098)87-82-632
Остап,Гайдук,ostap.hayduk4@student.org,1963,4,30,RQG-36,6.72,38(073)37-77-321
Денис,Король,denys.korol4@student.org,2010,6,8,QKW-25,2.34,38(095)15-44-682
Вера,Ковальчук,vera.kovalchuk2@student.org,2006,6,9,CXV-73,23.6,38(068)27-45-958
Роман,Романенко,roman.romanenko5@student.org,1967,9,4,MWN-70,82.16,38(093)30-63-669
Олександр,Гордієнко,oleksandr.hordiyenko10@student.org,1950,4,1,BSQ-40,44.3,38(099)96-78-840
Ганна,Макаренко,hanna.makarenko4@student.org,1964,6,18,TLC-92,58.1,38(098)80-21-129
Олександр,Руденко,oleksandr.rudenko2@student.org,2006,5,13,TPY-18,86.79,38(097)31-16-197
Остап,Лисенко,ostap.lysenko3@student.org,1967,1,2,MSB-58,23.62,38(093)90-35-293
Григорій,Новік,hryhoriy.novik1@student.org,1977,4,2,QQX-87,30.74,38(095)97-17-137
Лариса,Ковальчук,larysa.kovalchuk2@student.org,1996,7,7,FHA-37,50.65,38(073)61-72-103
Анна,Іваненко,anna.ivanenko2@student.org,1975,8,30,GQB-11,16.54,38(093)24-54-208
Надія,Романенко,nadiya.romanenko3@student.org,1995,6,12,GGP-43,43.83,38(073)19-47-334
Федір,Дорошенко,fedir.doroshenko1@student.org,1964,5,18,OVE-81,53.83,38(066)58-37-416
Роман,Скрипка,roman.skrypka3@student.org,1960,3,8,MUO-49,34.03,38(095)20-30-600
Володимир,Зайцев,volodymyr.zaytsev2@student.org,1965,11,25,ILA-65,3.21,38(097)20-92-827
Ярослав,Скрипка,yaroslav.skrypka6@student.org,1991,5,5,XFK-12,92.11,38(067)52-12-558
Оксана,Цимбал,oksana.tsymbal3@student.org,1995,11,21,DNB-46,59.06,38(093)58-12-243
Анна,Ткаченко,anna.tkachenko1@student.org,1989,1,6,CBK-98,67.67,38(067)79-17-137
Оксана,Білоус,oksana.bilous4@student.org,1961,7,26,JCM-58,3.92,38(093)80-95-953
Вікторія,Авраменко,viktoriya.avramenko3@student.org,1950,7,21,CSV-42,72.16,38(093)61-59-976
Людмила,Кравченко,lyudmyla.kravchenko4@student.org,1988,8,9,NDH-84,60.1,38(066)16-38-451
Вера,Стельмах,vera.stelmakh2@student.org,1957,2,19,NRN-31,50.51,38(067)49-24-562
Михайло,Лисенко,mykhaylo.lysenko5@student.org,1982,5,1,QGS-78,75.47,38(096)68-11-522
Алла,Руденко,alla.rudenko4@student.org,1973,3,25,YRX-72,90.23,38(067)23-18-491
Оксана,Гончаренко,oksana.honcharenko7@student.org,2000,4,10,IAK-13,15.93,38(095)60-85-436
Вікторія,Рибак,viktoriya.rybak3@student.org,1960,3,13,UML-89,66.65,38(099)59-83-749
Володимир,Козлов,volodymyr.kozlov1@student.org,1981,8,3,ONP-18,41.08,38(068)31-13-193
Віктор,Іваненко,viktor.ivanenko2@student.org,2003,2,12,VXY-31,5.56,38(097)25-20-655
Остап,Дорошенко,ostap.doroshenko2@student.org,1978,6,18,BOU-17,2.97,38(050)81-32-317
Лілія,Захарченко,liliya.zakharchenko2@student.org,1978,12,24,JDY-13,55.92,38(063)47-70-123
Світлана,Ковальчук,svitlana.kovalchuk2@student.org,1951,8,28,FNY-72,45.62,38(095)92-84-246
Станіслав,Панченко,stanislav.panchenko2@student.org,1972,9,19,IDO-30,96.47,38(068)31-78-681
Ганна,Марченко,hanna.marchenko1@student.org,1955,2,3,PDR-93,86.71,38(066)98-91-743
Валентина,Цимбал,valentyna.tsymbal4@student.org,1960,1,11,KIR-57,72.39,38(063)64-89-131
Вера,Лисенко,vera.lysenko1@student.org,1997,6,6,LQX-21,14.03,38(050)97-47-142
Тарас,Макаренко,taras.makarenko3@student.org,1997,6,7,BAO-19,83.55,38(073)88-47-473
Тарас,Гордієнко,taras.hordiyenko3@student.org,1972,12,7,PDK-73,70.7,38(099)20-13-888
Григорій,Михайленко,hryhoriy.mykhaylenko3@student.org,1972,11,29,FHH-99,23.78,38(073)21-13-524
Євгенія,Цимбал,yevheniya.tsymbal5@student.org,1965,6,15,SWR-68,15.39,38(096)13-68-925
Остап,Павленко,ostap.pavlenko1@student.org,2010,8,2,GYX-84,2.0,38(073)38-16-221
Юрій,Новік,yuriy.novik3@student.org,1981,11,22,JVD-39,4.1,38(099)66-66-917
Оксана,Марченко,oksana.marchenko2@student.org,1999,12,15,IHA-49,85.63,38(096)79-47-797
Ірина,Стельмах,iryna.stelmakh5@student.org,1993,2,1,UIG-94,51.07,38(099)60-53-504
Катерина,Новік,kateryna.novik4@student.org,1966,7,3,LYX-17,82.51,38(095)32-26-212
Іван,Омельченко,ivan.omelchenko5@student.org,1971,12,10,LAM-32,51.96,38(098)89-11-130
Остап,Лисенко,ostap.lysenko4@student.org,1952,12,3,GSS-31,35.54,38(067)35-14-685
Михайло,Левченко,mykhaylo.levchenko4@student.org,1964,6,24,KDH-53,23.85,38(098)42-32-924
Вікторія,Кравченко,viktoriya.kravchenko5@student.org,1950,4,27,WOA-90,48.2,38(067)48-85-181
Василь,Дорошенко,vasyl.doroshenko5@student.org,1991,5,1,RQY-88,45.07,38(095)10-23-164
Вікторія,Захарченко,viktoriya.zakharchenko3@student.org,1998,10,26,BBN-77,49.42,38(073)61-54-165
Роман,Коваль,roman.koval13@student.org,1977,6,2,LAK-41,63.39,38(050)23-55-258
Анна,Ковальчук,anna.kovalchuk4@student.org,1986,11,21,UXJ-81,30.93,38(096)26-56-962
Тетяна,Панченко,tetyana.panchenko3@student.org,1986,8,21,NNG-38,96.15,38(093)13-60-401
Вера,Шаповал,vera.shapoval8@student.org,1996,9,14,WFH-68,66.64,38(098)61-34-452
Артем,Руденко,artem.rudenko4@student.org,1973,4,15,MQR-17,96.31,38(098)40-77-921
Артем,Іваненко,artem.ivanenko4@student.org,2004,9,16,QWU-10,65.48,38(093)35-93-566
Віктор,Павленко,viktor.pavlenko3@student.org,1996,7,31,GZM-18,25.18,38(099)55-53-904
Лариса,Гриценко,larysa.hrytsenko4@student.org,1952,12,4,CBQ-48,12.12,38(097)86-75-614
Надія,Лисенко,nadiya.lysenko@student.org,1970,6,7,SDV-49,95.17,38(098)10-76-243
Олеся,Бойко,olesya.boyko5@student.org,2002,10,3,LOQ-90,49.78,38(099)41-84-231
Віктор,Михайленко,viktor.mykhaylenko4@student.org,1959,10,12,RGG-24,17.13,38(099)64-82-130
Ярослав,Новік,yaroslav.novik3@student.org,2004,11,12,XDG-74,62.58,38(099)36-12-500
Алла,Коваленко,alla.kovalenko3@student.org,1995,3,14,RAG-66,5.25,38(063)69-76-196
Ігор,Король,ihor.korol3@student.org,2009,7,6,XLU-63,38.86,38(066)30-13-744
Богдан,Стельмах,bohdan.stelmakh2@student.org,1982,11,28,MVJ-24,20.29,38(068)47-99-603
Віктор,Король,viktor.korol3@student.org,1971,9,29,UPJ-49,67.73,38(095)66-61-134
Павло,Гриценко,pavlo.hrytsenko1@student.org,1977,6,30,SJP-83,61.54,38(067)25-20-659
Ігор,Лисенко,ihor.lysenko7@student.org,1967,12,24,LXD-42,45.69,38(068)84-91-628
Василь,Ковальчук,vasyl.kovalchuk3@student.org,2002,9,13,AIE-17,60.88,38(098)67-70-671
Галина,Михайленко,halyna.mykhaylenko4@student.org,2006,7,10,BMX-26,83.77,38(050)96-71-810
Олександр,Захарченко,oleksandr.zakharchenko4@student.org,1973,3,27,AWY-22,56.85,38(095)66-51-311
Андрій,Коваленко,andriy.kovalenko9@student.org,1957,1,15,ISM-22,6.25,38(096)27-81-210
Катерина,Никоненко,kateryna.nykonenko2@student.org,1962,12,6,ABE-84,35.48,38(068)57-91-293
Вікторія,Рибак,viktoriya.rybak4@student.org,1977,11,21,TBS-62,96.53,38(097)40-99-413
Федір,Гайдук,fedir.hayduk2@student.org,2007,8,24,ZIL-83,13.32,38(066)75-87-787
Роман,Лебедь,roman.lebed5@student.org,1991,9,24,CKP-47,90.58,38(099)50-51-269
Ярослав,Коваленко,yaroslav.kovalenko5@student.org,1984,12,12,LVU-20,68.51,38(067)79-20-735
Денис,Гладко,denys.hladko1@student.org,1969,7,9,HLR-46,61.84,38(067)79-66-840
Василь,Король,vasyl.korol2@student.org,1971,1,4,XWJ-48,69.6,38(063)98-95-528
Богдан,Литвин,bohdan.lytvyn2@student.org,1977,1,25,OZW-83,31.07,38(067)20-32-602
Денис,Авраменко,denys.avramenko2@student.org,1951,7,6,EKH-95,54.05,38(099)51-60-297
Роман,Коваленко,roman.kovalenko5@student.org,1984,7,4,XUT-37,58.68,38(096)44-77-522
Олександр,Петренко,oleksandr.petrenko3@student.org,1970,1,16,ERS-76,31.63,38(093)54-57-357
Дмитро,Дорошенко,dmytro.doroshenko2@student.org,1975,6,30,NGA-94,27.35,38(099)98-59-495
Любов,Никоненко,lyubov.nykonenko3@student.org,1995,11,20,ADQ-50,69.65,38(063)40-74-422
Григорій,Мельник,hryhoriy.melnyk4@student.org,1984,4,12,UHJ-67,70.93,38(099)84-84-933
Денис,Іваненко,denys.ivanenko5@student.org,1953,7,20,JYV-76,20.94,38(093)76-89-886
Роман,Василенко,roman.vasylenko6@student.org,1995,5,30,CAA-51,5.44,38(068)74-94-356
Дмитро,Стельмах,dmytro.stelmakh7@student.org,1979,6,8,RCI-94,78.82,38(063)26-62-497
Юрій,Гриценко,yuriy.hrytsenko1@student.org,2004,7,4,GKJ-13,98.16,38(073)56-87-838
Федір,Демченко,fedir.demchenko4@student.org,1989,9,18,QTX-24,89.67,38(093)57-77-253
Іван,Рибак,ivan.rybak3@student.org,1972,11,30,XIS-37,31.31,38(097)97-85-768
Надія,Павленко,nadiya.pavlenko2@student.org,2009,7,8,GQT-79,87.42,38(098)90-27-339
Любов,Лисенко,lyubov.lysenko2@student.org,1968,1,24,LLW-80,98.92,38(073)79-30-369
Валентина,Коваленко,valentyna.kovalenko5@student.org,2000,7,2,JUZ-61,46.57,38(050)79-34-502
Лілія,Білоус,liliya.bilous4@student.org,1990,11,2,VHQ-92,5.95,38(068)37-80-483
Валентина,Рибак,valentyna.rybak5@student.org,2002,8,27,VAP-36,1.03,38(073)95-58-320
Артем,Ковальчук,artem.kovalchuk4@student.org,1984,2,16,ZUU-81,70.39,38(073)69-63-791
Андрій,Коваленко,andriy.kovalenko10@student.org,1950,5,27,PAJ-46,60.27,38(063)63-82-824
Ігор,Гриценко,ihor.hrytsenko@student.org,1965,7,7,XZP-96,48.78,38(098)77-58-797
Андрій,Гладко,andriy.hladko2@student.org,1958,8,14,OGW-26,58.98,38(073)35-73-109
Олеся,Білоус,olesya.bilous3@student.org,2000,9,26,KGY-95,94.56,38(068)74-66-108
Лілія,Гладко,liliya.hladko1@student.org,1997,9,6,CAV-29,12.37,38(096)79-77-288
Олеся,Ковальчук,olesya.kovalchuk6@student.org,1993,2,7,ZKH-86,25.03,38(093)43-34-621
Галина,Коваль,halyna.koval1@student.org,1968,6,30,BTW-65,74.22,38(073)55-55-313
Олеся,Руденко,olesya.rudenko@student.org,1960,1,26,SYH-35,40.65,38(099)21-49-843
Вікторія,Костенко,viktoriya.kostenko2@student.org,1998,7,27,TQF-53,98.79,38(096)42-54-443
Ярослав,Гайдук,yaroslav.hayduk2@student.org,1999,2,10,WLO-28,35.57,38(063)63-46-887
Тетяна,Гриценко,tetyana.hrytsenko1@student.org,1968,4,26,QSB-61,53.23,38(098)96-45-392
Вікторія,Король,viktoriya.korol4@student.org,1968,12,24,EMN-14,1.9,38(067)82-67-997
Федір,Шевчук,fedir.shevchuk2@student.org,2000,10,25,KZR-75,18.17,38(097)90-20-928
Павло,Шевченко,pavlo.shevchenko5@student.org,2006,9,23,VQS-43,35.2,38(098)83-38-589
Ірина,Ковальчук,iryna.kovalchuk4@student.org,1988,7,25,NBG-43,23.57,38(096)39-81-806
Віктор,Захарченко,viktor.zakharchenko@student.org,2005,10,3,RBT-10,16.73,38(066)91-74-196
Галина,Гладко,halyna.hladko4@student.org,2000,11,19,TLL-38,87.78,38(067)61-65-894
Григорій,Савченко,hryhoriy.savchenko2@student.org,1981,3,4,SPP-65,76.37,38(096)70-71-136
Євгенія,Лисенко,yevheniya.lysenko4@student.org,1988,1,31,ZGH-40,16.16,38(063)18-38-611
Дмитро,Гордієнко,dmytro.hordiyenko3@student.org,2002,5,2,AAO-20,11.99,38(095)32-39-963
Роман,Омельченко,roman.omelchenko8@student.org,1976,12,2,SAY-79,77.71,38(096)85-78-350
Катерина,Гончаренко,kateryna.honcharenko3@student.org,1996,7,2,CBB-37,99.02,38(068)38-98-892
Юлія,Романенко,yuliya.romanenko5@student.org,2007,1,21,BKY-24,23.27,38(096)41-99-883
Галина,Кравченко,halyna.kravchenko2@student.org,2006,10,22,VDM-83,86.07,38(096)38-21-422
Володимир,Никоненко,volodymyr.nykonenko2@student.org,1991,10,16,GNX-97,34.82,38(066)36-43-964
Людмила,Гордієнко,lyudmyla.hordiyenko4@student.org,1983,1,23,ADF-88,50.0,38(095)63-10-187
Роман,Ткаченко,roman.tkachenko9@student.org,1990,9,9,MSB-58,61.93,38(067)22-33-182
Валентина,Гриценко,valentyna.hrytsenko3@student.org,1951,9,1,PWJ-53,34.17,38(099)73-42-493
Ярослав,Панченко,yaroslav.panchenko5@student.org,1962,7,29,JVU-37,73.3,38(093)72-15-737
Тетяна,Мельник,tetyana.melnyk4@student.org,1974,1,8,KQQ-43,5.52,38(099)99-66-887
Дмитро,Кравченко,dmytro.kravchenko4@student.org,1962,8,13,OMP-76,38.01,38(098)68-42-766
Марія,Демченко,mariya.demchenko4@student.org,1960,3,11,QHY-18,2.38,38(096)26-82-325
Юрій,Шаповал,yuriy.shapoval1@student.org,1977,1,25,DHC-48,43.52,38(097)67-45-328
Володимир,Козлов,volodymyr.kozlov2@student.org,1969,4,7,MZG-58,5.15,38(093)78-27-524
Олександр,Шевчук,oleksandr.shevchuk2@student.org,2004,6,10,KIW-53,70.76,38(050)98-76-605
Костянтин,Гайдук,kostyantyn.hayduk1@student.org,1992,8,16,KVB-61,91.52,38(098)49-55-167
Андрій,Кравченко,andriy.kravchenko1@student.org,2007,9,21,PKN-24,64.18,38(063)83-39-719
Людмила,Шевчук,lyudmyla.shevchuk2@student.org,1961,6,29,NWJ-27,45.97,38(096)79-58-817
Ярослав,Руденко,yaroslav.rudenko2@student.org,2000,1,10,GKH-47,28.74,38(096)18-43-597
Катерина,Цимбал,kateryna.tsymbal3@student.org,1961,5,14,DZM-24,39.47,38(073)15-68-484
Дмитро,Гладко,dmytro.hladko5@student.org,1968,4,20,BGI-16,31.05,38(097)74-87-954
Алла,Омельченко,alla.omelchenko5@student.org,1988,8,20,QXU-83,85.13,38(067)60-92-553
Людмила,Дорошенко,lyudmyla.doroshenko4@student.org,1999,5,28,ZSR-39,51.23,38(096)82-46-326
Ганна,Поліщук,hanna.polishchuk2@student.org,1977,8,27,REC-53,86.49,38(073)48-22-823
Роман,Василенко,roman.vasylenko7@student.org,1979,6,4,OSV-93,77.23,38(068)33-66-146
Іван,Кравченко,ivan.kravchenko5@student.org,1990,7,5,GYV-19,23.25,38(066)78-73-628
Олександр,Гончаренко,oleksandr.honcharenko3@student.org,1981,2,16,TMT-75,83.42,38(095)34-48-549
Павло,Ткаченко,pavlo.tkachenko8@student.org,1966,2,15,IEO-95,45.23,38(099)71-16-538
Григорій,Литвин,hryhoriy.lytvyn3@student.org,1993,11,6,EZN-62,96.23,38(096)93-78-374
Олександр,Шевчук,oleksandr.shevchuk3@student.org,1953,6,13,RQI-66,8.54,38(099)93-64-842
Ярослав,Романенко,yaroslav.romanenko1@student.org,1955,10,4,TCQ-17,31.92,38(067)34-72-921
Денис,Романенко,denys.romanenko6@student.org,1979,11,28,RHB-17,97.79,38(093)86-33-201
Роман,Стельмах,roman.stelmakh6@student.org,1995,3,15,HUD-69,86.05,38(066)13-43-862
Роман,Шаповал,roman.shapoval7@student.org,1955,10,24,YEV-40,90.71,38(073)88-46-766
Юрій,Михайленко,yuriy.mykhaylenko5@student.org,1955,2,20,IGJ-98,52.68,38(050)73-97-845
Юрій,Руденко,yuriy.rudenko6@student.org,1980,1,25,WAI-98,63.17,38(099)11-54-674
Тарас,Василенко,taras.vasylenko4@student.org,1983,10,15,IQP-64,97.85,38(067)11-76-905
Володимир,Білоус,volodymyr.bilous1@student.org,1998,5,8,ONG-95,33.03,38(067)64-27-884
Юрій,Мельник,yuriy.melnyk2@student.org,1987,9,24,YRC-71,88.82,38(098)86-82-780
Федір,Шевченко,fedir.shevchenko3@student.org,2001,8,17,GQT-79,84.44,38(095)80-29-738
Юрій,Гриценко,yuriy.hrytsenko2@student.org,1976,5,28,OXP-50,15.51,38(068)45-31-894
Володимир,Поліщук,volodymyr.polishchuk3@student.org,1983,5,16,TVQ-62,4.6,38(098)99-20-144
Ірина,Шевчук,iryna.shevchuk1@student.org,1956,1,17,HPX-46,41.49,38(068)92-52-167
Наталія,Поліщук,nataliya.polishchuk2@student.org,2004,9,4,NSZ-73,81.63,38(063)98-84-793
Петро,Захарченко,petro.zakharchenko4@student.org,1979,1,29,TYO-56,4.65,38(073)83-52-172
Марія,Омельченко,mariya.omelchenko8@student.org,1994,10,16,HPM-29,71.75,38(050)92-66-650
Остап,Павленко,ostap.pavlenko2@student.org,1973,3,12,LBE-54,95.6,38(063)44-80-199
Олеся,Омельченко,olesya.omelchenko6@student.org,1992,7,31,ELP-11,95.39,38(066)41-26-644
Оксана,Цимбал,oksana.tsymbal4@student.org,2010,10,13,UER-90,92.04,38(063)64-41-401
Олеся,Новік,olesya.novik1@student.org,1970,12,20,UGG-87,29.53,38(073)11-96-913
Роман,Савченко,roman.savchenko8@student.org,1998,1,28,DDK-37,32.56,38(096)25-39-751
Любов,Никоненко,lyubov.nykonenko4@student.org,1993,8,5,KKU-30,10.81,38(050)77-78-244
Євгенія,Макаренко,yevheniya.makarenko3@student.org,1976,1,20,HRA-75,54.46,38(095)20-89-741
Раїса,Білоус,rayisa.bilous2@student.org,1974,7,24,TTY-83,79.08,38(067)19-16-580
Інна,Лисенко,inna.lysenko2@student.org,1968,9,16,LXT-33,80.07,38(099)44-42-715
Вера,Панченко,vera.panchenko1@student.org,1971,2,1,MDE-11,18.67,38(099)11-95-489
Денис,Стельмах,denys.stelmakh2@student.org,1998,10,8,MNV-48,54.56,38(068)10-71-304
Євгенія,Кузьменко,yevheniya.kuzmenko1@student.org,1964,12,19,OEZ-68,11.98,38(063)87-49-603
Ярослав,Стельмах,yaroslav.stelmakh2@student.org,1950,1,24,RYZ-53,30.26,38(067)23-36-155
Анна,Рибак,anna.rybak5@student.org,2005,9,8,ZCJ-44,32.92,38(068)92-67-681
Тетяна,Ковальчук,tetyana.kovalchuk1@student.org,2004,5,2,FDF-77,60.43,38(050)73-64-895
Віктор,Козлов,viktor.kozlov2@student.org,1986,2,13,SUK-25,32.94,38(067)13-57-418
Анна,Омельченко,anna.omelchenko4@student.org,1960,7,23,MCC-53,71.07,38(066)10-63-383
Тетяна,Ткаченко,tetyana.tkachenko4@student.org,1952,2,14,XFC-68,53.72,38(099)19-58-197
Михайло,Стельмах,mykhaylo.stelmakh3@student.org,1971,3,8,XYA-14,90.32,38(099)38-57-664
Галина,Павленко,halyna.pavlenko4@student.org,1957,12,16,ORK-53,95.24,38(099)85-46-474
Денис,Демченко,denys.demchenko3@student.org,1992,1,8,TFH-81,2.77,38(097)80-91-445
Денис,Бойко,denys.boyko4@student.org,2009,5,23,QSE-66,49.04,38(095)20-42-694
Лілія,Кузьменко,liliya.kuzmenko4@student.org,2009,1,11,OME-75,36.26,38(095)29-92-321
Тарас,Поліщук,taras.polishchuk1@student.org,2009,1,22,CBQ-48,26.41,38(097)12-50-356
Станіслав,Ткаченко,stanislav.tkachenko2@student.org,1951,6,17,BYT-28,79.44,38(099)95-31-963
Іван,Омельченко,ivan.omelchenko6@student.org,1951,10,13,ROX-78,69.58,38(098)54-24-928
Юлія,Стельмах,yuliya.stelmakh1@student.org,1962,3,8,DXC-73,11.73,38(099)46-84-717
Тарас,Панченко,taras.panchenko9@student.org,1998,4,11,VZL-84,92.06,38(063)73-86-353
Надія,Коваленко,nadiya.kovalenko4@student.org,1983,4,2,GDS-61,18.45,38(093)59-70-248
Дмитро,Демченко,dmytro.demchenko3@student.org,1970,7,26,OND-76,19.3,38(099)90-35-708
Анна,Скрипка,anna.skrypka3@student.org,1950,4,21,NKU-85,86.27,38(063)74-28-736
Наталія,Романенко,nataliya.romanenko5@student.org,1955,2,27,XQU-70,90.8,38(073)33-12-463
Іван,Бойко,ivan.boyko2@student.org,1964,11,16,TON-41,31.74,38(093)54-85-874
Богдан,Василенко,bohdan.vasylenko@student.org,1953,7,26,RHL-43,45.24,38(068)43-10-271
Надія,Макаренко,nadiya.makarenko1@student.org,1979,2,23,MSX-36,67.13,38(098)97-68-697
Роман,Романенко,roman.romanenko6@student.org,1956,7,18,ZSJ-62,79.72,38(093)77-51-548
Костянтин,Гордієнко,kostyantyn.hordiyenko2@student.org,1991,10,18,NYO-61,43.28,38(067)99-65-306
Інна,Левченко,inna.levchenko5@student.org,1954,2,19,ZRZ-44,92.77,38(099)36-40-139
Тетяна,Поліщук,tetyana.polishchuk2@student.org,1985,2,28,DFR-40,44.82,38(093)40-64-173
Ірина,Кравченко,iryna.kravchenko4@student.org,2010,1,20,BTV-84,90.9,38(068)53-45-724
Денис,Король,denys.korol5@student.org,1998,3,29,VBF-61,30.46,38(067)77-32-747
Ганна,Кузьменко,hanna.kuzmenko4@student.org,1983,9,1,EGQ-67,99.25,38(066)52-45-752
Федір,Ковальчук,fedir.kovalchuk2@student.org,1975,1,23,LUU-10,98.19,38(067)51-97-189
Лариса,Михайленко,larysa.mykhaylenko3@student.org,1974,5,11,CKW-18,8.38,38(093)63-99-222
Оксана,Зайцев,oksana.zaytsev4@student.org,1987,9,7,EET-93,19.22,38(063)89-84-415
Олеся,Ткаченко,olesya.tkachenko3@student.org,1995,1,19,BWA-26,3.14,38(097)97-50-178
Ігор,Павленко,ihor.pavlenko@student.org,1994,2,8,HEB-92,97.16,38(073)15-69-189
Анна,Поліщук,anna.polishchuk2@student.org,1960,8,31,CNE-43,53.97,38(067)85-56-451
Ганна,Павленко,hanna.pavlenko1@student.org,1952,7,2,ICN-48,77.0,38(097)67-49-426
Лілія,Лисенко,liliya.lysenko4@student.org,1985,3,26,CVV-69,27.74,38(093)60-53-596
Сергій,Павленко,serhiy.pavlenko3@student.org,1978,5,27,GVH-91,56.71,38(066)18-49-724
Раїса,Авраменко,rayisa.avramenko1@student.org,1993,1,14,GPV-71,71.26,38(063)63-69-161
Юрій,Панченко,yuriy.panchenko3@student.org,1984,10,22,OWF-50,68.11,38(099)43-69-871
Лілія,Новік,liliya.novik2@student.org,1950,6,6,GFI-92,88.19,38(063)49-63-977
Богдан,Рибак,bohdan.rybak2@student.org,1995,7,27,LCF-17,46.92,38(063)39-68-620
Олеся,Марченко,olesya.marchenko3@student.org,1988,4,22,BMK-84,59.44,38(095)86-88-635
Станіслав,Шевчук,stanislav.shevchuk2@student.org,1972,1,3,TDX-51,24.06,38(067)59-55-777
Лариса,Гладко,larysa.hladko4@student.org,1996,2,13,QKC-73,53.63,38(093)51-66-305
Станіслав,Зайцев,stanislav.zaytsev5@student.org,1971,10,30,PWS-37,74.92,38(073)38-25-555
Артем,Руденко,artem.rudenko5@student.org,1975,8,10,KFZ-46,9.64,38(066)29-38-414
Валентина,Гладко,valentyna.hladko4@student.org,1998,4,25,ZGX-32,6.59,38(099)64-71-184
Вікторія,Михайленко,viktoriya.mykhaylenko3@student.org,1978,6,9,QQX-87,28.19,38(073)44-11-247
Олеся,Панченко,olesya.panchenko@student.org,1967,12,22,VEQ-35,78.23,38(097)48-61-714
Оксана,Коваленко,oksana.kovalenko4@student.org,1963,9,11,WJJ-27,99.92,38(063)15-79-885
Дмитро,Козлов,dmytro.kozlov3@student.org,1995,4,8,JNF-33,70.22,38(073)68-80-941
Алла,Кузьменко,alla.kuzmenko5@student.org,1966,5,12,WVH-86,48.71,38(093)91-40-988
Оксана,Шаповал,oksana.shapoval4@student.org,1967,5,16,XPH-46,2.24,38(050)34-58-542
Іван,Гайдук,ivan.hayduk6@student.org,1964,9,15,QTK-28,75.8,38(050)99-44-808
Олена,Гайдук,olena.hayduk3@student.org,1968,6,16,SZY-46,73.35,38(098)84-73-444
Лілія,Гордієнко,liliya.hordiyenko2@student.org,1974,3,17,TER-76,8.69,38(097)52-93-900
Лариса,Король,larysa.korol3@student.org,1985,6,12,TSJ-44,11.33,38(067)28-46-870
Роман,Білоус,roman.bilous10@student.org,1999,7,2,WRG-41,72.33,38(073)64-79-464
Тетяна,Дорошенко,tetyana.doroshenko5@student.org,1964,5,2,THD-37,1.54,38(095)74-67-801
Володимир,Мельник,volodymyr.melnyk1@student.org,2007,2,18,UEM-41,65.13,38(066)44-53-229
Вера,Павленко,vera.pavlenko3@student.org,1961,3,4,YBD-46,78.6,38(067)58-28-169
Лілія,Цимбал,liliya.tsymbal2@student.org,1973,6,18,SSD-26,43.67,38(093)79-30-862
Валентина,Омельченко,valentyna.omelchenko1@student.org,1996,11,16,GBQ-85,76.98,38(073)79-20-510
Ганна,Гончаренко,hanna.honcharenko@student.org,2003,6,29,ITN-59,58.75,38(093)52-51-174
Вікторія,Лисенко,viktoriya.lysenko3@student.org,1962,2,27,KXZ-95,32.27,38(093)22-19-578
Роман,Рибак,roman.rybak10@student.org,1962,11,27,KHG-20,61.78,38(066)83-75-970
Тарас,Ковальчук,taras.kovalchuk5@student.org,1995,1,27,ORC-55,96.31,38(068)19-63-490
Лілія,Михайленко,liliya.mykhaylenko2@student.org,1980,6,2,QIT-71,69.31,38(095)50-29-472
Тетяна,Лисенко,tetyana.lysenko2@student.org,2000,6,21,GZK-41,73.89,38(067)59-70-785
Юлія,Василенко,yuliya.vasylenko5@student.org,1986,9,30,FJU-86,54.84,38(067)40-38-308
Олена,Поліщук,olena.polishchuk4@student.org,2005,1,28,TGW-21,87.7,38(095)61-80-640
Максим,Михайленко,maksym.mykhaylenko3@student.org,1997,9,7,QDF-53,85.36,38(098)30-70-619
Богдан,Кравченко,bohdan.kravchenko4@student.org,1964,9,3,JHV-93,65.97,38(098)10-89-846
Станіслав,Никоненко,stanislav.nykonenko2@student.org,1978,9,23,NGN-42,99.22,38(063)43-64-302
Любов,Рибак,lyubov.rybak6@student.org,2002,12,21,CLX-45,2.47,38(063)15-51-142
Раїса,Шевчук,rayisa.shevchuk4@student.org,1951,1,17,UDO-35,58.31,38(097)83-61-367
Катерина,Шевчук,kateryna.shevchuk2@student.org,1983,4,21,JOQ-99,0.77,38(067)24-48-169
Василь,Омельченко,vasyl.omelchenko4@student.org,2007,10,18,SFI-71,16.81,38(096)32-10-336
Володимир,Шаповал,volodymyr.shapoval3@student.org,1957,1,17,IYJ-53,17.34,38(098)79-90-283
Олеся,Руденко,olesya.rudenko1@student.org,1957,2,3,SGC-96,5.77,38(095)65-26-629
Денис,Никоненко,denys.nykonenko3@student.org,1976,12,27,GSL-11,2.45,38(099)99-91-910
Юлія,Лисенко,yuliya.lysenko5@student.org,1996,3,26,NON-18,49.28,38(063)81-81-114
Роман,Зайцев,roman.zaytsev8@student.org,2006,11,12,QWC-99,6.48,38(096)54-93-423
Дмитро,Костенко,dmytro.kostenko3@student.org,1989,10,22,AOV-43,1.34,38(073)26-84-642
Денис,Гриценко,denys.hrytsenko2@student.org,1986,3,23,ASX-54,49.99,38(067)19-46-216
Остап,Лисенко,ostap.lysenko5@student.org,1953,12,10,VIX-70,86.02,38(095)82-58-201
Андрій,Лебедь,andriy.lebed6@student.org,1987,10,7,NDC-37,54.46,38(093)78-56-126
Олеся,Демченко,olesya.demchenko2@student.org,2009,5,25,SZY-46,56.54,38(066)40-93-661
Вікторія,Рибак,viktoriya.rybak5@student.org,1983,7,17,FKL-13,79.02,38(095)22-35-538
Надія,Гриценко,nadiya.hrytsenko3@student.org,1951,12,9,IBL-92,58.87,38(093)27-35-158
Сергій,Шевченко,serhiy.shevchenko2@student.org,1956,6,29,MNS-51,12.97,38(068)27-22-215
Ганна,Новік,hanna.novik7@student.org,1959,4,2,KIR-57,72.23,38(063)30-31-367
Павло,Литвин,pavlo.lytvyn2@student.org,1963,8,1,WMA-83,90.15,38(066)92-77-926
Денис,Дорошенко,denys.doroshenko2@student.org,1977,4,17,AQP-93,96.86,38(098)54-95-482
Лариса,Гладко,larysa.hladko5@student.org,1975,9,6,PGD-42,31.81,38(073)94-34-594
Ірина,Павленко,iryna.pavlenko5@student.org,2001,5,7,HSH-83,37.79,38(095)77-96-253
Олександр,Скрипка,oleksandr.skrypka2@student.org,1975,8,17,POZ-93,92.31,38(063)65-75-436
Сергій,Михайленко,serhiy.mykhaylenko2@student.org,1970,5,14,BWW-44,28.71,38(099)19-32-324
Лілія,Шевченко,liliya.shevchenko4@student.org,2002,3,14,IRJ-91,29.99,38(099)68-60-269
Марія,Мельник,mariya.melnyk4@student.org,1986,8,24,OLU-72,88.28,38(068)96-24-229
Лілія,Гладко,liliya.hladko2@student.org,1977,7,21,QWV-96,16.9,38(099)15-58-611
Наталія,Гордієнко,nataliya.hordiyenko5@student.org,1975,9,7,MTA-36,79.19,38(099)56-55-635
Любов,Романенко,lyubov.romanenko1@student.org,1998,4,21,VOF-18,73.04,38(093)55-23-139
Галина,Поліщук,halyna.polishchuk6@student.org,1996,10,26,GII-95,6.17,38(063)91-84-189
Ірина,Василенко,iryna.vasylenko4@student.org,1960,10,26,SQY-98,9.55,38(099)65-78-337
Максим,Білоус,maksym.bilous1@student.org,1957,11,1,MOH-71,13.0,38(099)67-81-704
Павло,Петренко,pavlo.petrenko4@student.org,1996,2,1,LKP-65,54.26,38(068)48-63-868
Юлія,Коваль,yuliya.koval2@student.org,1959,10,21,FYW-80,9.88,38(066)86-80-256
Віталій,Гайдук,vitaliy.hayduk2@student.org,2010,3,16,BKI-52,39.24,38(066)70-46-990
Надія,Гордієнко,nadiya.hordiyenko3@student.org,1982,5,13,RQG-63,77.82,38(066)44-49-849
Станіслав,Кузьменко,stanislav.kuzmenko3@student.org,2007,1,11,GPT-86,18.02,38(066)55-98-584
Сергій,Савченко,serhiy.savchenko5@student.org,2004,5,21,MAD-27,28.58,38(096)92-31-899
Петро,Макаренко,petro.makarenko4@student.org,1998,10,11,ISY-87,86.06,38(099)96-91-390
Михайло,Скрипка,mykhaylo.skrypka1@student.org,1953,8,4,WLL-85,4.3,38(068)37-69-611
Любов,Гайдук,lyubov.hayduk5@student.org,1998,2,10,XQV-48,25.91,38(097)80-30-731
Богдан,Рибак,bohdan.rybak3@student.org,1959,10,16,ZKJ-28,30.58,38(099)29-55-369
Остап,Шевчук,ostap.shevchuk2@student.org,1988,10,8,CVB-15,73.37,38(093)51-53-798
Андрій,Омельченко,andriy.omelchenko4@student.org,1976,9,28,HDO-12,49.08,38(096)15-79-118
Марія,Марченко,mariya.marchenko2@student.org,2005,7,12,USN-47,47.46,38(068)56-16-545
Євгенія,Козлов,yevheniya.kozlov8@student.org,2005,6,22,PDS-94,90.65,38(068)75-22-911
Наталія,Петренко,nataliya.petrenko4@student.org,2001,1,29,OIO-66,1.21,38(066)49-19-370
Ігор,Гайдук,ihor.hayduk2@student.org,1955,3,15,WVG-55,23.14,38(097)68-98-812
Володимир,Лебедь,volodymyr.lebed1@student.org,1970,8,5,ETU-62,39.26,38(095)72-87-977
Володимир,Цимбал,volodymyr.tsymbal2@student.org,1987,12,14,LYX-17,24.28,38(050)38-62-362
Ірина,Рибак,iryna.rybak5@student.org,1991,5,16,MKP-50,85.45,38(093)40-35-309
Оксана,Білоус,oksana.bilous5@student.org,2010,1,1,ANS-12,21.88,38(073)62-77-706
Надія,Коваленко,nadiya.kovalenko5@student.org,1996,11,2,XQO-19,12.18,38(093)78-46-973
Віктор,Захарченко,viktor.zakharchenko1@student.org,1951,3,20,HLN-95,48.0,38(066)79-64-831
Ірина,Коваль,iryna.koval2@student.org,1956,7,11,ZYY-37,78.7,38(093)50-49-457
Людмила,Гордієнко,lyudmyla.hordiyenko5@student.org,1980,1,24,QSE-66,69.18,38(095)28-73-506
Олександр,Рибак,oleksandr.rybak5@student.org,2002,4,18,UGG-87,73.64,38(098)74-64-875
Тетяна,Костенко,tetyana.kostenko1@student.org,1973,5,15,KZC-19,95.82,38(063)99-30-820
Роман,Руденко,roman.rudenko10@student.org,1971,7,16,FRR-86,86.99,38(093)43-22-902
Андрій,Зайцев,andriy.zaytsev1@student.org,1953,2,13,ACB-43,51.14,38(066)35-85-434
Сергій,Гордієнко,serhiy.hordiyenko2@student.org,1973,10,15,OMM-27,3.52,38(097)26-31-282
Галина,Білоус,halyna.bilous2@student.org,1994,8,3,UUV-28,17.0,38(067)35-44-721
Юрій,Новік,yuriy.novik4@student.org,1964,3,27,XDZ-65,84.62,38(093)46-81-272
Роман,Скрипка,roman.skrypka4@student.org,1979,6,8,TGY-18,13.07,38(068)49-52-687
Ірина,Поліщук,iryna.polishchuk4@student.org,1962,1,9,JCM-58,35.8,38(097)10-54-450
Роман,Михайленко,roman.mykhaylenko7@student.org,1997,5,23,HVV-34,1.76,38(095)94-92-611
Тетяна,Рибак,tetyana.rybak1@student.org,1996,6,28,EQI-19,53.22,38(050)11-22-296
Людмила,Шевчук,lyudmyla.shevchuk3@student.org,1954,7,28,KWM-63,20.17,38(095)97-96-399
Сергій,Кузьменко,serhiy.kuzmenko6@student.org,1972,2,11,MAD-27,4.08,38(096)13-29-886
Марія,Скрипка,mariya.skrypka2@student.org,2000,8,26,KMU-68,83.91,38(050)76-93-949
Олександр,Марченко,oleksandr.marchenko2@student.org,2002,5,5,IJP-76,43.46,38(097)60-42-268
Тарас,Мельник,taras.melnyk3@student.org,1969,8,27,NNS-51,93.7,38(067)79-20-497
Ігор,Захарченко,ihor.zakharchenko2@student.org,1962,5,5,MAQ-17,57.36,38(097)38-56-999
Володимир,Марченко,volodymyr.marchenko2@student.org,1987,10,5,NSA-29,54.86,38(066)34-88-533
Роман,Зайцев,roman.zaytsev9@student.org,1973,10,18,MSX-36,68.29,38(093)36-89-751
Юлія,Шевчук,yuliya.shevchuk3@student.org,1954,10,19,BHV-24,40.36,38(066)64-90-538
Федір,Никоненко,fedir.nykonenko4@student.org,2006,1,14,VDE-45,21.15,38(098)96-58-200
Олександр,Рибак,oleksandr.rybak6@student.org,1998,5,5,UEG-86,91.78,38(099)89-27-273
Надія,Марченко,nadiya.marchenko2@student.org,2004,5,18,RNI-55,70.58,38(095)96-82-977
Надія,Коваленко,nadiya.kovalenko6@student.org,1950,11,29,GVM-62,65.89,38(050)44-77-465
Василь,Петренко,vasyl.petrenko4@student.org,1952,5,1,PYT-71,62.82,38(068)43-32-729
Юрій,Романенко,yuriy.romanenko2@student.org,1996,1,18,HPV-40,2.78,38(073)69-33-490
Лілія,Гончаренко,liliya.honcharenko2@student.org,1952,8,3,ZUU-81,25.99,38(095)62-26-446
Раїса,Левченко,rayisa.levchenko4@student.org,1981,1,17,VZV-82,77.91,38(050)98-39-635
Олена,Василенко,olena.vasylenko1@student.org,1951,9,1,AEX-52,4.44,38(073)21-18-229
Павло,Коваленко,pavlo.kovalenko4@student.org,2000,11,23,KFJ-78,9.85,38(063)26-47-665
Інна,Марченко,inna.marchenko2@student.org,1989,1,13,NWG-39,40.53,38(093)93-61-187
Марія,Василенко,mariya.vasylenko4@student.org,1987,8,6,HPA-79,50.89,38(095)45-60-253
Ігор,Стельмах,ihor.stelmakh3@student.org,1957,11,1,TGC-61,57.51,38(066)12-55-550
Михайло,Іваненко,mykhaylo.ivanenko1@student.org,1993,7,14,QQY-15,84.48,38(096)40-10-659
Вікторія,Ковальчук,viktoriya.kovalchuk3@student.org,1984,4,26,WLH-50,73.46,38(099)81-45-936
Дмитро,Шаповал,dmytro.shapoval2@student.org,1967,7,30,UYN-34,51.73,38(073)36-25-866
Богдан,Руденко,bohdan.rudenko3@student.org,1981,1,31,FNY-72,35.14,38(066)93-83-658
Михайло,Василенко,mykhaylo.vasylenko2@student.org,1966,9,20,IHM-97,63.34,38(063)96-29-963
Григорій,Гордієнко,hryhoriy.hordiyenko@student.org,1982,5,30,OOK-85,96.05,38(068)60-82-802
Анна,Мельник,anna.melnyk@student.org,1993,10,25,CLS-23,0.33,38(063)43-32-969
Інна,Стельмах,inna.stelmakh2@student.org,1965,5,28,JFI-53,68.31,38(098)92-88-305
Андрій,Гладко,andriy.hladko3@student.org,1952,7,8,IIA-79,31.74,38(050)80-89-955
Григорій,Захарченко,hryhoriy.zakharchenko3@student.org,1985,1,6,MYY-84,40.07,38(073)33-69-405
Інна,Іваненко,inna.ivanenko3@student.org,2010,1,6,LLL-88,55.04,38(098)37-37-163
Роман,Кузьменко,roman.kuzmenko7@student.org,1972,6,30,QDI-78,71.38,38(063)48-55-266
Павло,Марченко,pavlo.marchenko4@student.org,1987,2,24,FDU-92,26.12,38(073)86-31-543
Ірина,Гончаренко,iryna.honcharenko3@student.org,1973,10,2,TMR-74,32.65,38(095)95-37-416
Олександр,Панченко,oleksandr.panchenko5@student.org,1996,8,15,WWQ-97,98.18,38(093)55-95-880
Олеся,Руденко,olesya.rudenko2@student.org,1981,5,25,MWE-63,39.69,38(050)76-70-929
Олеся,Шаповал,olesya.shapoval5@student.org,1955,3,22,AWS-95,8.59,38(066)47-78-280
Петро,Гладко,petro.hladko3@student.org,2008,9,21,ZTV-62,10.19,38(095)18-49-988
Михайло,Василенко,mykhaylo.vasylenko3@student.org,1952,5,24,OUH-57,29.97,38(066)52-53-432
Оксана,Савченко,oksana.savchenko5@student.org,2008,6,7,CTC-32,20.23,38(066)36-61-896
Алла,Новік,alla.novik2@student.org,1953,7,9,BUL-27,4.17,38(068)76-34-873
Павло,Макаренко,pavlo.makarenko@student.org,1996,11,11,SQX-89,39.97,38(063)20-59-104
Артем,Новік,artem.novik2@student.org,1968,5,30,KFV-94,97.68,38(097)22-96-196
Ярослав,Білоус,yaroslav.bilous2@student.org,1960,11,27,AKF-35,14.39,38(099)88-68-598
Федір,Панченко,fedir.panchenko2@student.org,1979,5,13,VGR-53,3.03,38(098)45-64-963
Василь,Захарченко,vasyl.zakharchenko2@student.org,1999,3,10,HLU-75,3.61,38(073)66-64-822
Роман,Кравченко,roman.kravchenko8@student.org,2005,11,18,NJU-22,16.12,38(099)85-46-841
Надія,Гайдук,nadiya.hayduk1@student.org,1966,11,16,RQB-97,97.97,38(063)78-14-966
Василь,Новік,vasyl.novik4@student.org,1996,3,18,XUO-36,52.03,38(096)98-90-639
Юрій,Козлов,yuriy.kozlov3@student.org,1959,9,2,HSQ-85,42.72,38(093)17-38-679
Катерина,Козлов,kateryna.kozlov3@student.org,1972,1,27,VYC-70,40.58,38(093)50-95-300
Юлія,Гриценко,yuliya.hrytsenko3@student.org,1973,10,25,LIW-45,49.2,38(050)10-65-605
Людмила,Захарченко,lyudmyla.zakharchenko1@student.org,1994,4,9,OGW-26,19.9,38(098)47-43-791
Анна,Скрипка,anna.skrypka4@student.org,2001,7,4,XWZ-30,66.2,38(063)68-78-184
Остап,Гайдук,ostap.hayduk5@student.org,2009,3,10,VFT-87,0.46,38(073)31-24-652
Іван,Гриценко,ivan.hrytsenko7@student.org,1978,6,13,FOD-76,34.9,38(067)24-63-201
Юрій,Кузьменко,yuriy.kuzmenko2@student.org,2005,1,17,MKP-50,14.91,38(066)63-58-932
Петро,Шевчук,petro.shevchuk2@student.org,2005,1,8,NON-18,64.3,38(063)39-78-356
Олена,Марченко,olena.marchenko2@student.org,2006,4,23,MVS-14,65.82,38(067)21-30-152
Тетяна,Марченко,tetyana.marchenko3@student.org,2010,7,7,RYO-36,87.72,38(095)94-12-576
Вера,Гордієнко,vera.hordiyenko6@student.org,1983,4,25,JQA-37,40.13,38(066)26-62-918
Остап,Гончаренко,ostap.honcharenko2@student.org,1998,8,15,XSL-92,55.23,38(066)20-76-557
Богдан,Поліщук,bohdan.polishchuk2@student.org,1982,12,2,UKA-25,56.11,38(096)10-19-966
Лілія,Романенко,liliya.romanenko3@student.org,1988,10,22,VMY-44,11.47,38(066)75-23-482
Павло,Козлов,pavlo.kozlov2@student.org,1967,12,4,USN-47,90.24,38(096)75-30-725
Катерина,Омельченко,kateryna.omelchenko2@student.org,1984,3,5,SSN-75,12.82,38(063)31-19-988
Ганна,Ковальчук,hanna.kovalchuk1@student.org,1999,10,27,GLI-36,57.38,38(097)71-23-366
Людмила,Новік,lyudmyla.novik5@student.org,2006,10,9,MBC-12,9.26,38(093)94-97-461
Олександр,Демченко,oleksandr.demchenko6@student.org,1967,1,21,JLT-49,59.48,38(093)59-62-501
Богдан,Стельмах,bohdan.stelmakh3@student.org,1991,7,15,NIJ-37,80.95,38(097)15-74-569
Євгенія,Михайленко,yevheniya.mykhaylenko6@student.org,1957,7,19,CJP-93,39.85,38(095)55-35-601
Валентина,Демченко,valentyna.demchenko1@student.org,2009,4,28,MZQ-33,2.08,38(073)67-47-923
Михайло,Новік,mykhaylo.novik1@student.org,2004,1,10,YWY-26,17.67,38(099)55-58-312
Костянтин,Дорошенко,kostyantyn.doroshenko3@student.org,1995,10,23,TRY-78,43.75,38(097)97-58-301
Раїса,Левченко,rayisa.levchenko5@student.org,1962,7,11,NCO-96,23.95,38(099)25-57-262
Євгенія,Гладко,yevheniya.hladko8@student.org,1952,7,30,MZR-53,17.4,38(067)77-23-624
Ганна,Василенко,hanna.vasylenko5@student.org,1985,5,1,BTW-65,33.28,38(067)79-56-702
Галина,Цимбал,halyna.tsymbal1@student.org,1981,3,17,TKY-86,91.85,38(050)58-87-206
Алла,Новік,alla.novik3@student.org,1989,10,24,CGK-95,67.72,38(073)86-27-602
Максим,Кузьменко,maksym.kuzmenko3@student.org,2008,2,20,BDY-70,42.1,38(067)99-61-314
Ганна,Ткаченко,hanna.tkachenko1@student.org,1999,12,21,ZKV-72,2.67,38(050)49-63-235
Марія,Демченко,mariya.demchenko5@student.org,1984,10,20,RMA-94,80.84,38(068)17-42-175
Тетяна,Гордієнко,tetyana.hordiyenko2@student.org,1952,9,27,HEM-24,50.57,38(096)39-42-674
Ірина,Король,iryna.korol3@student.org,1970,12,25,YSF-65,92.56,38(098)65-91-530
Інна,Гайдук,inna.hayduk5@student.org,1976,4,19,VTR-27,88.79,38(067)51-92-453
Артем,Костенко,artem.kostenko3@student.org,1960,6,9,YUV-88,90.36,38(095)21-86-386
Володимир,Павленко,volodymyr.pavlenko3@student.org,2000,3,8,VET-47,55.47,38(095)47-21-699
Іван,Коваль,ivan.koval1@student.org,1959,8,5,SYU-79,2.0,38(095)88-79-274
Галина,Лебедь,halyna.lebed1@student.org,1991,8,18,HTR-98,82.62,38(093)68-14-624
Федір,Кравченко,fedir.kravchenko5@student.org,1995,7,9,MIR-56,27.23,38(097)44-96-154
Вера,Гончаренко,vera.honcharenko2@student.org,1984,10,19,YDU-80,56.95,38(097)50-40-502
Марія,Ткаченко,mariya.tkachenko3@student.org,2008,6,28,MSS-44,56.62,38(068)65-42-422
Вікторія,Ткаченко,viktoriya.tkachenko2@student.org,1983,1,9,KZR-58,90.03,38(097)83-51-831
Алла,Білоус,alla.bilous4@student.org,1986,12,23,KPN-91,34.88,38(098)59-62-486
Станіслав,Панченко,stanislav.panchenko3@student.org,2001,10,7,DEK-63,52.68,38(067)65-58-681
Ірина,Стельмах,iryna.stelmakh6@student.org,1958,6,16,WJF-17,9.81,38(063)14-20-344
Надія,Коваль,nadiya.koval1@student.org,1968,10,12,GVE-19,12.83,38(096)20-92-756
Остап,Стельмах,ostap.stelmakh5@student.org,1955,8,6,BLG-36,66.75,38(068)34-81-975
Світлана,Гладко,svitlana.hladko1@student.org,1985,6,23,INT-63,16.33,38(067)84-73-458
Василь,Ткаченко,vasyl.tkachenko4@student.org,1982,6,20,CSD-51,50.74,38(063)50-87-471
Олеся,Михайленко,olesya.mykhaylenko1@student.org,1968,11,14,RYN-41,58.48,38(098)99-82-160
Сергій,Демченко,serhiy.demchenko3@student.org,1990,1,5,RYO-36,39.83,38(063)74-65-895
Юрій,Цимбал,yuriy.tsymbal3@student.org,1985,4,10,OVF-62,62.67,38(066)14-80-958
Петро,Лебедь,petro.lebed4@student.org,1960,2,2,JOL-48,17.51,38(097)11-23-926
Остап,Коваленко,ostap.kovalenko1@student.org,1980,6,18,FEQ-85,44.07,38(093)76-20-775
Олеся,Король,olesya.korol4@student.org,1961,3,24,QTK-28,71.74,38(097)34-37-907
Алла,Зайцев,alla.zaytsev1@student.org,1958,8,11,DJW-19,56.69,38(050)15-74-556
Валентина,Василенко,valentyna.vasylenko@student.org,1957,10,3,FKP-80,57.87,38(068)85-26-296
Алла,Михайленко,alla.mykhaylenko3@student.org,2001,2,11,LAM-32,2.94,38(067)39-17-204
Михайло,Гончаренко,mykhaylo.honcharenko3@student.org,1950,7,1,VYD-51,21.55,38(097)60-32-367
Євгенія,Савченко,yevheniya.savchenko3@student.org,1997,10,3,EDO-48,29.39,38(066)80-42-615
Світлана,Кузьменко,svitlana.kuzmenko3@student.org,1957,2,23,HUU-57,62.95,38(093)24-96-812
Юрій,Демченко,yuriy.demchenko3@student.org,1957,9,10,GET-69,75.66,38(093)35-26-933
Ігор,Бойко,ihor.boyko3@student.org,1991,12,11,YBY-52,44.85,38(066)57-31-211
Валентина,Романенко,valentyna.romanenko4@student.org,1967,4,7,QTP-13,85.23,38(067)82-51-468
Станіслав,Лебедь,stanislav.lebed1@student.org,1954,9,30,AEM-92,45.09,38(063)28-96-604
Вера,Левченко,vera.levchenko1@student.org,1981,4,30,LUB-84,83.65,38(098)65-21-811
Павло,Павленко,pavlo.pavlenko5@student.org,1960,6,2,JNG-93,86.97,38(066)47-53-848
Ганна,Михайленко,hanna.mykhaylenko5@student.org,1957,8,21,POE-56,17.06,38(067)39-51-386
Лілія,Лебедь,liliya.lebed7@student.org,1961,9,4,SGO-61,35.46,38(096)49-96-833
Любов,Михайленко,lyubov.mykhaylenko1@student.org,1959,5,23,CTK-90,8.76,38(050)94-63-871
Вера,Авраменко,vera.avramenko3@student.org,1974,11,11,JLE-15,29.14,38(068)65-88-329
Олександр,Мельник,oleksandr.melnyk5@student.org,2004,3,11,FYF-79,93.48,38(093)14-63-557
Андрій,Король,andriy.korol4@student.org,1958,4,18,VFU-77,97.37,38(093)91-47-644
Володимир,Мельник,volodymyr.melnyk2@student.org,1983,3,24,IXH-86,47.42,38(096)34-22-265
Марія,Цимбал,mariya.tsymbal2@student.org,1986,2,15,WSY-83,72.57,38(067)93-88-117
Максим,Захарченко,maksym.zakharchenko3@student.org,1980,5,29,PHK-87,78.53,38(099)97-82-748
Костянтин,Цимбал,kostyantyn.tsymbal3@student.org,1987,10,10,PZK-64,89.75,38(073)62-52-408
Михайло,Марченко,mykhaylo.marchenko3@student.org,1990,7,25,VMP-85,9.54,38(050)77-28-983
Тарас,Зайцев,taras.zaytsev3@student.org,1985,8,21,URC-81,14.66,38(068)72-25-299
Лариса,Макаренко,larysa.makarenko2@student.org,1970,2,22,WFZ-16,43.86,38(068)96-39-805
Роман,Гончаренко,roman.honcharenko8@student.org,1958,9,25,IJI-69,21.28,38(093)84-58-215
Вікторія,Скрипка,viktoriya.skrypka5@student.org,1990,4,5,KDI-41,45.6,38(063)25-37-301
Віктор,Ткаченко,viktor.tkachenko4@student.org,1999,3,13,BMK-62,59.52,38(095)83-93-930
Юлія,Марченко,yuliya.marchenko2@student.org,2003,1,26,CLA-41,67.17,38(097)71-99-475
Олена,Макаренко,olena.makarenko@student.org,1954,1,6,QWC-36,33.17,38(073)70-69-939
Інна,Іваненко,inna.ivanenko4@student.org,1988,2,11,QVY-76,46.28,38(073)35-49-200
Людмила,Савченко,lyudmyla.savchenko5@student.org,1978,2,5,BBY-57,65.57,38(097)38-30-819
Володимир,Коваль,volodymyr.koval2@student.org,1962,9,1,OFZ-66,70.76,38(099)30-29-511
Станіслав,Бойко,stanislav.boyko3@student.org,2004,10,4,XUR-19,9.99,38(099)25-88-279
Віталій,Поліщук,vitaliy.polishchuk3@student.org,1992,5,25,CNR-35,3.0,38(073)89-89-524
Василь,Козлов,vasyl.kozlov4@student.org,1992,12,11,XZC-15,32.58,38(098)52-38-132
Віталій,Коваль,vitaliy.koval4@student.org,2007,11,11,VGQ-40,57.2,38(068)41-78-268
Тарас,Гордієнко,taras.hordiyenko4@student.org,2005,3,18,FTJ-18,35.67,38(050)16-79-448
Євгенія,Дорошенко,yevheniya.doroshenko5@student.org,1960,10,23,PUO-74,19.31,38(098)43-45-934
Петро,Панченко,petro.panchenko2@student.org,1977,2,17,QUE-39,61.18,38(068)28-63-550
Артем,Стельмах,artem.stelmakh1@student.org,1988,3,29,BYU-90,5.56,38(099)96-33-303
Тетяна,Поліщук,tetyana.polishchuk3@student.org,1971,5,21,EAK-62,37.87,38(067)78-22-880
Вікторія,Шевчук,viktoriya.shevchuk2@student.org,1983,11,14,NYB-19,81.06,38(093)78-90-571
Євгенія,Зайцев,yevheniya.zaytsev1@student.org,1956,7,7,ZTK-81,4.55,38(066)42-99-210
Євгенія,Макаренко,yevheniya.makarenko4@student.org,2000,2,17,BWL-44,26.69,38(073)18-81-775
Михайло,Кузьменко,mykhaylo.kuzmenko5@student.org,1980,11,29,LQS-11,92.76,38(095)64-23-902
Раїса,Коваль,rayisa.koval4@student.org,1996,12,3,PZT-84,6.97,38(099)63-55-705
Павло,Скрипка,pavlo.skrypka3@student.org,1976,5,1,GMH-87,51.61,38(063)54-81-894
Остап,Марченко,ostap.marchenko2@student.org,2010,12,16,KZE-34,2.93,38(093)40-79-130
Лариса,Дорошенко,larysa.doroshenko4@student.org,1960,2,8,CSV-42,99.17,38(097)39-45-305
Вера,Стельмах,vera.stelmakh3@student.org,2009,4,1,IQF-84,76.28,38(099)60-94-387
Любов,Ковальчук,lyubov.kovalchuk@student.org,2009,7,2,FEL-12,43.27,38(096)50-49-624
Тарас,Петренко,taras.petrenko3@student.org,1992,1,5,IRA-71,48.98,38(068)15-21-948
Денис,Романенко,denys.romanenko7@student.org,1970,11,29,BGU-12,70.31,38(095)60-46-119
Дмитро,Омельченко,dmytro.omelchenko3@student.org,2008,1,15,PXJ-30,9.33,38(067)16-65-693
Петро,Цимбал,petro.tsymbal5@student.org,1998,8,4,ZAQ-79,59.38,38(068)48-12-806
Юрій,Кузьменко,yuriy.kuzmenko3@student.org,1967,7,14,PTV-58,58.33,38(066)25-55-372
Валентина,Король,valentyna.korol2@student.org,1999,7,23,QPU-55,34.65,38(073)54-99-629
Станіслав,Лебедь,stanislav.lebed2@student.org,1961,2,12,ZSR-39,46.23,38(097)47-92-568
Віктор,Коваль,viktor.koval6@student.org,1971,2,10,ADN-74,24.21,38(050)73-91-325
Оксана,Костенко,oksana.kostenko6@student.org,1952,7,7,AQW-53,94.18,38(099)17-64-798
Ігор,Шаповал,ihor.shapoval3@student.org,2005,3,30,DOZ-87,9.96,38(096)23-32-120
Денис,Павленко,denys.pavlenko5@student.org,2008,9,25,NMQ-51,44.83,38(067)21-33-584
Інна,Василенко,inna.vasylenko2@student.org,2001,2,15,EVP-84,3.32,38(098)34-57-803
Дмитро,Павленко,dmytro.pavlenko3@student.org,1981,9,7,THS-70,63.61,38(067)91-95-940
Ярослав,Левченко,yaroslav.levchenko4@student.org,1979,3,16,OUM-69,55.87,38(095)32-30-303
Валентина,Гладко,valentyna.hladko5@student.org,1964,7,23,WVH-86,32.95,38(063)13-89-432
Олена,Кузьменко,olena.kuzmenko3@student.org,1956,9,16,IHW-21,89.16,38(093)35-16-434
Денис,Гончаренко,denys.honcharenko5@student.org,1978,5,27,NBG-78,93.34,38(093)99-61-923
Лариса,Бойко,larysa.boyko4@student.org,1970,9,11,YHK-72,2.73,38(067)66-95-337
Вера,Демченко,vera.demchenko4@student.org,1955,9,1,HLU-75,87.14,38(099)69-52-929
Тарас,Демченко,taras.demchenko1@student.org,1969,9,5,POJ-12,14.07,38(068)35-20-966
Любов,Омельченко,lyubov.omelchenko7@student.org,1958,11,21,FDC-29,78.36,38(066)32-90-368
Любов,Демченко,lyubov.demchenko1@student.org,1976,5,13,NKL-59,36.3,38(095)64-96-722
Юлія,Руденко,yuliya.rudenko8@student.org,1956,10,15,LIX-89,36.23,38(068)98-36-439
Федір,Василенко,fedir.vasylenko5@student.org,1984,6,17,QZO-34,56.53,38(099)83-26-910
Віктор,Василенко,viktor.vasylenko1@student.org,1957,12,18,EZU-87,48.26,38(067)28-13-143
Володимир,Стельмах,volodymyr.stelmakh2@student.org,1958,1,10,JNH-33,95.79,38(096)76-83-836
Віталій,Коваленко,vitaliy.kovalenko5@student.org,1963,1,10,QFF-13,39.81,38(096)92-97-204
Любов,Коваленко,lyubov.kovalenko3@student.org,1987,1,12,FIR-31,27.89,38(067)61-62-718
Надія,Гордієнко,nadiya.hordiyenko4@student.org,1954,6,7,ZBK-22,7.82,38(093)82-14-257
Михайло,Литвин,mykhaylo.lytvyn2@student.org,1994,6,29,KQD-27,12.24,38(099)45-60-287
Олеся,Литвин,olesya.lytvyn5@student.org,1961,3,5,AKB-83,46.96,38(073)12-80-852
Федір,Стельмах,fedir.stelmakh2@student.org,1985,3,12,VEU-61,28.47,38(068)48-49-133
Ярослав,Марченко,yaroslav.marchenko3@student.org,1979,9,24,NMQ-51,48.24,38(066)50-24-794
Вера,Шевченко,vera.shevchenko5@student.org,2008,8,31,FVH-16,30.65,38(098)93-83-446
Олена,Ковальчук,olena.kovalchuk4@student.org,1951,10,26,QLQ-18,54.34,38(063)67-73-917
Федір,Шаповал,fedir.shapoval2@student.org,1955,8,6,PEW-50,24.19,38(098)43-29-601
Ігор,Гордієнко,ihor.hordiyenko5@student.org,2000,3,6,CMA-76,29.17,38(095)44-71-226
Олександр,Зайцев,oleksandr.zaytsev4@student.org,1964,10,19,WUB-75,71.01,38(073)10-44-617
Любов,Макаренко,lyubov.makarenko4@student.org,1983,10,25,APE-99,93.71,38(066)15-20-529
Алла,Дорошенко,alla.doroshenko1@student.org,1997,3,11,FVX-76,23.1,38(073)77-43-343
Василь,Бойко,vasyl.boyko5@student.org,1964,12,15,LQS-11,45.6,38(096)27-52-657
Володимир,Гриценко,volodymyr.hrytsenko3@student.org,1983,1,26,PZK-64,42.63,38(068)59-51-255
Василь,Гончаренко,vasyl.honcharenko1@student.org,1978,9,1,PYT-71,62.97,38(067)11-30-588
Іван,Новік,ivan.novik3@student.org,1995,11,14,FFR-80,4.55,38(066)29-68-963
Наталія,Василенко,nataliya.vasylenko3@student.org,1997,1,3,BBC-63,40.3,38(050)77-23-976
Петро,Шевчук,petro.shevchuk3@student.org,1984,6,14,ATH-26,54.01,38(068)68-15-605
Богдан,Захарченко,bohdan.zakharchenko1@student.org,1993,7,25,UTY-97,60.53,38(096)68-55-107
Федір,Гайдук,fedir.hayduk3@student.org,1956,8,26,JWF-94,83.8,38(063)41-69-288
Петро,Лисенко,petro.lysenko2@student.org,2000,5,17,LZM-73,75.78,38(098)68-96-229
Василь,Ткаченко,vasyl.tkachenko5@student.org,1971,2,15,YMB-90,92.36,38(073)77-23-250
Ярослав,Скрипка,yaroslav.skrypka7@student.org,1962,7,19,SQV-66,94.67,38(097)81-71-133
Віктор,Никоненко,viktor.nykonenko1@student.org,1989,2,9,MCT-69,1.16,38(097)63-44-506
Володимир,Король,volodymyr.korol4@student.org,1955,7,18,VHY-90,76.44,38(097)17-39-721
Денис,Стельмах,denys.stelmakh3@student.org,1969,12,22,BWV-10,58.13,38(095)34-99-566
Сергій,Левченко,serhiy.levchenko4@student.org,2008,1,12,YBY-52,94.25,38(097)50-52-211
Валентина,Марченко,valentyna.marchenko3@student.org,1985,5,3,NCB-15,57.14,38(093)57-28-586
Роман,Ковальчук,roman.kovalchuk2@student.org,1976,8,19,XML-35,16.56,38(096)23-75-177
Іван,Білоус,ivan.bilous3@student.org,2007,12,24,PWO-81,32.56,38(098)27-63-796
Сергій,Павленко,serhiy.pavlenko4@student.org,1994,10,13,QRE-47,98.82,38(066)56-43-592
Ярослав,Лисенко,yaroslav.lysenko3@student.org,2009,11,20,PAI-75,28.09,38(067)75-62-293
Тарас,Зайцев,taras.zaytsev4@student.org,2002,1,20,BMK-84,13.26,38(063)13-11-278
Костянтин,Зайцев,kostyantyn.zaytsev7@student.org,1956,6,27,MOL-29,36.83,38(098)67-50-438
Петро,Авраменко,petro.avramenko2@student.org,2002,1,5,LCF-17,72.89,38(097)21-79-782
Максим,Рибак,maksym.rybak@student.org,1986,3,9,OYN-14,96.53,38(096)55-72-474
Костянтин,Білоус,kostyantyn.bilous3@student.org,1975,5,26,BXV-10,44.85,38(068)36-68-547
Алла,Гайдук,alla.hayduk4@student.org,1987,8,22,OIO-66,4.08,38(066)61-65-765
Ігор,Руденко,ihor.rudenko3@student.org,1981,9,11,UXN-48,14.93,38(067)11-49-911
Анна,Коваленко,anna.kovalenko1@student.org,2006,6,26,IRS-63,54.43,38(096)96-17-641
Світлана,Авраменко,svitlana.avramenko@student.org,1953,1,30,QJC-98,8.91,38(066)39-57-212
Іван,Василенко,ivan.vasylenko5@student.org,1953,8,7,JUN-56,5.71,38(099)85-24-526
Станіслав,Гайдук,stanislav.hayduk3@student.org,1960,8,3,DPJ-44,41.2,38(095)95-60-605
Раїса,Козлов,rayisa.kozlov4@student.org,2001,7,18,PTT-54,63.67,38(096)11-51-627
Михайло,Никоненко,mykhaylo.nykonenko3@student.org,1969,8,22,RON-95,86.75,38(098)85-15-779
Василь,Захарченко,vasyl.zakharchenko3@student.org,1959,4,6,QMZ-96,98.51,38(095)70-17-713
Олеся,Макаренко,olesya.makarenko9@student.org,2000,8,24,JTF-24,96.32,38(093)81-62-348
Раїса,Новік,rayisa.novik1@student.org,1953,3,9,LUZ-90,80.19,38(073)72-93-311
Максим,Петренко,maksym.petrenko7@student.org,2005,7,16,NRK-76,13.76,38(099)51-53-682
Алла,Гайдук,alla.hayduk5@student.org,1981,3,29,DMM-54,53.22,38(093)73-36-983
Галина,Кузьменко,halyna.kuzmenko1@student.org,1996,3,16,PTY-23,1.94,38(067)64-68-567
Євгенія,Панченко,yevheniya.panchenko@student.org,2010,3,21,XWS-61,39.51,38(066)70-31-254
Станіслав,Савченко,stanislav.savchenko4@student.org,1981,6,30,NGG-22,36.08,38(099)91-40-392
Сергій,Скрипка,serhiy.skrypka3@student.org,1990,5,11,ICG-54,27.92,38(063)50-42-482
Наталія,Шаповал,nataliya.shapoval1@student.org,1993,3,17,XLH-40,91.66,38(063)93-97-378
Іван,Рибак,ivan.rybak4@student.org,1988,1,20,XZW-68,52.63,38(063)61-94-350
Євгенія,Гайдук,yevheniya.hayduk4@student.org,1963,8,24,SXB-85,93.59,38(067)15-23-166
Дмитро,Стельмах,dmytro.stelmakh8@student.org,2005,9,17,IAP-12,84.92,38(097)60-13-859
Роман,Гончаренко,roman.honcharenko9@student.org,1961,9,25,UHB-87,14.88,38(096)82-33-591
Станіслав,Макаренко,stanislav.makarenko5@student.org,1988,8,20,THD-37,27.04,38(073)34-85-498
Лариса,Авраменко,larysa.avramenko2@student.org,2007,6,16,VPL-53,12.74,38(095)86-25-843
Костянтин,Білоус,kostyantyn.bilous4@student.org,1984,6,13,OUP-47,2.78,38(063)80-39-791
Роман,Поліщук,roman.polishchuk6@student.org,1970,7,18,IRP-89,76.89,38(063)75-63-707
Роман,Білоус,roman.bilous11@student.org,2005,3,8,XQO-19,81.71,38(098)60-43-720
Максим,Ковальчук,maksym.kovalchuk3@student.org,1961,11,14,QPP-31,26.19,38(063)37-54-147
Галина,Новік,halyna.novik5@student.org,2004,3,4,NLB-26,89.78,38(067)35-12-422
Дмитро,Кравченко,dmytro.kravchenko5@student.org,1950,11,13,WPJ-81,87.11,38(093)57-70-468
Володимир,Коваленко,volodymyr.kovalenko4@student.org,1973,12,3,PHK-87,86.99,38(068)44-75-879
Юрій,Дорошенко,yuriy.doroshenko2@student.org,1964,9,1,PRZ-76,57.6,38(067)43-55-141
Віталій,Коваленко,vitaliy.kovalenko6@student.org,1976,3,13,WQK-52,98.86,38(093)65-34-197
Людмила,Руденко,lyudmyla.rudenko2@student.org,1981,4,4,MBK-45,94.95,38(067)31-60-719
Вікторія,Цимбал,viktoriya.tsymbal6@student.org,1955,11,8,YDC-75,45.35,38(095)44-51-990
Віталій,Гладко,vitaliy.hladko3@student.org,1992,11,13,AKQ-58,25.35,38(093)11-34-291
Григорій,Михайленко,hryhoriy.mykhaylenko4@student.org,1956,4,19,GHD-61,56.0,38(093)97-62-552
Олександр,Король,oleksandr.korol3@student.org,1992,11,17,FEL-12,75.12,38(067)97-93-695
Лариса,Коваль,larysa.koval5@student.org,1992,9,19,WWO-20,25.26,38(098)81-17-653
Ігор,Білоус,ihor.bilous2@student.org,1966,11,30,KMT-75,3.98,38(098)32-93-996
Юлія,Гордієнко,yuliya.hordiyenko7@student.org,1955,4,19,OAJ-53,74.71,38(095)85-10-303
Станіслав,Кравченко,stanislav.kravchenko2@student.org,1956,4,4,UUO-24,57.95,38(066)87-26-810
Раїса,Рибак,rayisa.rybak7@student.org,1962,3,30,SVB-30,99.46,38(063)51-23-264
Василь,Іваненко,vasyl.ivanenko1@student.org,1984,7,27,AQB-56,60.62,38(063)53-42-235
Ганна,Гордієнко,hanna.hordiyenko5@student.org,1987,11,15,AFT-23,9.28,38(098)47-78-302
Ярослав,Коваленко,yaroslav.kovalenko6@student.org,1976,6,13,MQF-27,55.91,38(050)60-66-415
Тарас,Поліщук,taras.polishchuk2@student.org,1985,4,27,OPX-67,72.98,38(073)35-59-435
Лариса,Дорошенко,larysa.doroshenko5@student.org,2006,2,13,SEE-82,46.0,38(095)86-48-615
Оксана,Козлов,oksana.kozlov3@student.org,1957,12,12,GGI-76,46.68,38(093)91-62-678
Валентина,Петренко,valentyna.petrenko5@student.org,1992,9,29,GJT-56,60.95,38(066)36-65-531
Іван,Кузьменко,ivan.kuzmenko2@student.org,1952,12,23,YWU-86,96.83,38(066)19-50-307
Петро,Гриценко,petro.hrytsenko5@student.org,1952,6,13,BZC-44,95.34,38(096)33-59-212
Олександр,Василенко,oleksandr.vasylenko2@student.org,1979,9,3,DMW-46,18.65,38(099)57-54-136
Світлана,Савченко,svitlana.savchenko4@student.org,1969,8,25,GDH-83,31.81,38(096)85-25-750
Інна,Панченко,inna.panchenko6@student.org,2005,3,11,AXW-55,41.39,38(050)84-65-829
Любов,Гайдук,lyubov.hayduk6@student.org,1982,2,14,AEM-92,21.41,38(073)61-96-343
Дмитро,Никоненко,dmytro.nykonenko3@student.org,1990,12,16,NMD-82,31.75,38(098)71-11-114
Валентина,Дорошенко,valentyna.doroshenko3@student.org,1995,4,15,ROX-78,13.53,38(066)30-53-917
Артем,Романенко,artem.romanenko3@student.org,1982,3,4,MFJ-28,52.98,38(068)64-70-608
Інна,Макаренко,inna.makarenko5@student.org,1965,8,14,LEL-81,6.24,38(097)74-16-411
Олеся,Кравченко,olesya.kravchenko4@student.org,1955,7,18,GGQ-33,15.91,38(097)26-91-861
Роман,Павленко,roman.pavlenko7@student.org,1961,11,1,QIO-66,38.34,38(099)63-98-846
Юрій,Мельник,yuriy.melnyk3@student.org,2001,9,5,XKB-28,28.78,38(096)22-33-379
Максим,Скрипка,maksym.skrypka@student.org,2008,8,11,OME-75,76.05,38(066)34-16-300
Ірина,Гордієнко,iryna.hordiyenko1@student.org,1954,4,6,SRN-23,20.46,38(095)18-84-737
Раїса,Козлов,rayisa.kozlov5@student.org,1969,3,6,IRJ-91,30.59,38(068)75-54-499
Наталія,Марченко,nataliya.marchenko@student.org,1992,10,18,DBF-17,99.73,38(098)21-22-325
Ярослав,Шевченко,yaroslav.shevchenko5@student.org,1976,9,9,IAU-55,5.09,38(096)23-92-179
Ірина,Костенко,iryna.kostenko1@student.org,2007,6,21,GTU-63,5.84,38(063)40-21-138
Роман,Король,roman.korol8@student.org,1988,6,7,LXL-98,77.47,38(098)13-80-202
Галина,Кравченко,halyna.kravchenko3@student.org,2008,3,7,MPT-62,21.42,38(073)32-52-717
Іван,Гордієнко,ivan.hordiyenko4@student.org,1986,5,13,POD-91,98.91,38(068)72-36-697
Анна,Бойко,anna.boyko3@student.org,1972,1,4,OSF-18,89.68,38(095)28-19-596
Анна,Петренко,anna.petrenko5@student.org,2000,4,1,OSH-85,52.51,38(066)92-14-817
Олена,Кузьменко,olena.kuzmenko4@student.org,1965,9,15,RMB-63,56.62,38(066)13-40-902
Остап,Мельник,ostap.melnyk7@student.org,1957,5,15,ADF-88,13.0,38(096)59-82-520
Олена,Рибак,olena.rybak3@student.org,1967,9,25,HBF-60,21.79,38(063)26-35-554
Любов,Гордієнко,lyubov.hordiyenko1@student.org,1970,6,8,KAD-54,68.04,38(050)29-96-379
Марія,Романенко,mariya.romanenko4@student.org,1965,1,12,AXD-96,93.84,38(093)76-74-982
Лілія,Ковальчук,liliya.kovalchuk4@student.org,1986,1,30,PGA-94,49.94,38(097)77-24-736
Павло,Шаповал,pavlo.shapoval3@student.org,1990,3,3,VJA-95,89.02,38(063)68-94-441
Іван,Павленко,ivan.pavlenko2@student.org,1964,8,12,QSU-92,11.76,38(073)88-22-883
Олеся,Гайдук,olesya.hayduk3@student.org,1986,1,4,ZYY-21,47.78,38(068)24-65-860
Федір,Іваненко,fedir.ivanenko3@student.org,2009,11,28,BLG-29,94.39,38(068)32-67-677
Володимир,Шевченко,volodymyr.shevchenko4@student.org,2005,2,1,KQI-14,96.17,38(066)64-41-681
Роман,Коваль,roman.koval14@student.org,1976,3,7,AYP-50,34.44,38(099)59-37-932
Юлія,Гриценко,yuliya.hrytsenko4@student.org,1995,11,10,BDU-11,9.18,38(050)56-87-239
Катерина,Гончаренко,kateryna.honcharenko4@student.org,1978,6,11,LTH-56,73.35,38(096)69-65-844
Любов,Руденко,lyubov.rudenko2@student.org,1962,11,24,HPV-40,2.69,38(068)77-80-261
Ярослав,Гайдук,yaroslav.hayduk3@student.org,1954,2,13,FNL-46,64.21,38(068)74-12-238
Григорій,Ковальчук,hryhoriy.kovalchuk5@student.org,1954,9,19,EVP-88,80.18,38(093)42-34-209
Євгенія,Новік,yevheniya.novik2@student.org,1987,5,29,XZK-58,76.95,38(066)35-52-923
Остап,Панченко,ostap.panchenko2@student.org,1981,12,7,TCQ-17,10.13,38(095)22-49-994
Артем,Шевчук,artem.shevchuk3@student.org,1982,4,9,NBX-63,80.05,38(096)40-83-876
Анна,Гайдук,anna.hayduk2@student.org,1958,10,1,PSO-80,46.66,38(063)52-40-263
Василь,Левченко,vasyl.levchenko2@student.org,1950,10,31,VAP-36,60.19,38(068)24-58-612
Євгенія,Марченко,yevheniya.marchenko5@student.org,1995,8,29,HZJ-42,44.69,38(098)91-71-955
Вера,Михайленко,vera.mykhaylenko1@student.org,2000,11,1,GET-69,38.53,38(067)22-45-124
Костянтин,Гордієнко,kostyantyn.hordiyenko3@student.org,1968,4,26,VJP-18,84.14,38(093)22-64-831
Максим,Ткаченко,maksym.tkachenko5@student.org,2005,9,17,SRN-23,81.23,38(095)52-71-682
Ганна,Марченко,hanna.marchenko2@student.org,1994,8,23,PGT-58,22.43,38(095)98-44-783
Василь,Марченко,vasyl.marchenko1@student.org,1994,6,12,IUI-63,91.61,38(067)80-90-876
Денис,Кравченко,denys.kravchenko2@student.org,2001,1,21,ACX-46,2.28,38(099)12-45-832
Костянтин,Рибак,kostyantyn.rybak1@student.org,1950,8,22,QWC-99,97.11,38(068)53-23-691
Алла,Дорошенко,alla.doroshenko2@student.org,1975,7,26,AIG-61,89.12,38(097)60-38-590
Світлана,Бойко,svitlana.boyko3@student.org,1986,9,28,PDJ-89,72.7,38(073)39-94-266
Андрій,Гончаренко,andriy.honcharenko1@student.org,1974,1,25,OTJ-88,12.09,38(097)71-91-206
Вера,Шевчук,vera.shevchuk4@student.org,1962,12,21,WJO-78,48.81,38(095)12-54-297
Іван,Гладко,ivan.hladko6@student.org,1986,3,18,CNR-35,67.82,38(067)92-12-839
Тарас,Гладко,taras.hladko6@student.org,1966,8,28,ODW-73,53.42,38(096)65-51-929
Олена,Левченко,olena.levchenko1@student.org,1972,6,8,LLO-67,14.57,38(073)87-36-760
Тетяна,Михайленко,tetyana.mykhaylenko1@student.org,1965,1,5,JTH-11,57.71,38(097)54-64-676
Ігор,Марченко,ihor.marchenko3@student.org,1973,11,2,LFW-94,7.25,38(068)94-60-645
Галина,Гончаренко,halyna.honcharenko5@student.org,1983,8,10,RFT-85,64.57,38(099)26-97-168
Павло,Панченко,pavlo.panchenko3@student.org,1968,1,6,NRP-52,11.16,38(097)47-86-433
Людмила,Коваленко,lyudmyla.kovalenko1@student.org,1973,3,12,AKT-68,46.76,38(096)54-45-557
Любов,Коваленко,lyubov.kovalenko4@student.org,2009,2,1,WLZ-62,33.84,38(098)64-53-772
Олександр,Гайдук,oleksandr.hayduk5@student.org,1983,11,19,RLR-18,71.72,38(096)65-63-985
Вікторія,Рибак,viktoriya.rybak6@student.org,1989,9,19,QNL-32,65.51,38(066)27-60-244
Тетяна,Цимбал,tetyana.tsymbal3@student.org,1952,2,24,QFH-73,76.26,38(095)61-81-884
Надія,Захарченко,nadiya.zakharchenko4@student.org,2010,1,20,RQG-36,46.97,38(098)82-18-613
Марія,Лисенко,mariya.lysenko2@student.org,1975,9,18,HEH-65,36.62,38(073)23-32-643
Віталій,Коваль,vitaliy.koval5@student.org,1988,11,8,XIS-37,16.98,38(096)22-58-449
Роман,Авраменко,roman.avramenko11@student.org,2005,11,29,JUP-79,64.15,38(095)57-18-743
Оксана,Ткаченко,oksana.tkachenko5@student.org,2006,9,11,KDP-68,66.09,38(095)78-55-848
Денис,Цимбал,denys.tsymbal5@student.org,1953,11,2,OOD-97,93.08,38(098)73-72-852
Роман,Поліщук,roman.polishchuk7@student.org,1959,1,4,RHE-83,48.38,38(099)91-28-737
Богдан,Захарченко,bohdan.zakharchenko2@student.org,1956,4,18,SGI-95,22.63,38(068)85-67-929
Костянтин,Шаповал,kostyantyn.shapoval3@student.org,1963,10,23,KBM-61,19.7,38(099)12-45-672
Олександр,Кравченко,oleksandr.kravchenko1@student.org,1957,11,1,ZSU-66,37.37,38(097)12-85-247
Павло,Коваленко,pavlo.kovalenko5@student.org,2000,2,6,ZSZ-74,1.11,38(097)15-38-115
Ігор,Лебедь,ihor.lebed1@student.org,1996,3,22,KIS-34,32.5,38(066)11-33-753
Олена,Кузьменко,olena.kuzmenko5@student.org,1963,12,11,IGX-29,62.8,38(067)74-83-142
Дмитро,Панченко,dmytro.panchenko2@student.org,1951,7,23,ZWL-22,71.86,38(068)31-20-236
Григорій,Савченко,hryhoriy.savchenko3@student.org,2006,9,4,GPH-85,89.2,38(093)24-95-249
Артем,Павленко,artem.pavlenko4@student.org,1992,11,5,TTG-98,19.15,38(063)14-99-446
Михайло,Новік,mykhaylo.novik2@student.org,1998,7,17,HEK-28,10.89,38(068)77-80-482
Інна,Захарченко,inna.zakharchenko1@student.org,1979,10,6,ZQZ-30,64.59,38(097)84-11-932
Дмитро,Демченко,dmytro.demchenko4@student.org,1979,10,14,EWG-61,20.15,38(093)80-66-598
Вікторія,Рибак,viktoriya.rybak7@student.org,1961,2,12,LEL-81,16.44,38(073)41-26-620
Роман,Поліщук,roman.polishchuk8@student.org,1974,7,9,TLB-67,32.59,38(097)11-65-702
Віталій,Василенко,vitaliy.vasylenko4@student.org,1998,6,15,FKA-38,10.87,38(068)76-27-337
Наталія,Василенко,nataliya.vasylenko4@student.org,1961,3,13,AIK-11,78.99,38(095)10-23-450
Денис,Скрипка,denys.skrypka2@student.org,1980,12,28,RPZ-15,26.56,38(068)11-84-394
Віталій,Гладко,vitaliy.hladko4@student.org,1995,12,21,LOC-45,69.69,38(066)33-14-227
Денис,Козлов,denys.kozlov4@student.org,1950,4,15,UXC-13,54.94,38(098)93-19-693
Світлана,Цимбал,svitlana.tsymbal3@student.org,2007,3,5,ADY-59,97.44,38(095)29-40-445
Інна,Петренко,inna.petrenko2@student.org,1976,1,26,HDZ-60,12.27,38(095)99-17-984
Алла,Гордієнко,alla.hordiyenko2@student.org,1970,4,7,CPQ-53,84.1,38(067)31-46-147
Надія,Іваненко,nadiya.ivanenko@student.org,2005,3,9,FDO-98,38.76,38(068)40-68-769
Юлія,Авраменко,yuliya.avramenko4@student.org,2007,10,27,RXR-62,5.67,38(096)49-40-715
Світлана,Дорошенко,svitlana.doroshenko3@student.org,1979,7,17,ZIZ-11,6.9,38(073)35-11-718
Тарас,Захарченко,taras.zakharchenko2@student.org,1971,1,22,ITA-23,49.38,38(093)78-40-318
Галина,Лебедь,halyna.lebed2@student.org,1988,12,27,DAY-75,74.15,38(050)43-41-611
Тарас,Макаренко,taras.makarenko4@student.org,1951,6,5,WJO-78,31.46,38(099)35-53-255
Лілія,Руденко,liliya.rudenko5@student.org,1984,2,19,QYI-41,33.7,38(097)41-14-950
Василь,Руденко,vasyl.rudenko5@student.org,1980,9,9,SGE-81,61.68,38(096)78-68-551
Інна,Марченко,inna.marchenko3@student.org,1968,12,7,QSA-67,5.79,38(067)41-80-800
Сергій,Коваленко,serhiy.kovalenko4@student.org,2004,1,20,BCD-32,40.05,38(050)95-52-301
Ігор,Стельмах,ihor.stelmakh4@student.org,2003,8,18,HEG-68,75.33,38(066)23-75-117
Костянтин,Лебедь,kostyantyn.lebed4@student.org,1994,2,16,UGG-87,61.97,38(066)66-68-809
Богдан,Авраменко,bohdan.avramenko2@student.org,1950,3,11,WLT-17,27.27,38(096)11-58-935
Богдан,Мельник,bohdan.melnyk3@student.org,1967,1,14,MQE-76,47.95,38(096)28-79-626
Денис,Левченко,denys.levchenko3@student.org,2002,2,28,RHR-46,39.16,38(063)42-30-203
Юрій,Никоненко,yuriy.nykonenko2@student.org,1986,6,1,CSM-73,92.34,38(097)52-41-912
Надія,Василенко,nadiya.vasylenko2@student.org,1953,1,27,YDF-37,61.99,38(073)33-64-209
Юлія,Захарченко,yuliya.zakharchenko1@student.org,1983,3,11,MUQ-59,39.53,38(050)39-87-883
Марія,Бойко,mariya.boyko4@student.org,1967,8,10,YAA-85,35.48,38(068)65-30-179
Станіслав,Скрипка,stanislav.skrypka1@student.org,1995,10,19,NVR-96,19.04,38(096)77-74-630
Остап,Василенко,ostap.vasylenko3@student.org,1974,3,9,LFP-41,19.36,38(063)99-75-625
Ярослав,Кравченко,yaroslav.kravchenko2@student.org,1978,8,11,FJU-86,58.25,38(050)52-79-125
Василь,Іваненко,vasyl.ivanenko2@student.org,1961,12,16,XFJ-51,78.34,38(063)49-34-451
Федір,Цимбал,fedir.tsymbal3@student.org,1958,8,25,GPN-15,20.85,38(073)98-92-839
Галина,Омельченко,halyna.omelchenko3@student.org,1996,11,8,YPB-59,91.13,38(093)69-47-888
Лариса,Омельченко,larysa.omelchenko@student.org,1966,6,5,PCD-39,13.92,38(073)88-59-583
Іван,Бойко,ivan.boyko3@student.org,1963,11,18,XFQ-74,57.62,38(099)74-76-863
Ганна,Авраменко,hanna.avramenko3@student.org,1958,6,19,ECI-15,91.52,38(063)99-59-353
Віталій,Гладко,vitaliy.hladko5@student.org,1962,1,26,OZC-19,37.83,38(067)89-53-805
Тарас,Ковальчук,taras.kovalchuk6@student.org,1962,3,13,DZP-49,56.76,38(063)64-72-913
Тарас,Шевчук,taras.shevchuk3@student.org,1968,7,7,AIZ-80,99.73,38(098)20-78-183
Роман,Марченко,roman.marchenko10@student.org,1997,7,2,YIV-55,64.72,38(073)99-74-951
Алла,Павленко,alla.pavlenko2@student.org,1995,6,4,JBZ-52,97.14,38(063)24-90-696
Віктор,Марченко,viktor.marchenko3@student.org,2009,9,18,WBY-69,51.08,38(098)76-36-574
Петро,Шевчук,petro.shevchuk4@student.org,1962,2,10,UCG-83,75.13,38(096)80-74-136
Оксана,Михайленко,oksana.mykhaylenko1@student.org,1997,12,4,VNJ-35,56.52,38(066)62-35-349
Федір,Левченко,fedir.levchenko4@student.org,1987,1,12,FND-88,81.98,38(097)74-31-888
Петро,Гайдук,petro.hayduk2@student.org,1960,10,17,EOY-58,82.85,38(073)85-42-957
Костянтин,Демченко,kostyantyn.demchenko2@student.org,1984,3,8,FWV-39,66.01,38(068)46-32-552
Марія,Мельник,mariya.melnyk5@student.org,2010,3,21,WBQ-25,62.63,38(099)51-92-547
Петро,Василенко,petro.vasylenko1@student.org,2000,5,31,DUL-34,93.25,38(063)54-79-397
Наталія,Марченко,nataliya.marchenko1@student.org,1996,2,11,JIJ-57,27.44,38(097)75-62-698
Валентина,Гайдук,valentyna.hayduk2@student.org,1952,11,18,RHB-17,8.93,38(067)47-50-731
Надія,Ковальчук,nadiya.kovalchuk1@student.org,1988,3,25,LPG-31,0.98,38(063)35-55-675
Ярослав,Коваль,yaroslav.koval1@student.org,2010,2,11,MWV-16,97.19,38(095)30-79-110
Катерина,Король,kateryna.korol1@student.org,1991,12,24,EAJ-77,30.31,38(098)90-98-816
Віталій,Скрипка,vitaliy.skrypka3@student.org,2008,8,2,KJV-15,89.59,38(098)55-30-487
Денис,Бойко,denys.boyko5@student.org,1995,1,25,ARZ-63,33.4,38(067)62-97-246
Максим,Шевченко,maksym.shevchenko4@student.org,1972,4,20,NWW-68,72.11,38(073)76-47-646
Денис,Козлов,denys.kozlov5@student.org,1994,2,14,TGX-46,82.3,38(098)95-25-754
Дмитро,Козлов,dmytro.kozlov4@student.org,2009,6,25,NTK-95,68.94,38(097)79-35-145
Лариса,Бойко,larysa.boyko5@student.org,1959,1,17,WMG-91,63.14,38(096)21-37-198
Катерина,Романенко,kateryna.romanenko3@student.org,1980,5,18,RKU-38,38.07,38(067)45-26-981
Віктор,Зайцев,viktor.zaytsev@student.org,1958,9,20,HEG-68,17.44,38(063)74-37-554
Станіслав,Костенко,stanislav.kostenko2@student.org,1966,6,4,BXD-48,99.2,38(098)83-75-925
Тарас,Коваль,taras.koval2@student.org,2008,8,16,GOZ-17,29.13,38(096)62-51-869
Вера,Іваненко,vera.ivanenko5@student.org,2003,11,14,DWJ-41,61.34,38(067)94-10-206
Марія,Демченко,mariya.demchenko6@student.org,1957,8,10,AQL-55,43.93,38(098)33-87-905
Станіслав,Козлов,stanislav.kozlov1@student.org,1967,9,14,UQW-56,76.91,38(098)58-34-890
Остап,Марченко,ostap.marchenko3@student.org,1980,1,22,ISV-28,83.93,38(073)65-69-244
Дмитро,Никоненко,dmytro.nykonenko4@student.org,1997,4,30,BMK-84,8.34,38(099)24-73-173
Михайло,Рибак,mykhaylo.rybak5@student.org,2010,3,2,JTW-97,51.32,38(097)16-94-375
Володимир,Панченко,volodymyr.panchenko1@student.org,1996,4,24,EZK-19,1.7,38(050)23-87-465
Костянтин,Білоус,kostyantyn.bilous5@student.org,1999,12,19,FDW-31,66.11,38(063)43-86-132
Лариса,Гладко,larysa.hladko6@student.org,1956,9,16,GPJ-34,0.88,38(096)98-46-748
Надія,Макаренко,nadiya.makarenko2@student.org,1957,2,13,UCH-20,85.7,38(098)10-94-344
Алла,Гриценко,alla.hrytsenko3@student.org,1954,9,27,DRU-57,19.07,38(093)55-46-390
Євгенія,Гладко,yevheniya.hladko9@student.org,1974,5,27,UKC-88,69.06,38(096)67-33-156
Володимир,Коваленко,volodymyr.kovalenko5@student.org,1981,3,3,MFJ-28,63.86,38(095)62-64-655
Олександр,Шевчук,oleksandr.shevchuk4@student.org,2005,3,13,MVS-14,9.59,38(096)64-18-568
Оксана,Коваленко,oksana.kovalenko5@student.org,1983,3,8,KJS-78,48.72,38(093)38-40-255
Наталія,Демченко,nataliya.demchenko6@student.org,1976,1,6,BYM-54,52.0,38(068)73-95-414
Роман,Цимбал,roman.tsymbal8@student.org,2005,5,25,QMF-40,96.92,38(099)48-20-534
Марія,Марченко,mariya.marchenko3@student.org,1988,8,2,GFE-15,40.21,38(098)25-75-929
Анна,Петренко,anna.petrenko6@student.org,1959,7,2,FOR-58,0.13,38(066)54-51-843
Анна,Петренко,anna.petrenko7@student.org,2005,11,13,VRK-91,36.62,38(098)14-69-790
Людмила,Ткаченко,lyudmyla.tkachenko2@student.org,1989,4,15,NCH-24,42.85,38(097)65-56-190
Марія,Омельченко,mariya.omelchenko9@student.org,2010,8,21,UVR-69,96.45,38(050)73-26-165
Інна,Зайцев,inna.zaytsev2@student.org,2003,12,21,HWA-38,92.44,38(067)39-17-679
Роман,Василенко,roman.vasylenko8@student.org,1995,12,10,PMN-41,50.6,38(098)23-94-493
Валентина,Михайленко,valentyna.mykhaylenko4@student.org,1976,5,3,DNN-30,47.03,38(093)17-14-365
Артем,Панченко,artem.panchenko4@student.org,1984,1,18,XLT-28,55.46,38(066)68-23-640
Галина,Гладко,halyna.hladko5@student.org,1984,7,14,BWV-10,13.78,38(097)91-29-386
Галина,Петренко,halyna.petrenko1@student.org,1994,3,1,XTY-33,68.93,38(068)81-69-589
Наталія,Скрипка,nataliya.skrypka3@student.org,1983,5,27,JKA-71,17.4,38(067)87-48-480
Богдан,Шевчук,bohdan.shevchuk3@student.org,1952,1,31,GCU-67,0.98,38(098)45-67-635
Дмитро,Никоненко,dmytro.nykonenko5@student.org,1971,6,19,DFR-40,3.22,38(063)97-77-309
Дмитро,Ковальчук,dmytro.kovalchuk1@student.org,2001,9,21,AGO-30,21.89,38(066)94-54-110
Катерина,Гончаренко,kateryna.honcharenko5@student.org,1980,9,26,RFV-22,3.02,38(096)42-93-881
Тарас,Василенко,taras.vasylenko5@student.org,1984,11,17,AMM-19,7.77,38(098)48-15-379
Віктор,Король,viktor.korol4@student.org,1997,4,2,VXV-83,62.66,38(073)80-97-789
Юлія,Василенко,yuliya.vasylenko6@student.org,1970,5,16,IIJ-75,88.44,38(073)40-65-360
Олександр,Марченко,oleksandr.marchenko3@student.org,1965,1,25,EHV-35,50.48,38(097)18-25-828
Анна,Авраменко,anna.avramenko5@student.org,2007,12,9,EVC-88,60.82,38(066)87-59-275
Лілія,Руденко,liliya.rudenko6@student.org,1965,9,1,GSW-97,50.68,38(098)54-93-297
Олена,Новік,olena.novik4@student.org,1977,9,14,UGV-63,11.16,38(063)45-69-599
Андрій,Демченко,andriy.demchenko4@student.org,1956,4,17,OGO-76,52.19,38(063)15-85-360
Петро,Рибак,petro.rybak2@student.org,1960,9,13,LWJ-31,26.9,38(050)78-47-425
Федір,Коваленко,fedir.kovalenko1@student.org,1971,3,21,KGT-17,58.37,38(098)11-78-869
Вера,Гайдук,vera.hayduk1@student.org,1992,10,6,BMK-62,25.87,38(098)72-44-401
Денис,Литвин,denys.lytvyn3@student.org,1972,9,3,ZAC-45,93.08,38(099)79-38-296
Григорій,Мельник,hryhoriy.melnyk5@student.org,1989,4,21,ZYA-14,80.82,38(098)34-36-109
Остап,Авраменко,ostap.avramenko6@student.org,2008,6,4,RQG-63,43.45,38(095)27-30-874
Андрій,Захарченко,andriy.zakharchenko4@student.org,1986,11,11,HHF-56,99.59,38(068)86-27-540
Василь,Гайдук,vasyl.hayduk@student.org,1967,11,26,LPL-23,85.65,38(066)97-80-519
Федір,Василенко,fedir.vasylenko6@student.org,1958,4,9,OMJ-33,97.71,38(068)25-65-361
Іван,Рибак,ivan.rybak5@student.org,1965,9,21,LZM-73,23.93,38(068)84-17-173
Наталія,Поліщук,nataliya.polishchuk3@student.org,1952,9,15,KMM-78,49.54,38(096)13-34-829
Раїса,Романенко,rayisa.romanenko2@student.org,1969,10,6,QMV-85,15.16,38(095)92-42-829
Тетяна,Панченко,tetyana.panchenko4@student.org,1972,5,18,USN-47,87.51,38(073)38-50-766
Василь,Демченко,vasyl.demchenko3@student.org,1950,7,25,PAY-48,29.93,38(093)65-16-839
Вікторія,Гриценко,viktoriya.hrytsenko3@student.org,1974,6,6,OUX-85,40.28,38(073)12-76-896
Артем,Ковальчук,artem.kovalchuk5@student.org,1950,10,5,VVC-95,52.71,38(068)68-51-442
Олеся,Цимбал,olesya.tsymbal2@student.org,2006,8,31,QMK-41,0.89,38(098)99-53-133
Віктор,Рибак,viktor.rybak2@student.org,1976,10,20,GIR-20,33.81,38(068)32-57-592
Юлія,Зайцев,yuliya.zaytsev4@student.org,2001,1,26,AYM-37,26.99,38(066)29-70-210
Ганна,Захарченко,hanna.zakharchenko1@student.org,1990,7,9,IRJ-91,54.68,38(099)53-92-615
Павло,Романенко,pavlo.romanenko5@student.org,1996,9,1,QCK-38,31.91,38(097)72-74-298
Олена,Коваль,olena.koval3@student.org,2001,9,1,VFV-82,70.62,38(073)55-98-574
Олеся,Никоненко,olesya.nykonenko3@student.org,2008,2,14,QUZ-22,25.63,38(095)39-16-221
Богдан,Цимбал,bohdan.tsymbal2@student.org,1951,6,16,JRK-55,46.28,38(093)53-81-720
Артем,Демченко,artem.demchenko4@student.org,1990,8,8,YQR-91,63.97,38(066)74-92-475
Василь,Бойко,vasyl.boyko6@student.org,1974,1,27,MYY-84,55.13,38(067)97-42-137
Катерина,Шевчук,kateryna.shevchuk3@student.org,1991,3,25,LQK-93,90.64,38(067)48-43-177
Максим,Михайленко,maksym.mykhaylenko4@student.org,1958,3,7,UTB-40,38.67,38(067)47-80-149
Юлія,Петренко,yuliya.petrenko4@student.org,1975,11,12,AEX-52,52.68,38(066)44-11-675
Григорій,Зайцев,hryhoriy.zaytsev3@student.org,2003,12,14,HNQ-75,47.95,38(063)38-75-925
Юлія,Поліщук,yuliya.polishchuk2@student.org,1984,5,6,POZ-58,13.22,38(095)17-12-778
Тарас,Гриценко,taras.hrytsenko3@student.org,1989,3,14,BWH-21,43.15,38(093)60-54-448
Богдан,Захарченко,bohdan.zakharchenko3@student.org,1961,10,22,ZHP-54,56.03,38(067)35-62-671
Людмила,Цимбал,lyudmyla.tsymbal2@student.org,1972,8,5,HOO-47,81.15,38(096)70-92-823
Петро,Литвин,petro.lytvyn3@student.org,1978,2,18,HHC-96,18.9,38(068)65-54-458
Роман,Коваль,roman.koval15@student.org,1957,2,15,GZB-82,67.8,38(073)77-33-410
Лілія,Гордієнко,liliya.hordiyenko3@student.org,1980,8,28,GPU-62,48.12,38(050)43-49-487
Катерина,Гайдук,kateryna.hayduk4@student.org,1999,12,4,UVH-18,48.24,38(066)25-56-712
Інна,Марченко,inna.marchenko4@student.org,2005,2,1,SZT-11,66.94,38(096)93-11-933
Костянтин,Ковальчук,kostyantyn.kovalchuk8@student.org,1961,6,20,IIY-69,71.54,38(066)64-40-284
Лілія,Бойко,liliya.boyko3@student.org,1956,6,11,KKU-30,17.45,38(067)49-47-622
Максим,Петренко,maksym.petrenko8@student.org,1998,6,8,ATH-53,64.44,38(063)59-29-435
Анна,Литвин,anna.lytvyn2@student.org,1996,7,10,SGP-10,12.41,38(050)31-77-475
Василь,Кузьменко,vasyl.kuzmenko4@student.org,1991,5,27,REU-86,58.05,38(097)61-78-172
Сергій,Павленко,serhiy.pavlenko5@student.org,2005,1,28,JHC-82,83.94,38(073)29-66-567
Павло,Демченко,pavlo.demchenko4@student.org,1982,9,11,KSP-30,64.13,38(093)62-99-757
Тарас,Дорошенко,taras.doroshenko3@student.org,1988,4,15,FHR-78,97.48,38(050)55-95-962
Надія,Лебедь,nadiya.lebed@student.org,1987,6,11,JWF-94,78.18,38(073)57-83-906
Валентина,Шевчук,valentyna.shevchuk3@student.org,1961,8,18,UUJ-94,6.45,38(050)47-49-937
Олеся,Омельченко,olesya.omelchenko7@student.org,1954,1,28,SZY-46,1.4,38(099)27-58-343
Тетяна,Гриценко,tetyana.hrytsenko2@student.org,1999,7,1,PFN-45,0.67,38(093)17-48-979
Олеся,Лисенко,olesya.lysenko3@student.org,2008,12,15,JZY-52,37.25,38(099)37-14-498
Артем,Захарченко,artem.zakharchenko5@student.org,1991,11,5,PBI-43,67.84,38(099)43-30-625
Денис,Никоненко,denys.nykonenko4@student.org,1966,9,27,RZJ-12,48.34,38(099)63-69-748
Наталія,Дорошенко,nataliya.doroshenko4@student.org,1990,9,13,BXK-98,55.95,38(098)58-70-999
Марія,Поліщук,mariya.polishchuk2@student.org,1986,7,3,YUV-88,61.63,38(096)89-93-902
Анна,Ковальчук,anna.kovalchuk5@student.org,1974,7,7,QXU-83,92.18,38(098)38-63-749
Лариса,Ткаченко,larysa.tkachenko3@student.org,2006,4,2,VHE-92,54.14,38(097)45-89-136
Григорій,Никоненко,hryhoriy.nykonenko4@student.org,1983,1,16,KNX-62,48.52,38(095)96-64-191
Вера,Іваненко,vera.ivanenko6@student.org,1982,4,17,NTH-87,10.7,38(063)87-94-338
Ярослав,Левченко,yaroslav.levchenko5@student.org,1982,2,3,CSG-45,13.87,38(098)69-38-806
Раїса,Василенко,rayisa.vasylenko2@student.org,1969,9,15,ZRZ-44,10.25,38(096)57-80-731
Олена,Гончаренко,olena.honcharenko4@student.org,2010,10,11,VNJ-46,12.37,38(096)65-98-225
Володимир,Омельченко,volodymyr.omelchenko3@student.org,1987,1,6,BEZ-96,14.94,38(063)72-71-414
Михайло,Білоус,mykhaylo.bilous2@student.org,2008,7,28,XZJ-69,85.6,38(093)96-41-363
Іван,Панченко,ivan.panchenko3@student.org,1953,4,24,OJE-51,26.67,38(093)53-23-990
Денис,Гладко,denys.hladko2@student.org,1985,2,9,TRP-38,53.32,38(096)11-12-157
Любов,Савченко,lyubov.savchenko2@student.org,1959,9,2,MKE-32,87.25,38(097)49-34-216
Павло,Козлов,pavlo.kozlov3@student.org,1996,8,29,IQF-84,61.3,38(099)60-72-481
Ігор,Кузьменко,ihor.kuzmenko5@student.org,1954,2,2,WRG-41,36.42,38(050)33-36-981
Сергій,Іваненко,serhiy.ivanenko7@student.org,2010,5,3,RMJ-25,58.16,38(097)47-65-838
Артем,Новік,artem.novik3@student.org,1994,11,18,KLQ-94,54.56,38(095)75-20-240
Світлана,Костенко,svitlana.kostenko2@student.org,1990,9,27,LIU-18,33.95,38(068)15-77-602
Денис,Петренко,denys.petrenko3@student.org,1950,1,9,XOX-32,69.05,38(063)79-26-782
Василь,Новік,vasyl.novik5@student.org,1983,12,7,ZQG-21,88.17,38(095)69-95-374
Віталій,Гончаренко,vitaliy.honcharenko2@student.org,2004,12,12,BNS-92,7.54,38(095)44-57-291
Іван,Гордієнко,ivan.hordiyenko5@student.org,1998,8,20,CYA-12,78.87,38(099)20-96-405
Ірина,Зайцев,iryna.zaytsev4@student.org,1958,7,21,ROR-90,43.81,38(098)58-60-268
Володимир,Білоус,volodymyr.bilous2@student.org,1970,4,24,ROX-78,53.74,38(099)95-77-722
Юлія,Гайдук,yuliya.hayduk4@student.org,1964,4,11,AAQ-98,97.36,38(067)32-72-386
Лілія,Іваненко,liliya.ivanenko4@student.org,1964,12,23,UYF-19,82.26,38(098)59-53-286
Ігор,Дорошенко,ihor.doroshenko5@student.org,1961,4,27,UFN-22,21.1,38(067)43-22-993
Лариса,Рибак,larysa.rybak2@student.org,2005,12,29,XZW-68,48.87,38(095)89-95-807
Галина,Шаповал,halyna.shapoval5@student.org,2001,8,1,AZR-37,5.8,38(096)97-21-115
Любов,Макаренко,lyubov.makarenko5@student.org,2007,9,22,GMQ-54,70.65,38(068)27-69-337
Тарас,Гайдук,taras.hayduk1@student.org,1988,2,9,FFP-58,74.82,38(093)12-27-647
Володимир,Василенко,volodymyr.vasylenko6@student.org,1952,9,12,UTH-26,39.7,38(095)70-45-732
Алла,Новік,alla.novik4@student.org,1965,4,22,UCM-25,89.15,38(096)10-84-499
Лариса,Ткаченко,larysa.tkachenko4@student.org,2006,7,24,PKC-90,82.25,38(073)19-24-319
Віталій,Кравченко,vitaliy.kravchenko7@student.org,1957,4,15,AQK-33,15.16,38(096)90-60-966
Остап,Макаренко,ostap.makarenko2@student.org,1997,11,15,AAQ-98,32.09,38(096)95-84-627
Ігор,Гладко,ihor.hladko5@student.org,1973,8,25,NKJ-58,28.08,38(096)51-29-361
Роман,Гриценко,roman.hrytsenko5@student.org,1996,7,18,GXJ-33,78.23,38(066)80-68-643
Ірина,Шевченко,iryna.shevchenko5@student.org,1960,3,7,GHZ-19,70.47,38(068)35-10-287
Іван,Павленко,ivan.pavlenko3@student.org,1966,5,20,PCB-54,94.98,38(093)61-56-458
Марія,Петренко,mariya.petrenko6@student.org,2002,5,25,JHR-95,80.08,38(050)88-59-334
Артем,Зайцев,artem.zaytsev6@student.org,2001,10,16,AOQ-79,49.98,38(066)34-32-748
Віталій,Шевчук,vitaliy.shevchuk3@student.org,2005,9,12,ZRG-21,99.66,38(067)97-11-925
Лариса,Гайдук,larysa.hayduk4@student.org,2008,12,28,PMT-82,40.05,38(066)83-25-754
Станіслав,Левченко,stanislav.levchenko8@student.org,1974,12,2,WGQ-95,37.21,38(068)49-60-384
Костянтин,Литвин,kostyantyn.lytvyn3@student.org,1970,2,16,QJK-91,19.7,38(067)21-93-332
Віктор,Петренко,viktor.petrenko2@student.org,2007,7,21,SYU-79,22.23,38(050)13-23-995
Юрій,Кравченко,yuriy.kravchenko3@student.org,1969,10,5,NRZ-94,90.72,38(063)96-18-171
Іван,Гончаренко,ivan.honcharenko@student.org,2003,5,17,HYH-48,11.84,38(095)28-98-900
Людмила,Козлов,lyudmyla.kozlov2@student.org,2001,11,24,JUO-44,59.81,38(095)60-49-682
Ігор,Цимбал,ihor.tsymbal3@student.org,1951,6,11,QMV-85,18.41,38(099)15-84-449
Олександр,Павленко,oleksandr.pavlenko4@student.org,1991,7,16,SKA-63,70.25,38(073)90-56-188
Тарас,Демченко,taras.demchenko2@student.org,1963,3,7,RIG-89,91.64,38(067)76-17-794
Ярослав,Авраменко,yaroslav.avramenko2@student.org,2009,4,17,PDJ-89,10.86,38(067)96-70-421
Іван,Гончаренко,ivan.honcharenko1@student.org,1956,2,26,ZYY-21,9.85,38(068)78-58-782
Павло,Демченко,pavlo.demchenko5@student.org,1957,3,10,FHR-78,46.77,38(068)29-26-615
Марія,Литвин,mariya.lytvyn4@student.org,1963,8,20,TFA-94,24.09,38(093)73-28-412
Галина,Цимбал,halyna.tsymbal2@student.org,1970,12,23,QRS-60,41.87,38(093)66-99-150
Дмитро,Зайцев,dmytro.zaytsev2@student.org,1959,3,3,EII-42,63.68,38(063)83-73-471
Віктор,Білоус,viktor.bilous3@student.org,1972,3,10,HCX-10,34.12,38(066)49-24-226
Григорій,Ковальчук,hryhoriy.kovalchuk6@student.org,1983,12,23,BWW-44,80.28,38(096)53-84-732
Юрій,Демченко,yuriy.demchenko4@student.org,2006,1,1,EWS-22,26.8,38(068)92-85-258
Катерина,Марченко,kateryna.marchenko5@student.org,1975,11,27,JHC-82,6.06,38(067)70-23-472
Юлія,Зайцев,yuliya.zaytsev5@student.org,1990,7,1,HFI-96,65.22,38(067)78-85-160
Людмила,Руденко,lyudmyla.rudenko3@student.org,1956,8,27,WCR-11,52.15,38(066)62-91-150
Максим,Гриценко,maksym.hrytsenko6@student.org,1964,8,8,JNO-79,21.32,38(066)69-66-893
Василь,Іваненко,vasyl.ivanenko3@student.org,1980,6,12,SJJ-12,15.29,38(099)74-27-925
Юрій,Петренко,yuriy.petrenko3@student.org,1981,5,22,FQA-61,46.03,38(093)66-28-692
Галина,Литвин,halyna.lytvyn6@student.org,2003,5,22,ELD-71,2.69,38(098)33-46-268
Петро,Коваленко,petro.kovalenko4@student.org,1990,7,13,RVP-22,21.05,38(098)68-87-276
Віталій,Гладко,vitaliy.hladko6@student.org,1983,10,4,CCJ-10,18.11,38(063)99-92-726
Іван,Савченко,ivan.savchenko5@student.org,1967,8,6,YVE-76,56.49,38(096)46-81-606
Андрій,Гордієнко,andriy.hordiyenko3@student.org,2005,4,20,IHQ-63,81.5,38(095)34-67-734
Вікторія,Стельмах,viktoriya.stelmakh1@student.org,1970,8,27,NBG-78,26.88,38(093)70-68-143
Дмитро,Стельмах,dmytro.stelmakh9@student.org,1966,1,27,JXG-42,7.27,38(073)78-82-921
Раїса,Шевченко,rayisa.shevchenko4@student.org,1958,5,26,UMH-94,6.68,38(097)90-73-953
Олеся,Рибак,olesya.rybak3@student.org,1996,4,15,HQN-61,44.95,38(096)13-81-846
Станіслав,Мельник,stanislav.melnyk6@student.org,2004,4,29,USN-47,64.78,38(068)50-91-238
Юрій,Макаренко,yuriy.makarenko2@student.org,1961,4,11,NSA-29,44.48,38(066)51-39-962
Михайло,Костенко,mykhaylo.kostenko5@student.org,1951,11,6,OPH-12,3.49,38(098)25-53-381
Максим,Омельченко,maksym.omelchenko2@student.org,1994,7,6,SZV-46,23.69,38(063)26-16-428
Ірина,Омельченко,iryna.omelchenko2@student.org,2004,11,4,PKJ-92,46.29,38(066)18-26-482
Любов,Іваненко,lyubov.ivanenko3@student.org,1962,4,13,TPG-79,25.55,38(097)26-43-807
Федір,Мельник,fedir.melnyk5@student.org,1964,2,26,LKP-65,75.61,38(097)16-25-107
Богдан,Захарченко,bohdan.zakharchenko4@student.org,1988,7,9,ZTN-88,34.1,38(073)95-98-953
Євгенія,Павленко,yevheniya.pavlenko@student.org,1982,7,19,RWL-70,34.26,38(099)14-40-673
Анна,Павленко,anna.pavlenko6@student.org,1991,8,1,UIF-76,83.18,38(067)50-13-965
Юрій,Романенко,yuriy.romanenko3@student.org,2001,2,20,GVH-91,75.37,38(093)32-38-785
Вікторія,Мельник,viktoriya.melnyk5@student.org,1960,5,25,GIP-79,82.04,38(098)30-86-718
Сергій,Гончаренко,serhiy.honcharenko5@student.org,1957,1,17,EBO-35,4.39,38(066)58-53-772
Павло,Романенко,pavlo.romanenko6@student.org,2009,9,28,GLQ-58,25.48,38(098)88-53-358
Юлія,Гриценко,yuliya.hrytsenko5@student.org,1967,11,28,VPL-53,81.69,38(096)74-11-995
Тарас,Левченко,taras.levchenko4@student.org,2006,2,6,WUN-96,8.73,38(095)46-12-977
Богдан,Левченко,bohdan.levchenko5@student.org,2001,4,16,QTP-13,93.66,38(073)12-91-443
Тетяна,Кузьменко,tetyana.kuzmenko3@student.org,2003,2,15,GPQ-92,34.47,38(067)65-22-477
Раїса,Демченко,rayisa.demchenko6@student.org,2001,10,4,FFU-21,48.25,38(068)43-80-379
Олена,Гончаренко,olena.honcharenko5@student.org,1989,12,18,IRA-71,31.36,38(093)35-69-263
Роман,Савченко,roman.savchenko9@student.org,1963,12,23,DBF-17,83.55,38(098)13-34-356
Людмила,Козлов,lyudmyla.kozlov3@student.org,1985,3,12,QTK-28,28.24,38(050)71-26-172
Остап,Новік,ostap.novik@student.org,1971,11,16,XWO-72,61.56,38(050)71-43-331
Роман,Рибак,roman.rybak11@student.org,1961,4,8,XTY-33,51.76,38(098)10-46-824
Лариса,Шевчук,larysa.shevchuk@student.org,1985,11,24,OMJ-29,82.7,38(050)64-43-803
Катерина,Лебедь,kateryna.lebed3@student.org,1967,8,22,FWA-35,26.58,38(096)29-57-372
Костянтин,Захарченко,kostyantyn.zakharchenko4@student.org,2002,4,27,GPQ-92,34.21,38(093)45-25-429
Віктор,Захарченко,viktor.zakharchenko2@student.org,1999,12,26,UVR-69,95.87,38(097)55-41-241
Андрій,Рибак,andriy.rybak1@student.org,2005,6,12,RYN-41,65.53,38(097)20-94-207
Петро,Стельмах,petro.stelmakh4@student.org,1979,5,25,GGI-68,13.85,38(066)17-20-624
Лариса,Король,larysa.korol4@student.org,1960,4,9,TJA-39,59.19,38(066)81-18-697
Дмитро,Скрипка,dmytro.skrypka2@student.org,1976,2,22,EQV-12,32.38,38(099)51-44-272
Михайло,Бойко,mykhaylo.boyko5@student.org,1973,6,10,QDA-23,50.88,38(050)70-28-938
Любов,Макаренко,lyubov.makarenko6@student.org,1982,7,1,KYA-34,44.03,38(068)14-95-186
Євгенія,Марченко,yevheniya.marchenko6@student.org,1951,4,25,AWJ-64,93.02,38(073)92-22-510
Любов,Гордієнко,lyubov.hordiyenko2@student.org,1953,6,7,MOL-29,63.12,38(095)21-38-270
Юлія,Рибак,yuliya.rybak5@student.org,1968,4,19,QCK-38,89.67,38(050)43-33-703
Олександр,Шевчук,oleksandr.shevchuk5@student.org,1977,5,22,VSC-21,75.64,38(093)62-20-767
Ганна,Гончаренко,hanna.honcharenko1@student.org,1956,3,27,VYA-27,72.3,38(066)36-92-497
Костянтин,Шевчук,kostyantyn.shevchuk4@student.org,1998,11,22,IHT-37,26.36,38(050)35-39-636
Марія,Гончаренко,mariya.honcharenko1@student.org,1952,8,29,VZL-52,16.06,38(068)65-42-687
Раїса,Шаповал,rayisa.shapoval3@student.org,2001,8,17,SAM-83,39.75,38(073)95-64-279
Іван,Петренко,ivan.petrenko1@student.org,2005,11,30,FGK-59,72.37,38(096)56-27-289
Дмитро,Литвин,dmytro.lytvyn7@student.org,1968,7,19,MDB-13,63.34,38(067)43-65-828
Євгенія,Дорошенко,yevheniya.doroshenko6@student.org,1974,2,16,AOV-43,85.15,38(095)39-43-200
Ярослав,Лисенко,yaroslav.lysenko4@student.org,1975,5,21,YSH-71,53.55,38(050)79-99-300
Інна,Дорошенко,inna.doroshenko4@student.org,1967,6,6,IXU-95,93.82,38(067)81-94-401
Раїса,Зайцев,rayisa.zaytsev6@student.org,1957,11,23,FYW-80,86.51,38(098)40-85-899
Інна,Козлов,inna.kozlov3@student.org,1956,9,3,RNW-85,36.01,38(063)12-52-856
Петро,Руденко,petro.rudenko2@student.org,1968,6,18,HEM-24,67.29,38(096)79-16-963
Оксана,Козлов,oksana.kozlov4@student.org,2002,3,25,RFI-89,79.96,38(050)57-80-199
Алла,Захарченко,alla.zakharchenko2@student.org,1996,4,15,IJJ-53,95.35,38(068)69-49-577
Любов,Козлов,lyubov.kozlov1@student.org,1964,12,8,KPG-93,1.74,38(063)78-95-917
Роман,Захарченко,roman.zakharchenko4@student.org,1983,8,27,XZQ-35,33.36,38(095)43-18-782
Костянтин,Литвин,kostyantyn.lytvyn4@student.org,1976,2,18,VJV-32,68.26,38(073)40-41-461
Артем,Романенко,artem.romanenko4@student.org,1991,7,16,XZK-58,39.69,38(095)23-45-288
Наталія,Романенко,nataliya.romanenko6@student.org,1977,4,3,SZQ-62,88.69,38(098)75-84-805
Юрій,Лебедь,yuriy.lebed2@student.org,2004,2,5,DEK-63,78.34,38(097)71-84-105
Алла,Михайленко,alla.mykhaylenko4@student.org,1958,11,12,SYT-74,89.17,38(067)19-46-394
Федір,Левченко,fedir.levchenko5@student.org,1997,12,25,AWK-54,24.28,38(066)54-58-290
Костянтин,Бойко,kostyantyn.boyko3@student.org,1957,7,11,BOO-93,92.23,38(073)57-37-152
Світлана,Авраменко,svitlana.avramenko1@student.org,1974,9,3,QDI-78,37.13,38(066)75-62-547
Юлія,Білоус,yuliya.bilous1@student.org,1976,1,4,EEV-38,95.72,38(096)52-93-582
Андрій,Ткаченко,andriy.tkachenko4@student.org,2008,3,6,HLB-66,96.93,38(068)12-66-444
Роман,Костенко,roman.kostenko7@student.org,1969,2,13,MBM-91,92.4,38(063)27-29-710
Тетяна,Козлов,tetyana.kozlov5@student.org,1961,7,8,UEF-21,49.85,38(096)97-75-202
Тарас,Никоненко,taras.nykonenko4@student.org,1982,10,1,FVW-14,13.92,38(097)22-45-339
Артем,Марченко,artem.marchenko7@student.org,1965,7,26,OBJ-92,50.61,38(067)41-22-595
Вера,Ковальчук,vera.kovalchuk3@student.org,1977,4,14,MYY-84,99.11,38(095)48-64-390
Лариса,Лебедь,larysa.lebed1@student.org,1986,3,13,LPD-56,54.05,38(073)83-37-866
Катерина,Коваль,kateryna.koval3@student.org,1951,5,16,SKG-95,1.01,38(095)37-90-552
Павло,Шевченко,pavlo.shevchenko6@student.org,1981,11,10,ASX-54,20.56,38(066)65-11-922
Віталій,Стельмах,vitaliy.stelmakh5@student.org,1966,10,19,YVZ-93,57.31,38(093)51-20-360
Надія,Гладко,nadiya.hladko4@student.org,2009,6,23,LXP-12,33.37,38(093)52-44-557
Анна,Лебедь,anna.lebed5@student.org,1996,9,26,PIM-57,48.65,38(096)50-17-608
Тарас,Павленко,taras.pavlenko3@student.org,1975,2,2,YCJ-73,39.49,38(097)35-53-434
Раїса,Козлов,rayisa.kozlov6@student.org,1970,6,14,JNO-79,12.72,38(096)35-84-783
Федір,Омельченко,fedir.omelchenko1@student.org,2003,4,12,RPZ-15,41.13,38(050)36-77-861
Ірина,Гончаренко,iryna.honcharenko4@student.org,2010,12,15,AQJ-54,66.64,38(050)34-44-644
Марія,Гладко,mariya.hladko2@student.org,1952,7,31,POF-91,94.8,38(096)10-27-706
Людмила,Василенко,lyudmyla.vasylenko2@student.org,1990,2,18,WGX-93,97.75,38(095)40-86-145
Вера,Рибак,vera.rybak5@student.org,2004,7,12,OUM-69,91.0,38(099)16-72-354
Лілія,Іваненко,liliya.ivanenko5@student.org,1950,4,5,KZP-41,52.41,38(097)21-26-810
Ганна,Михайленко,hanna.mykhaylenko6@student.org,1956,3,29,XZQ-35,93.49,38(097)30-31-104
Віталій,Мельник,vitaliy.melnyk3@student.org,1961,7,2,TGI-36,96.64,38(050)92-17-174
Тарас,Новік,taras.novik3@student.org,1953,5,3,ZRB-31,4.82,38(099)16-77-688
Олександр,Панченко,oleksandr.panchenko6@student.org,1991,4,16,XJJ-86,36.91,38(068)52-88-626
Вера,Білоус,vera.bilous4@student.org,1999,10,12,EAY-95,19.4,38(093)79-69-371
Іван,Марченко,ivan.marchenko1@student.org,1965,1,26,RJV-55,55.9,38(097)81-93-446
Галина,Василенко,halyna.vasylenko4@student.org,1997,8,9,TPE-84,24.39,38(050)11-79-163
Інна,Іваненко,inna.ivanenko5@student.org,1987,1,10,DJT-53,51.55,38(073)17-10-252
Юрій,Михайленко,yuriy.mykhaylenko6@student.org,1989,11,6,TQW-12,59.19,38(097)63-42-406
Григорій,Король,hryhoriy.korol5@student.org,1980,2,8,HFU-53,87.05,38(096)45-49-577
Наталія,Гордієнко,nataliya.hordiyenko6@student.org,1988,7,16,IZM-98,96.5,38(096)13-59-532
Валентина,Демченко,valentyna.demchenko2@student.org,1977,12,19,QPN-10,34.65,38(068)68-44-289
Наталія,Коваленко,nataliya.kovalenko1@student.org,1993,9,14,HTF-42,4.08,38(096)72-86-315
Василь,Савченко,vasyl.savchenko4@student.org,1966,2,21,TOE-90,61.86,38(050)21-60-543
Вікторія,Гриценко,viktoriya.hrytsenko4@student.org,1960,1,31,SBT-22,77.58,38(066)66-43-839
Костянтин,Шевчук,kostyantyn.shevchuk5@student.org,1956,7,5,REA-58,68.62,38(073)86-76-272
Лілія,Гордієнко,liliya.hordiyenko4@student.org,2001,4,10,HPQ-88,41.0,38(050)82-83-119
Тетяна,Литвин,tetyana.lytvyn3@student.org,2001,4,16,XCU-20,84.82,38(095)93-51-943
Юрій,Павленко,yuriy.pavlenko3@student.org,2009,9,2,ZKV-72,30.93,38(073)43-85-690
Галина,Ковальчук,halyna.kovalchuk2@student.org,1974,11,7,ZKH-86,91.01,38(067)48-74-997
Катерина,Лисенко,kateryna.lysenko7@student.org,2008,3,9,FOB-24,88.47,38(063)56-94-134
Костянтин,Поліщук,kostyantyn.polishchuk3@student.org,1990,1,10,ZMO-12,44.65,38(096)12-71-481
Роман,Костенко,roman.kostenko8@student.org,2005,4,24,CSL-69,68.08,38(096)60-53-555
Максим,Костенко,maksym.kostenko3@student.org,1990,8,4,GSC-64,20.25,38(068)40-32-177
Інна,Костенко,inna.kostenko3@student.org,1972,6,24,ZTM-44,33.09,38(095)22-53-172
Володимир,Гриценко,volodymyr.hrytsenko4@student.org,2005,12,8,JTT-24,1.65,38(093)46-83-232
Людмила,Панченко,lyudmyla.panchenko1@student.org,2008,3,2,VCJ-17,53.19,38(050)63-35-819
Федір,Никоненко,fedir.nykonenko5@student.org,1975,3,20,RZI-27,85.56,38(050)25-60-285
Ярослав,Шевчук,yaroslav.shevchuk1@student.org,1995,7,2,UER-90,75.16,38(067)37-55-159
Володимир,Руденко,volodymyr.rudenko3@student.org,1993,12,13,WTQ-61,60.02,38(068)77-21-164
Вера,Макаренко,vera.makarenko2@student.org,1956,12,17,VVE-79,25.75,38(098)34-18-227
Людмила,Никоненко,lyudmyla.nykonenko1@student.org,2004,10,15,OFZ-66,22.67,38(066)88-30-581
Лілія,Скрипка,liliya.skrypka4@student.org,1959,9,1,DID-97,95.69,38(095)38-27-898
Ірина,Павленко,iryna.pavlenko6@student.org,1998,3,29,WYP-81,47.74,38(050)19-73-188
Лілія,Марченко,liliya.marchenko3@student.org,1989,2,7,JTA-69,8.66,38(068)47-95-536
Ігор,Ткаченко,ihor.tkachenko3@student.org,1989,9,29,UCH-20,60.7,38(098)26-70-596
Світлана,Гончаренко,svitlana.honcharenko1@student.org,1958,5,2,QXQ-40,18.29,38(050)67-24-916
Анна,Мельник,anna.melnyk1@student.org,1974,12,26,HVM-47,17.47,38(066)82-73-110
Марія,Шаповал,mariya.shapoval2@student.org,1968,7,11,GEI-58,4.51,38(063)64-28-713
Василь,Василенко,vasyl.vasylenko4@student.org,1982,4,13,BXF-92,30.58,38(097)91-56-881
Максим,Гайдук,maksym.hayduk3@student.org,1974,12,18,PTV-58,53.39,38(067)89-67-909
Оксана,Новік,oksana.novik3@student.org,2006,8,1,RFT-85,18.71,38(097)38-90-577
Андрій,Шаповал,andriy.shapoval4@student.org,1968,1,20,BSR-79,51.07,38(066)67-63-907
Світлана,Стельмах,svitlana.stelmakh3@student.org,1978,3,4,ZKB-32,0.67,38(099)83-99-787
Інна,Павленко,inna.pavlenko2@student.org,1974,7,19,RQQ-60,98.51,38(095)42-32-443
Григорій,Авраменко,hryhoriy.avramenko4@student.org,2005,5,19,RYO-36,42.05,38(093)10-52-112
Любов,Кузьменко,lyubov.kuzmenko3@student.org,1964,12,17,SQA-97,16.67,38(095)99-15-362
Лілія,Скрипка,liliya.skrypka5@student.org,1990,2,6,YPM-16,76.86,38(063)36-99-852
Надія,Михайленко,nadiya.mykhaylenko3@student.org,1990,4,20,QGZ-10,12.99,38(073)92-57-697
Василь,Кравченко,vasyl.kravchenko4@student.org,1971,1,7,MRB-71,99.07,38(093)76-78-340
Тетяна,Лисенко,tetyana.lysenko3@student.org,1955,8,7,AKB-83,65.26,38(050)87-80-355
Алла,Поліщук,alla.polishchuk1@student.org,1971,11,8,QSP-58,28.74,38(093)98-16-357
Лариса,Савченко,larysa.savchenko3@student.org,1984,2,10,JIE-68,67.39,38(097)73-98-354
Оксана,Гладко,oksana.hladko2@student.org,1968,1,19,CXH-54,70.71,38(067)41-15-375
Світлана,Білоус,svitlana.bilous4@student.org,1998,11,15,WCY-53,6.71,38(066)73-95-213
Дмитро,Лисенко,dmytro.lysenko3@student.org,1995,7,10,PLJ-22,27.75,38(095)48-36-717
Людмила,Мельник,lyudmyla.melnyk5@student.org,1981,9,20,IYZ-31,95.94,38(093)70-96-727
Максим,Шаповал,maksym.shapoval6@student.org,1962,3,6,GLQ-58,41.28,38(095)47-81-956
Юлія,Захарченко,yuliya.zakharchenko2@student.org,1961,1,9,SFH-87,23.83,38(095)29-19-318
Валентина,Демченко,valentyna.demchenko3@student.org,1998,9,13,PSI-11,16.41,38(095)24-27-307
Олена,Новік,olena.novik5@student.org,2002,4,5,XVD-79,54.32,38(068)63-90-162
Вера,Зайцев,vera.zaytsev3@student.org,1951,2,14,FAR-35,75.67,38(073)45-72-708
Василь,Гончаренко,vasyl.honcharenko2@student.org,1966,4,19,ANL-80,16.56,38(068)30-36-397
Петро,Руденко,petro.rudenko3@student.org,1994,8,9,STJ-26,22.0,38(099)85-44-897
Василь,Гладко,vasyl.hladko3@student.org,1960,12,18,RBT-10,35.88,38(098)27-79-193
Віктор,Авраменко,viktor.avramenko4@student.org,2000,10,13,OSV-93,14.79,38(073)50-95-228
Петро,Литвин,petro.lytvyn4@student.org,1961,9,29,IYT-95,62.51,38(099)30-84-809
Надія,Авраменко,nadiya.avramenko5@student.org,1977,9,3,UFI-24,88.1,38(073)35-30-193
Катерина,Гайдук,kateryna.hayduk5@student.org,1990,7,16,GQW-51,34.33,38(067)16-84-422
Віталій,Стельмах,vitaliy.stelmakh6@student.org,2004,3,23,YFT-65,89.98,38(067)59-11-163
Григорій,Ткаченко,hryhoriy.tkachenko5@student.org,1959,8,27,PZK-80,31.07,38(093)36-19-926
Ігор,Михайленко,ihor.mykhaylenko@student.org,1951,7,3,AWK-54,47.52,38(097)53-11-399
Ганна,Савченко,hanna.savchenko5@student.org,1992,3,1,PIN-84,51.63,38(095)63-64-356
Алла,Рибак,alla.rybak5@student.org,1962,7,17,DCS-23,82.35,38(099)28-83-927
Анна,Руденко,anna.rudenko4@student.org,1984,7,3,OAV-20,73.12,38(099)40-93-475
Роман,Литвин,roman.lytvyn6@student.org,1964,8,18,KMP-10,54.91,38(096)20-16-323
Тетяна,Лебедь,tetyana.lebed4@student.org,1995,4,1,DUL-34,76.83,38(095)98-95-203
Роман,Коваленко,roman.kovalenko6@student.org,1986,8,28,RFR-30,80.43,38(050)90-30-681
Остап,Гладко,ostap.hladko1@student.org,1952,5,26,SLR-72,71.3,38(095)92-46-633
Федір,Павленко,fedir.pavlenko1@student.org,2007,10,3,JNH-33,34.88,38(073)85-67-539
Ігор,Марченко,ihor.marchenko4@student.org,1979,9,1,GBU-57,65.13,38(073)39-83-651
Раїса,Цимбал,rayisa.tsymbal4@student.org,1979,9,1,UIH-37,86.62,38(099)68-36-902
Любов,Петренко,lyubov.petrenko3@student.org,1974,12,16,RRB-11,31.79,38(098)68-25-752
Ігор,Коваль,ihor.koval3@student.org,2010,11,21,TXK-54,20.54,38(067)71-10-383
Катерина,Шаповал,kateryna.shapoval2@student.org,1960,11,5,CBA-48,77.83,38(050)55-64-380
Вера,Авраменко,vera.avramenko4@student.org,2006,6,30,CUV-46,90.92,38(068)39-46-827
Дмитро,Ковальчук,dmytro.kovalchuk2@student.org,1997,1,2,CNR-35,23.36,38(095)22-32-653
Федір,Стельмах,fedir.stelmakh3@student.org,1994,4,23,OCQ-25,54.73,38(095)51-97-199
Юрій,Ковальчук,yuriy.kovalchuk2@student.org,1963,11,10,YUT-91,33.86,38(068)72-66-520
Костянтин,Зайцев,kostyantyn.zaytsev8@student.org,1968,9,10,KPN-91,98.07,38(073)40-73-892
Олена,Гордієнко,olena.hordiyenko1@student.org,1966,3,4,XJX-92,72.2,38(099)17-33-727
Ігор,Ткаченко,ihor.tkachenko4@student.org,1970,3,13,QSB-61,45.56,38(095)79-95-995
Лариса,Коваленко,larysa.kovalenko3@student.org,2010,9,1,SQY-98,65.46,38(099)19-85-582
Віталій,Іваненко,vitaliy.ivanenko2@student.org,2004,6,1,NXN-56,7.49,38(093)87-56-187
Вікторія,Василенко,viktoriya.vasylenko3@student.org,1961,6,20,XZC-15,5.87,38(066)36-97-748
Катерина,Гриценко,kateryna.hrytsenko2@student.org,1978,3,18,UDA-50,41.16,38(096)95-33-259
Василь,Шевченко,vasyl.shevchenko6@student.org,2000,3,1,TTY-83,60.72,38(096)92-91-592
Іван,Гайдук,ivan.hayduk7@student.org,1978,11,16,XXC-38,39.01,38(068)52-96-741
Оксана,Макаренко,oksana.makarenko3@student.org,1985,8,5,TAY-43,68.17,38(068)65-73-740
Ірина,Костенко,iryna.kostenko2@student.org,1980,1,30,UIQ-41,0.44,38(097)62-49-479
Раїса,Шевчук,rayisa.shevchuk5@student.org,2008,5,6,QFI-97,8.38,38(095)67-59-846
Григорій,Костенко,hryhoriy.kostenko4@student.org,1965,6,24,HPA-79,42.15,38(097)64-64-973
Ярослав,Гордієнко,yaroslav.hordiyenko3@student.org,1999,11,21,UMA-34,22.8,38(068)87-67-746
Дмитро,Шевченко,dmytro.shevchenko3@student.org,2000,8,27,KMM-18,8.18,38(066)89-74-536
Оксана,Левченко,oksana.levchenko1@student.org,2006,11,24,HEG-88,99.89,38(097)91-20-694
Петро,Михайленко,petro.mykhaylenko2@student.org,2007,6,26,NJS-63,43.91,38(098)14-91-450
Юлія,Шевченко,yuliya.shevchenko5@student.org,1950,11,10,SFU-16,2.09,38(099)52-68-229
Ірина,Гладко,iryna.hladko2@student.org,1959,3,15,XDN-81,75.97,38(099)21-62-305
Юлія,Гайдук,yuliya.hayduk5@student.org,1967,6,27,QMD-35,48.69,38(050)88-49-443
Ірина,Дорошенко,iryna.doroshenko5@student.org,1996,6,25,PIN-84,32.3,38(099)90-90-162
Денис,Лисенко,denys.lysenko3@student.org,2006,10,16,ZAR-80,41.52,38(063)40-73-648
Павло,Мельник,pavlo.melnyk2@student.org,1980,5,16,MMW-60,81.6,38(099)54-22-951
Світлана,Гордієнко,svitlana.hordiyenko5@student.org,2007,1,4,TEF-91,6.33,38(073)44-11-112
Роман,Гончаренко,roman.honcharenko10@student.org,1975,11,2,NXN-56,37.94,38(068)66-27-865
Ярослав,Шевчук,yaroslav.shevchuk2@student.org,2002,2,24,FCY-33,54.95,38(073)78-39-207
Наталія,Король,nataliya.korol1@student.org,1958,7,31,NRN-31,33.44,38(097)66-64-118
Анна,Білоус,anna.bilous9@student.org,1992,10,9,XSQ-53,61.68,38(095)46-31-159
Алла,Савченко,alla.savchenko@student.org,1951,1,13,CRH-38,75.79,38(067)90-22-640
Василь,Дорошенко,vasyl.doroshenko6@student.org,1973,1,29,DWJ-41,21.42,38(097)37-30-579
Петро,Шевченко,petro.shevchenko3@student.org,1998,7,7,KLV-90,42.6,38(098)88-79-266
Вера,Козлов,vera.kozlov5@student.org,1953,1,3,AIB-70,70.86,38(066)20-40-748
Артем,Новік,artem.novik4@student.org,1965,6,29,GSB-28,62.2,38(063)81-63-454
Людмила,Стельмах,lyudmyla.stelmakh2@student.org,2004,3,3,RVT-71,9.21,38(097)86-34-384
Ігор,Авраменко,ihor.avramenko4@student.org,1987,9,13,RJV-55,2.92,38(099)54-70-196
Наталія,Романенко,nataliya.romanenko7@student.org,1954,9,26,KGO-40,2.41,38(068)96-96-863
Роман,Авраменко,roman.avramenko12@student.org,1957,12,3,JTF-24,6.7,38(098)29-29-736
Григорій,Рибак,hryhoriy.rybak2@student.org,1980,1,27,FUS-53,67.02,38(067)81-41-316
Віктор,Гладко,viktor.hladko6@student.org,1973,9,30,EPG-99,52.19,38(099)90-60-659
Лілія,Козлов,liliya.kozlov2@student.org,1963,4,25,NHQ-59,10.31,38(067)72-73-535
Олександр,Шаповал,oleksandr.shapoval1@student.org,1950,3,29,RXR-62,48.73,38(096)89-38-410
Валентина,Поліщук,valentyna.polishchuk4@student.org,1959,9,7,QZG-88,13.28,38(097)94-14-139
Юрій,Іваненко,yuriy.ivanenko4@student.org,2008,10,8,QEK-32,33.71,38(066)70-54-163
Оксана,Король,oksana.korol2@student.org,1986,8,31,PBI-43,50.81,38(098)67-44-557
Сергій,Зайцев,serhiy.zaytsev8@student.org,1954,9,18,MGE-56,7.0,38(098)89-37-546
Лариса,Василенко,larysa.vasylenko4@student.org,1968,10,14,DPX-21,9.89,38(073)70-20-602
Вікторія,Романенко,viktoriya.romanenko2@student.org,1975,2,2,TLX-93,78.87,38(095)33-39-201
Анна,Рибак,anna.rybak6@student.org,2000,9,11,GKD-58,13.7,38(067)69-18-505
Костянтин,Бойко,kostyantyn.boyko4@student.org,1969,1,16,YGX-80,12.78,38(073)31-55-456
Людмила,Омельченко,lyudmyla.omelchenko3@student.org,1955,10,21,LZZ-98,40.92,38(050)69-38-429
Тарас,Шевченко,taras.shevchenko2@student.org,1979,2,13,FXO-87,18.57,38(073)16-85-730
Любов,Гордієнко,lyubov.hordiyenko3@student.org,1964,4,12,HCC-53,47.03,38(099)98-56-378
Павло,Шевченко,pavlo.shevchenko7@student.org,1983,3,29,ETU-62,26.31,38(063)54-12-481
Віктор,Гордієнко,viktor.hordiyenko1@student.org,1979,5,12,EKF-82,88.83,38(098)68-98-111
Анна,Кравченко,anna.kravchenko4@student.org,1980,9,6,NGT-24,29.16,38(063)42-92-699
Артем,Мельник,artem.melnyk8@student.org,1952,6,6,HHF-97,32.43,38(099)55-60-231
Денис,Захарченко,denys.zakharchenko3@student.org,1991,9,20,RGG-24,19.43,38(093)45-25-525
Володимир,Коваль,volodymyr.koval3@student.org,2000,1,24,FDC-29,85.82,38(066)47-85-390
Алла,Стельмах,alla.stelmakh3@student.org,1989,1,23,XTI-74,32.75,38(093)31-52-949
Оксана,Король,oksana.korol3@student.org,1953,11,13,XSQ-53,87.94,38(063)98-56-849
Павло,Козлов,pavlo.kozlov4@student.org,1986,10,3,KLQ-94,79.93,38(093)86-83-224
Марія,Гриценко,mariya.hrytsenko5@student.org,1997,3,24,JTH-11,56.07,38(097)74-38-632
Максим,Шаповал,maksym.shapoval7@student.org,1966,3,11,EXH-47,39.07,38(098)71-50-904
Павло,Гайдук,pavlo.hayduk5@student.org,2007,3,26,AAQ-98,80.39,38(093)85-53-114
Денис,Омельченко,denys.omelchenko6@student.org,2006,3,27,JWS-45,2.32,38(068)17-62-552
Ігор,Гончаренко,ihor.honcharenko3@student.org,2001,8,4,VST-46,96.78,38(050)90-84-744
Тарас,Омельченко,taras.omelchenko1@student.org,2000,8,10,TME-57,62.63,38(095)89-35-516
Максим,Король,maksym.korol2@student.org,2007,5,10,PZZ-18,83.95,38(073)94-18-612
Валентина,Король,valentyna.korol3@student.org,1994,5,28,ZCD-12,37.25,38(067)24-50-277
Юрій,Авраменко,yuriy.avramenko9@student.org,1952,4,21,MLC-25,91.36,38(050)63-21-924
Марія,Стельмах,mariya.stelmakh4@student.org,1990,6,29,BSQ-40,38.83,38(073)63-65-368
Катерина,Іваненко,kateryna.ivanenko4@student.org,1999,9,16,QUA-18,82.12,38(098)56-31-542
Вікторія,Савченко,viktoriya.savchenko1@student.org,1952,12,4,XNG-54,18.97,38(067)70-75-838
Анна,Білоус,anna.bilous10@student.org,1989,1,6,IZP-59,18.98,38(095)15-29-597
Михайло,Гайдук,mykhaylo.hayduk5@student.org,1990,6,1,VCU-53,63.72,38(098)97-29-903
Олена,Демченко,olena.demchenko5@student.org,2006,8,10,PQD-81,22.34,38(063)74-78-304
Алла,Новік,alla.novik5@student.org,1997,8,12,SDA-23,19.98,38(097)31-59-841
Вікторія,Василенко,viktoriya.vasylenko4@student.org,1988,5,23,RGA-36,71.44,38(093)59-46-716
Володимир,Гордієнко,volodymyr.hordiyenko4@student.org,1984,2,12,NJU-22,13.62,38(066)11-94-811
Марія,Ткаченко,mariya.tkachenko4@student.org,1998,12,8,UYY-56,30.91,38(098)93-37-619
Василь,Коваль,vasyl.koval7@student.org,1985,12,14,QZG-88,84.32,38(095)67-39-766
Олександр,Дорошенко,oleksandr.doroshenko3@student.org,1982,12,4,LVH-68,14.69,38(050)32-22-218
Володимир,Поліщук,volodymyr.polishchuk4@student.org,1962,5,30,TGC-61,24.22,38(098)53-97-173
Тарас,Панченко,taras.panchenko10@student.org,1982,9,18,ONI-57,13.05,38(066)58-31-682
Роман,Іваненко,roman.ivanenko6@student.org,1998,11,7,IFE-11,30.12,38(066)60-80-664
Надія,Захарченко,nadiya.zakharchenko5@student.org,1986,11,29,CVZ-48,92.22,38(098)24-62-539
Ігор,Кузьменко,ihor.kuzmenko6@student.org,1982,9,18,YRC-12,58.1,38(095)14-13-200
Олена,Гордієнко,olena.hordiyenko2@student.org,1985,12,29,JBP-16,24.31,38(067)76-80-749
Петро,Омельченко,petro.omelchenko4@student.org,1969,11,11,FWL-33,46.09,38(067)18-46-279
Дмитро,Шевчук,dmytro.shevchuk3@student.org,2000,8,31,ZVE-19,60.68,38(096)49-28-580
Ірина,Ткаченко,iryna.tkachenko5@student.org,2008,5,24,SJP-83,34.46,38(095)38-46-891
Костянтин,Кузьменко,kostyantyn.kuzmenko3@student.org,1964,1,22,YIN-82,13.4,38(068)59-13-279
Федір,Лебедь,fedir.lebed4@student.org,2008,5,13,YQU-70,93.32,38(073)60-83-649
Ярослав,Руденко,yaroslav.rudenko3@student.org,1965,5,5,SMT-11,25.78,38(097)75-66-170
Тарас,Макаренко,taras.makarenko5@student.org,1991,5,30,GNT-12,47.68,38(073)11-22-722
Андрій,Павленко,andriy.pavlenko2@student.org,1978,3,8,MFE-90,91.4,38(099)96-91-289
Федір,Никоненко,fedir.nykonenko6@student.org,2001,10,12,OZL-65,60.96,38(063)35-46-754
Тарас,Гладко,taras.hladko7@student.org,2010,11,22,OBR-96,9.76,38(096)19-24-521
Юрій,Дорошенко,yuriy.doroshenko3@student.org,2009,7,31,VGD-51,99.17,38(096)61-32-764
Артем,Мельник,artem.melnyk9@student.org,1972,10,21,QZG-88,11.18,38(068)56-81-434
Оксана,Поліщук,oksana.polishchuk3@student.org,1969,11,10,UKG-23,93.91,38(063)34-65-341
Юлія,Зайцев,yuliya.zaytsev6@student.org,1999,8,15,JUJ-47,33.18,38(093)95-13-965
Юлія,Ткаченко,yuliya.tkachenko4@student.org,1952,4,14,USX-62,39.37,38(098)48-35-269
Світлана,Бойко,svitlana.boyko4@student.org,2006,2,11,RYB-88,6.41,38(096)73-81-909
Євгенія,Мельник,yevheniya.melnyk2@student.org,1979,4,19,HBK-98,5.73,38(068)55-90-914
Денис,Гайдук,denys.hayduk5@student.org,1955,11,11,ONO-63,5.19,38(073)37-41-658
Сергій,Лисенко,serhiy.lysenko3@student.org,1966,6,23,JSN-43,72.15,38(096)86-38-982
Людмила,Шевчук,lyudmyla.shevchuk4@student.org,2002,3,27,GNN-28,45.08,38(096)99-83-720
Олександр,Гончаренко,oleksandr.honcharenko4@student.org,1985,9,20,XES-13,46.06,38(073)41-52-433
Світлана,Стельмах,svitlana.stelmakh4@student.org,1973,9,27,YXU-80,75.97,38(073)42-23-417
Ярослав,Романенко,yaroslav.romanenko2@student.org,1994,2,10,ZLF-89,64.1,38(068)72-72-793
Любов,Новік,lyubov.novik8@student.org,1986,11,16,KPI-60,71.57,38(050)45-37-748
Віктор,Захарченко,viktor.zakharchenko3@student.org,1964,6,15,AIY-82,46.65,38(099)90-54-533
Остап,Литвин,ostap.lytvyn4@student.org,1992,7,12,KNR-85,22.64,38(098)58-93-219
Богдан,Захарченко,bohdan.zakharchenko5@student.org,1983,1,5,YPM-16,99.0,38(066)30-28-279
Алла,Коваленко,alla.kovalenko4@student.org,2005,6,10,AJO-40,54.39,38(093)74-32-122
Надія,Василенко,nadiya.vasylenko3@student.org,2003,1,23,VTM-15,81.52,38(067)24-78-811
Олександр,Костенко,oleksandr.kostenko2@student.org,1980,9,10,LSK-20,99.5,38(050)22-67-966
Раїса,Михайленко,rayisa.mykhaylenko@student.org,2006,3,12,ZRH-24,54.83,38(097)47-67-481
Тетяна,Кравченко,tetyana.kravchenko3@student.org,1994,3,21,GUL-62,19.82,38(093)74-32-211
Надія,Петренко,nadiya.petrenko4@student.org,1962,3,3,HDF-13,16.08,38(096)33-37-715
Олександр,Козлов,oleksandr.kozlov4@student.org,1984,2,14,ZUV-41,92.95,38(068)65-84-926
Анна,Кравченко,anna.kravchenko5@student.org,1956,9,28,ROJ-32,91.57,38(099)58-11-992
Наталія,Руденко,nataliya.rudenko1@student.org,1985,5,3,RWC-39,24.0,38(068)62-20-527
Віктор,Король,viktor.korol5@student.org,1973,8,9,OPF-84,37.32,38(073)77-42-301
Алла,Коваленко,alla.kovalenko5@student.org,1977,5,10,HSH-83,59.88,38(063)28-23-758
Вера,Костенко,vera.kostenko2@student.org,1996,4,23,NHD-41,55.56,38(073)62-93-312
Костянтин,Гончаренко,kostyantyn.honcharenko4@student.org,1994,12,20,CMO-77,70.41,38(067)85-18-793
Катерина,Никоненко,kateryna.nykonenko3@student.org,1958,6,7,ROA-13,82.77,38(066)33-12-353
Анна,Коваль,anna.koval5@student.org,1962,8,4,ORS-66,42.33,38(066)51-88-659
Анна,Лебедь,anna.lebed6@student.org,2004,8,14,XIJ-37,46.71,38(097)15-24-663
Федір,Мельник,fedir.melnyk6@student.org,1982,3,21,UKS-44,21.47,38(095)44-38-828
Тетяна,Авраменко,tetyana.avramenko3@student.org,2004,4,17,FND-85,38.37,38(097)75-14-837
Віталій,Омельченко,vitaliy.omelchenko1@student.org,1982,11,21,LQD-42,14.23,38(066)39-15-921
Валентина,Руденко,valentyna.rudenko4@student.org,1973,12,5,MKC-39,1.16,38(073)12-84-669
Іван,Гончаренко,ivan.honcharenko2@student.org,2004,1,29,DEI-36,19.01,38(096)15-45-272
Людмила,Рибак,lyudmyla.rybak1@student.org,1987,1,28,WLT-47,76.14,38(066)94-70-441
Віталій,Зайцев,vitaliy.zaytsev3@student.org,2002,1,8,SFC-97,89.82,38(096)49-94-930
Роман,Петренко,roman.petrenko9@student.org,1958,9,20,PQC-85,88.99,38(050)19-92-825
Тетяна,Лисенко,tetyana.lysenko4@student.org,1964,10,11,UEM-41,86.55,38(063)14-56-939
Василь,Лебедь,vasyl.lebed6@student.org,2003,11,19,RFI-89,62.55,38(093)16-97-603
Наталія,Рибак,nataliya.rybak@student.org,1978,6,17,MPT-62,72.2,38(096)76-73-452
Роман,Макаренко,roman.makarenko11@student.org,1978,5,3,NNQ-52,43.0,38(099)66-60-774
Алла,Василенко,alla.vasylenko1@student.org,1982,6,21,RLP-58,11.95,38(096)90-39-914
Денис,Білоус,denys.bilous5@student.org,2010,10,8,NON-18,49.45,38(099)21-81-457
Михайло,Гриценко,mykhaylo.hrytsenko5@student.org,1967,1,11,PLX-15,81.99,38(099)25-95-482
Євгенія,Михайленко,yevheniya.mykhaylenko7@student.org,1993,4,13,UBE-69,97.65,38(099)61-39-772
Павло,Макаренко,pavlo.makarenko1@student.org,1998,10,11,BHQ-37,4.37,38(099)86-27-812
Ірина,Бойко,iryna.boyko3@student.org,1959,2,20,VLK-27,92.22,38(066)43-19-833
Світлана,Савченко,svitlana.savchenko5@student.org,2004,4,3,BLG-36,85.29,38(099)45-35-127
Лариса,Костенко,larysa.kostenko3@student.org,1957,5,20,HAM-20,44.73,38(096)27-65-953
Григорій,Макаренко,hryhoriy.makarenko2@student.org,2006,2,25,UKA-25,31.02,38(099)91-23-755
Денис,Ковальчук,denys.kovalchuk4@student.org,1993,6,27,REF-72,48.83,38(097)28-42-578
Андрій,Макаренко,andriy.makarenko1@student.org,1987,9,27,PGA-94,74.67,38(099)71-96-452
Павло,Макаренко,pavlo.makarenko2@student.org,1960,9,18,TPG-62,90.64,38(067)48-39-692
Роман,Лисенко,roman.lysenko9@student.org,2004,7,29,NNX-59,40.64,38(095)53-36-954
Ярослав,Романенко,yaroslav.romanenko3@student.org,1964,9,10,DHS-92,31.35,38(067)77-95-143
Віталій,Макаренко,vitaliy.makarenko2@student.org,1977,8,14,OSQ-22,26.27,38(095)25-76-692
Ірина,Поліщук,iryna.polishchuk5@student.org,1972,8,13,EAK-62,8.11,38(073)16-52-967
Петро,Новік,petro.novik3@student.org,1969,4,11,HTX-45,72.55,38(067)16-65-697
Роман,Шевченко,roman.shevchenko6@student.org,2000,9,2,BXM-85,55.09,38(067)34-85-543
Людмила,Левченко,lyudmyla.levchenko3@student.org,2002,3,22,RVS-74,5.75,38(050)80-68-862
Галина,Поліщук,halyna.polishchuk7@student.org,2008,2,24,DGR-98,73.87,38(099)61-60-562
Оксана,Никоненко,oksana.nykonenko4@student.org,1967,6,18,WZJ-11,45.26,38(099)61-33-424
Петро,Руденко,petro.rudenko4@student.org,1968,3,1,GAY-11,67.42,38(096)19-33-784
Максим,Лебедь,maksym.lebed1@student.org,1991,2,24,RMP-28,0.97,38(068)94-85-491
Світлана,Цимбал,svitlana.tsymbal4@student.org,1998,5,5,BKY-24,78.01,38(067)36-69-481
Євгенія,Іваненко,yevheniya.ivanenko4@student.org,1993,9,8,EYJ-24,71.92,38(093)69-17-907
Роман,Новік,roman.novik10@student.org,1971,3,15,VJS-81,82.73,38(066)62-84-799
Василь,Кузьменко,vasyl.kuzmenko5@student.org,2008,7,3,UEG-86,40.77,38(093)98-71-898
Раїса,Романенко,rayisa.romanenko3@student.org,1959,2,18,KQI-14,28.91,38(099)51-66-367
Раїса,Коваль,rayisa.koval5@student.org,1980,2,3,CTK-13,90.19,38(095)35-25-980
Сергій,Рибак,serhiy.rybak1@student.org,1990,4,20,SSN-75,52.72,38(073)31-80-929
Василь,Левченко,vasyl.levchenko3@student.org,2000,10,14,VJS-81,75.85,38(050)18-53-521
Станіслав,Мельник,stanislav.melnyk7@student.org,1959,10,4,XQK-47,19.63,38(097)75-42-951
Віталій,Шевчук,vitaliy.shevchuk4@student.org,2010,7,4,MVF-15,59.41,38(098)62-30-806
Галина,Кузьменко,halyna.kuzmenko2@student.org,1960,6,15,SQF-42,78.0,38(073)31-23-225
Олександр,Литвин,oleksandr.lytvyn4@student.org,1996,10,16,IPJ-55,76.46,38(063)63-52-357
Світлана,Дорошенко,svitlana.doroshenko4@student.org,1950,4,16,WVG-55,71.44,38(097)74-88-898
Денис,Никоненко,denys.nykonenko5@student.org,1958,9,19,UKA-25,56.42,38(099)44-32-614
Надія,Марченко,nadiya.marchenko3@student.org,1989,11,13,LXD-42,93.58,38(099)42-51-379
Василь,Коваль,vasyl.koval8@student.org,1971,12,2,UHM-69,36.95,38(073)95-89-308
Інна,Гордієнко,inna.hordiyenko1@student.org,1976,12,12,HZI-26,59.74,38(098)88-30-862
Алла,Василенко,alla.vasylenko2@student.org,1987,5,27,IRZ-38,70.03,38(063)73-51-658
Роман,Лисенко,roman.lysenko10@student.org,2008,6,23,DQW-55,70.63,38(093)46-71-814
Євгенія,Михайленко,yevheniya.mykhaylenko8@student.org,1966,6,11,RQV-53,87.69,38(066)10-20-877
Ірина,Шевченко,iryna.shevchenko6@student.org,1998,7,31,RDO-77,66.59,38(099)97-17-617
Юрій,Левченко,yuriy.levchenko3@student.org,1973,3,31,PKJ-92,89.28,38(073)48-39-704
Денис,Лебедь,denys.lebed2@student.org,1970,2,4,JZN-53,71.6,38(099)22-52-255
Олександр,Гладко,oleksandr.hladko6@student.org,1989,8,17,SLR-76,39.61,38(050)29-65-814
Іван,Новік,ivan.novik4@student.org,1963,5,10,QAO-13,36.71,38(095)40-92-290
Тетяна,Гончаренко,tetyana.honcharenko2@student.org,1973,3,5,FVC-98,44.44,38(066)44-67-208
Наталія,Бойко,nataliya.boyko5@student.org,1954,4,16,GTR-88,63.43,38(063)96-68-241
Володимир,Гайдук,volodymyr.hayduk5@student.org,2008,4,15,ZJA-40,66.76,38(096)75-98-613
Галина,Лисенко,halyna.lysenko4@student.org,1966,2,23,KNX-62,69.62,38(067)55-59-797
Лариса,Ткаченко,larysa.tkachenko5@student.org,1995,5,9,ZZR-61,66.01,38(067)93-91-361
Павло,Руденко,pavlo.rudenko2@student.org,1964,10,19,CRV-76,0.39,38(097)57-56-619
Артем,Скрипка,artem.skrypka1@student.org,1994,10,12,SGO-61,95.29,38(097)34-39-154
Василь,Шаповал,vasyl.shapoval2@student.org,1981,8,13,CSL-69,93.21,38(067)25-66-786
Лариса,Гайдук,larysa.hayduk5@student.org,1979,1,22,VHY-90,31.22,38(066)39-43-584
Віталій,Зайцев,vitaliy.zaytsev4@student.org,2000,3,12,UAU-76,95.36,38(066)25-44-350
Катерина,Скрипка,kateryna.skrypka2@student.org,1975,5,8,SOL-10,69.49,38(099)88-48-724
Наталія,Макаренко,nataliya.makarenko6@student.org,1990,7,9,KOI-31,76.77,38(099)40-58-695
Михайло,Бойко,mykhaylo.boyko6@student.org,1989,9,8,MHV-86,39.37,38(097)89-16-178
Катерина,Шевчук,kateryna.shevchuk4@student.org,1980,10,26,FBM-40,15.18,38(096)58-33-221
Наталія,Левченко,nataliya.levchenko4@student.org,1990,9,15,NTS-77,85.3,38(073)46-76-145
Олександр,Ткаченко,oleksandr.tkachenko2@student.org,1968,5,30,SGZ-57,25.33,38(063)42-94-228
Ірина,Ткаченко,iryna.tkachenko6@student.org,1994,3,18,HZW-86,67.13,38(063)41-56-919
Ярослав,Зайцев,yaroslav.zaytsev3@student.org,1984,8,6,FII-55,34.46,38(095)73-83-429
Раїса,Панченко,rayisa.panchenko1@student.org,1985,5,25,ZPN-87,81.6,38(097)12-20-812
Олександр,Коваленко,oleksandr.kovalenko2@student.org,1953,3,16,ZTN-88,12.22,38(050)90-71-148
Артем,Павленко,artem.pavlenko5@student.org,1968,1,16,NLY-95,4.89,38(050)38-75-504
Вікторія,Марченко,viktoriya.marchenko2@student.org,2007,3,7,LAA-92,4.12,38(097)51-66-759
Ярослав,Павленко,yaroslav.pavlenko4@student.org,1984,2,6,RFI-89,51.9,38(096)93-63-757
Сергій,Руденко,serhiy.rudenko3@student.org,2001,6,1,ZFK-10,97.5,38(099)32-35-604
Володимир,Кузьменко,volodymyr.kuzmenko5@student.org,1967,12,27,IRZ-78,23.45,38(096)18-72-189
Роман,Василенко,roman.vasylenko9@student.org,1963,10,3,NNQ-52,54.29,38(095)94-11-333
Надія,Лисенко,nadiya.lysenko1@student.org,1998,1,3,EDO-48,49.35,38(099)43-46-465
Федір,Шевчук,fedir.shevchuk3@student.org,1981,11,28,CJZ-26,66.11,38(093)61-95-963
Катерина,Кузьменко,kateryna.kuzmenko3@student.org,1998,4,25,IAJ-70,74.86,38(098)35-24-823
Лариса,Гончаренко,larysa.honcharenko5@student.org,2004,10,10,KRI-27,96.43,38(096)34-63-254
Максим,Кузьменко,maksym.kuzmenko4@student.org,1953,3,10,MFD-36,66.18,38(050)98-72-693
Михайло,Новік,mykhaylo.novik3@student.org,1986,3,16,XZD-64,96.44,38(067)44-88-145
Анна,Скрипка,anna.skrypka5@student.org,1964,2,11,HEJ-69,34.2,38(099)89-31-975
Віталій,Гладко,vitaliy.hladko7@student.org,1952,9,28,AOQ-79,48.48,38(063)58-58-556
Інна,Лисенко,inna.lysenko3@student.org,1990,9,22,OZW-83,15.02,38(073)95-46-377
Павло,Марченко,pavlo.marchenko5@student.org,1953,4,28,VCD-70,33.11,38(098)17-28-341
Станіслав,Литвин,stanislav.lytvyn3@student.org,1986,11,17,CSZ-46,54.91,38(099)29-95-906
Ігор,Марченко,ihor.marchenko5@student.org,1976,11,18,ZBK-41,29.63,38(066)30-68-840
Андрій,Поліщук,andriy.polishchuk1@student.org,1979,9,8,KMT-75,18.71,38(066)84-26-701
Лариса,Мельник,larysa.melnyk2@student.org,2005,3,6,QFH-73,76.18,38(095)49-36-757
Вікторія,Макаренко,viktoriya.makarenko2@student.org,2008,10,14,PGW-71,12.04,38(099)60-59-876
Лариса,Стельмах,larysa.stelmakh3@student.org,2009,4,9,ADN-74,9.42,38(098)97-17-427
Людмила,Гриценко,lyudmyla.hrytsenko2@student.org,2001,7,8,SBT-22,6.8,38(063)41-87-898
Анна,Кузьменко,anna.kuzmenko1@student.org,1971,2,14,VAT-70,47.55,38(073)27-52-394
Станіслав,Ковальчук,stanislav.kovalchuk4@student.org,1980,9,19,UVH-92,51.58,38(095)99-16-533
Роман,Левченко,roman.levchenko9@student.org,1983,6,23,OGH-36,94.83,38(097)36-48-579
Богдан,Литвин,bohdan.lytvyn3@student.org,1966,2,14,IAJ-70,14.87,38(099)21-21-262
Юрій,Савченко,yuriy.savchenko2@student.org,1965,3,4,WUH-91,91.47,38(097)68-59-839
Вера,Никоненко,vera.nykonenko8@student.org,1995,9,14,ELC-86,99.56,38(096)69-51-760
Володимир,Петренко,volodymyr.petrenko4@student.org,1995,6,1,SOV-93,11.04,38(066)80-16-685
Денис,Кузьменко,denys.kuzmenko2@student.org,1975,4,11,XMS-50,93.79,38(063)47-48-112
Петро,Новік,petro.novik4@student.org,2005,10,14,KGP-68,30.07,38(097)21-88-136
Максим,Гончаренко,maksym.honcharenko1@student.org,2007,5,22,XES-22,22.78,38(093)42-29-217
Богдан,Шевченко,bohdan.shevchenko6@student.org,1961,1,1,WLZ-62,63.59,38(093)18-49-460
Павло,Гордієнко,pavlo.hordiyenko2@student.org,1981,9,2,WSV-75,14.48,38(093)95-46-777
Ірина,Дорошенко,iryna.doroshenko6@student.org,1970,9,28,UCZ-59,75.99,38(093)23-66-352
Світлана,Шевченко,svitlana.shevchenko3@student.org,1993,10,7,MCT-69,71.88,38(099)38-68-778
Інна,Василенко,inna.vasylenko3@student.org,1976,1,29,YQN-19,91.21,38(097)31-18-267
Анна,Цимбал,anna.tsymbal2@student.org,1961,4,17,RVS-74,47.2,38(098)97-52-464
Ярослав,Гончаренко,yaroslav.honcharenko1@student.org,1965,7,30,GDP-35,31.0,38(099)51-65-217
Любов,Макаренко,lyubov.makarenko7@student.org,2000,1,4,YCP-32,28.7,38(067)96-28-690
Василь,Руденко,vasyl.rudenko6@student.org,1954,8,27,RBW-48,1.25,38(095)47-25-141
Станіслав,Поліщук,stanislav.polishchuk4@student.org,1986,3,30,FND-88,89.69,38(068)54-28-339
Вікторія,Король,viktoriya.korol5@student.org,2000,7,25,LPG-31,56.49,38(097)83-63-838
Остап,Мельник,ostap.melnyk8@student.org,1959,12,9,WJO-78,27.9,38(095)41-60-288
Олеся,Михайленко,olesya.mykhaylenko2@student.org,1954,3,17,VJS-81,51.2,38(050)36-66-810
Роман,Дорошенко,roman.doroshenko8@student.org,1971,8,15,RFI-89,44.74,38(093)34-32-642
Людмила,Левченко,lyudmyla.levchenko4@student.org,1977,2,4,RWQ-46,94.99,38(098)46-33-827
Лілія,Рибак,liliya.rybak1@student.org,1990,9,18,YOW-45,90.0,38(067)87-81-692
Роман,Білоус,roman.bilous12@student.org,1978,8,13,NQC-66,64.97,38(098)16-85-707
Лариса,Демченко,larysa.demchenko6@student.org,1975,11,3,FOZ-92,58.34,38(066)42-71-801
Олеся,Омельченко,olesya.omelchenko8@student.org,1971,1,30,RPZ-15,64.81,38(097)48-20-785
Богдан,Поліщук,bohdan.polishchuk3@student.org,1981,4,23,OCA-44,28.82,38(066)25-57-809
Костянтин,Шевчук,kostyantyn.shevchuk6@student.org,1954,11,10,FII-55,23.71,38(050)24-62-755
Надія,Ткаченко,nadiya.tkachenko1@student.org,1998,3,21,NIZ-63,61.39,38(098)52-15-364
Лариса,Кузьменко,larysa.kuzmenko4@student.org,1951,2,9,YPM-16,31.66,38(095)41-81-509
Сергій,Павленко,serhiy.pavlenko6@student.org,1966,7,31,ACB-43,20.3,38(063)69-11-335
Григорій,Цимбал,hryhoriy.tsymbal5@student.org,2003,2,18,BXO-83,22.36,38(050)60-94-170
Юрій,Кравченко,yuriy.kravchenko4@student.org,1968,6,3,LEI-16,17.78,38(050)63-49-743
Лілія,Коваленко,liliya.kovalenko5@student.org,1962,7,23,QCL-13,92.01,38(098)48-83-562
Михайло,Савченко,mykhaylo.savchenko3@student.org,1984,6,29,PGD-98,61.64,38(066)56-22-821
Марія,Іваненко,mariya.ivanenko5@student.org,1959,6,22,BMK-62,7.51,38(050)38-43-924
Інна,Гончаренко,inna.honcharenko5@student.org,1982,6,4,IAU-55,34.52,38(066)90-11-628
Павло,Костенко,pavlo.kostenko5@student.org,2002,9,23,JTF-24,96.61,38(063)10-86-869
Валентина,Захарченко,valentyna.zakharchenko5@student.org,2005,12,11,CYA-12,48.05,38(096)14-42-532
Остап,Коваленко,ostap.kovalenko2@student.org,1981,9,26,IDH-19,50.71,38(050)78-58-210
Олена,Кузьменко,olena.kuzmenko6@student.org,1952,6,11,CGK-95,43.68,38(098)93-23-155
Ганна,Шевчук,hanna.shevchuk4@student.org,1961,7,19,HHD-52,60.99,38(066)91-12-131
Денис,Коваль,denys.koval4@student.org,2001,2,6,MLM-23,60.64,38(095)29-92-218
Олена,Поліщук,olena.polishchuk5@student.org,2008,8,28,BZC-44,12.12,38(068)50-49-822
Ірина,Цимбал,iryna.tsymbal3@student.org,1991,1,1,QCK-38,89.03,38(073)64-33-183
Вера,Зайцев,vera.zaytsev4@student.org,1953,1,29,AKO-66,18.35,38(096)82-85-898
Лариса,Кравченко,larysa.kravchenko4@student.org,2004,12,21,FLT-27,62.14,38(073)35-90-261
Богдан,Білоус,bohdan.bilous2@student.org,1997,3,8,KBI-65,26.21,38(095)65-88-906
Юлія,Демченко,yuliya.demchenko3@student.org,1954,10,14,PEW-50,17.22,38(093)89-55-337
Григорій,Гладко,hryhoriy.hladko6@student.org,1990,12,2,XKB-28,43.63,38(095)85-44-344
Остап,Василенко,ostap.vasylenko4@student.org,1999,10,8,MWE-63,96.93,38(063)87-23-655
Анна,Гладко,anna.hladko3@student.org,1983,5,1,OCS-23,63.14,38(073)21-48-508
Василь,Петренко,vasyl.petrenko5@student.org,1951,9,14,GBZ-43,78.76,38(099)29-36-545
Вікторія,Панченко,viktoriya.panchenko4@student.org,1960,3,3,YCJ-65,25.78,38(099)77-25-879
Олександр,Омельченко,oleksandr.omelchenko3@student.org,2006,11,22,GSL-11,95.58,38(096)83-55-309
Лариса,Михайленко,larysa.mykhaylenko4@student.org,1998,6,26,DXM-10,63.39,38(068)24-50-476
Євгенія,Романенко,yevheniya.romanenko5@student.org,1970,3,30,UKC-88,93.62,38(068)19-38-204
Тарас,Василенко,taras.vasylenko6@student.org,1997,8,26,FDO-98,53.38,38(099)21-72-588
Вера,Руденко,vera.rudenko4@student.org,1998,2,23,NKL-59,49.8,38(073)37-44-917
Володимир,Панченко,volodymyr.panchenko2@student.org,2008,10,29,RJV-55,49.97,38(099)24-43-476
Ігор,Панченко,ihor.panchenko4@student.org,1997,7,3,FNL-46,87.01,38(067)10-39-481
Лілія,Дорошенко,liliya.doroshenko@student.org,1993,10,3,WLT-47,4.39,38(097)84-96-820
Катерина,Панченко,kateryna.panchenko3@student.org,1950,5,29,ETM-58,77.5,38(063)30-94-966
Дмитро,Новік,dmytro.novik5@student.org,1991,9,28,UEM-41,50.15,38(099)95-55-185
Михайло,Бойко,mykhaylo.boyko7@student.org,2006,12,16,RGT-40,78.44,38(098)31-84-971
Дмитро,Марченко,dmytro.marchenko2@student.org,1981,4,28,IGX-29,20.93,38(093)46-85-518
Остап,Марченко,ostap.marchenko4@student.org,1950,7,5,SWH-53,92.15,38(099)57-29-803
Василь,Король,vasyl.korol3@student.org,2003,1,31,ICO-23,35.69,38(067)46-30-404
Артем,Дорошенко,artem.doroshenko8@student.org,1978,6,1,YFV-10,87.46,38(093)73-79-262
Петро,Коваленко,petro.kovalenko5@student.org,1985,1,17,BJY-31,90.81,38(093)44-66-267
Анна,Левченко,anna.levchenko4@student.org,1995,4,26,LAM-32,67.65,38(067)17-37-756
Роман,Романенко,roman.romanenko7@student.org,1961,11,13,XIS-37,43.88,38(066)54-43-651
Дмитро,Савченко,dmytro.savchenko1@student.org,1981,5,17,WGZ-85,23.33,38(095)85-27-657
Роман,Кравченко,roman.kravchenko9@student.org,1961,9,10,GXM-49,25.8,38(099)65-72-461
Алла,Зайцев,alla.zaytsev2@student.org,2002,4,11,IIA-79,40.84,38(096)97-29-679
Володимир,Зайцев,volodymyr.zaytsev3@student.org,1983,2,2,CAK-74,37.5,38(063)36-51-440
Любов,Михайленко,lyubov.mykhaylenko2@student.org,2007,5,1,ZCT-40,3.19,38(063)68-69-820
Сергій,Гайдук,serhiy.hayduk6@student.org,1986,4,4,XKQ-72,55.58,38(093)84-62-568
Анна,Руденко,anna.rudenko5@student.org,1957,11,3,QXM-66,13.91,38(093)54-73-257
Віталій,Литвин,vitaliy.lytvyn@student.org,1953,6,3,PMT-82,97.34,38(063)74-44-448
Світлана,Гайдук,svitlana.hayduk2@student.org,1986,6,2,SYT-74,36.54,38(099)79-63-986
Костянтин,Романенко,kostyantyn.romanenko2@student.org,1997,9,3,YWU-86,67.44,38(068)93-25-786
Роман,Василенко,roman.vasylenko10@student.org,1997,7,19,YBK-86,49.26,38(068)20-96-253
Богдан,Гордієнко,bohdan.hordiyenko1@student.org,1979,8,31,PPP-95,12.65,38(068)42-43-314
Валентина,Петренко,valentyna.petrenko6@student.org,1980,6,13,EGU-25,51.89,38(099)50-40-961
Олеся,Кузьменко,olesya.kuzmenko2@student.org,1993,5,28,GZK-41,30.88,38(073)84-53-568
Інна,Марченко,inna.marchenko5@student.org,2005,6,13,GAS-34,18.53,38(063)71-84-751
Денис,Поліщук,denys.polishchuk9@student.org,1999,8,30,JBK-13,8.42,38(050)28-86-374
Петро,Омельченко,petro.omelchenko5@student.org,1961,1,23,HIY-28,52.22,38(093)61-20-645
Вера,Василенко,vera.vasylenko1@student.org,1990,12,14,JTH-11,3.52,38(097)79-68-957
Наталія,Зайцев,nataliya.zaytsev2@student.org,1997,7,3,SEE-82,81.2,38(098)28-31-474
Юрій,Шевчук,yuriy.shevchuk1@student.org,1982,9,3,XHB-14,45.87,38(093)11-81-762
Надія,Захарченко,nadiya.zakharchenko6@student.org,1992,8,27,NRA-83,8.23,38(073)55-38-136
Олександр,Шевченко,oleksandr.shevchenko2@student.org,1965,6,20,AOQ-79,86.45,38(063)74-59-292
Інна,Михайленко,inna.mykhaylenko4@student.org,1956,10,10,JOW-48,76.04,38(099)54-16-537
Інна,Омельченко,inna.omelchenko5@student.org,1976,3,19,CNO-94,84.35,38(095)10-80-978
Андрій,Марченко,andriy.marchenko3@student.org,1993,4,20,WRI-62,29.97,38(066)33-93-284
Вікторія,Кузьменко,viktoriya.kuzmenko6@student.org,1983,2,1,NXE-49,22.28,38(073)53-52-220
Олеся,Новік,olesya.novik2@student.org,1992,3,7,CLG-78,81.04,38(066)32-23-730
Ірина,Гладко,iryna.hladko3@student.org,1951,6,4,DSH-97,88.15,38(096)90-89-543
Олеся,Гладко,olesya.hladko3@student.org,1970,9,1,YEV-32,35.21,38(073)34-54-999
Станіслав,Марченко,stanislav.marchenko5@student.org,1959,2,4,TOB-91,69.72,38(067)84-25-731
Юрій,Зайцев,yuriy.zaytsev1@student.org,1951,1,25,MVS-14,75.05,38(098)57-29-922
Олена,Зайцев,olena.zaytsev4@student.org,2003,8,19,BLT-92,81.79,38(096)47-79-665
Іван,Козлов,ivan.kozlov5@student.org,1957,2,1,QUM-50,40.39,38(099)97-83-580
Світлана,Король,svitlana.korol3@student.org,1980,11,14,GZK-41,58.95,38(073)99-76-841
Михайло,Гриценко,mykhaylo.hrytsenko6@student.org,1998,7,10,KFS-31,62.61,38(098)95-79-492
Станіслав,Скрипка,stanislav.skrypka2@student.org,2002,3,4,LTJ-55,58.62,38(068)72-36-536
Алла,Омельченко,alla.omelchenko6@student.org,1962,10,27,OGZ-47,42.78,38(063)44-80-308
Віктор,Гладко,viktor.hladko7@student.org,1971,10,5,ZCV-16,33.19,38(099)60-76-488
Роман,Гриценко,roman.hrytsenko6@student.org,1991,8,12,ROA-13,1.14,38(096)66-33-747
Максим,Козлов,maksym.kozlov1@student.org,1969,6,26,FVV-26,82.3,38(067)32-41-196
Остап,Новік,ostap.novik1@student.org,1964,6,7,UAN-76,21.06,38(099)39-77-996
Павло,Шаповал,pavlo.shapoval4@student.org,1996,7,7,EFL-51,41.03,38(095)64-41-237
Ганна,Ковальчук,hanna.kovalchuk2@student.org,2000,5,19,IDE-20,95.03,38(073)86-99-751
Артем,Король,artem.korol3@student.org,2007,6,4,GDX-58,5.69,38(095)51-22-383
Віктор,Шаповал,viktor.shapoval3@student.org,1951,6,16,LKB-27,19.57,38(063)70-80-228
Ганна,Ткаченко,hanna.tkachenko2@student.org,1998,7,27,RMW-95,56.39,38(068)15-77-430
Олександр,Кравченко,oleksandr.kravchenko2@student.org,2010,3,19,SVP-48,73.95,38(066)66-11-712
Вера,Михайленко,vera.mykhaylenko2@student.org,1957,2,6,BAJ-82,29.2,38(099)33-24-472
Тетяна,Лисенко,tetyana.lysenko5@student.org,1999,8,27,ICN-48,20.55,38(050)91-32-950
Вікторія,Левченко,viktoriya.levchenko4@student.org,1965,1,3,CTK-13,52.03,38(098)35-38-555
Лілія,Кравченко,liliya.kravchenko2@student.org,1979,8,6,TIC-65,25.08,38(073)88-92-307
Марія,Литвин,mariya.lytvyn5@student.org,2007,7,28,MBC-12,89.48,38(068)19-32-341
Інна,Лисенко,inna.lysenko4@student.org,1967,3,24,XSA-17,53.63,38(073)10-78-298
Василь,Іваненко,vasyl.ivanenko4@student.org,1988,9,3,MFD-36,79.71,38(097)67-11-564
Юлія,Левченко,yuliya.levchenko3@student.org,2006,8,15,MVR-17,50.41,38(073)44-89-463
Олеся,Скрипка,olesya.skrypka5@student.org,1971,7,20,YOH-62,77.46,38(068)89-71-859
Дмитро,Макаренко,dmytro.makarenko4@student.org,1985,3,7,NKH-82,19.17,38(097)58-23-208
Ігор,Левченко,ihor.levchenko2@student.org,1973,8,20,FYE-57,8.84,38(063)67-52-301
Василь,Макаренко,vasyl.makarenko5@student.org,1987,10,26,TJI-75,26.89,38(097)18-52-654
Вікторія,Омельченко,viktoriya.omelchenko4@student.org,2008,9,9,MBC-12,9.39,38(098)95-79-665
Олена,Кузьменко,olena.kuzmenko7@student.org,1961,6,27,ROQ-49,40.84,38(099)58-74-922
Ігор,Коваль,ihor.koval4@student.org,1974,1,21,CKI-57,94.46,38(093)32-14-948
Лілія,Шаповал,liliya.shapoval3@student.org,1976,7,2,MQR-17,20.13,38(098)16-19-850
Роман,Романенко,roman.romanenko8@student.org,1991,3,10,VUI-81,90.66,38(097)70-78-644
Станіслав,Костенко,stanislav.kostenko3@student.org,1987,7,2,OQM-15,56.56,38(095)83-43-486
Надія,Скрипка,nadiya.skrypka2@student.org,1993,5,2,DPB-70,42.18,38(099)67-79-583
Костянтин,Лебедь,kostyantyn.lebed5@student.org,2008,8,31,UVR-69,58.28,38(066)27-31-117
Катерина,Коваленко,kateryna.kovalenko1@student.org,1995,4,6,OUK-20,11.43,38(099)33-86-982
Богдан,Романенко,bohdan.romanenko3@student.org,1958,2,25,JDY-13,11.29,38(063)54-68-185
Євгенія,Рибак,yevheniya.rybak1@student.org,2010,6,15,RRT-21,80.31,38(099)20-53-817
Валентина,Петренко,valentyna.petrenko7@student.org,1967,9,24,CJO-89,88.52,38(096)37-70-410
Вікторія,Лисенко,viktoriya.lysenko4@student.org,1979,3,10,MFP-16,73.99,38(099)44-91-634
Олександр,Стельмах,oleksandr.stelmakh2@student.org,1957,2,11,JKA-71,29.01,38(066)93-24-856
Тарас,Гриценко,taras.hrytsenko4@student.org,1953,1,4,HVZ-31,37.21,38(066)51-40-727
Галина,Панченко,halyna.panchenko3@student.org,2003,3,8,MGE-61,51.09,38(067)26-44-506
Павло,Поліщук,pavlo.polishchuk4@student.org,1967,11,18,VJH-55,20.75,38(067)74-63-767
Роман,Гайдук,roman.hayduk7@student.org,1998,10,7,VEU-61,18.49,38(099)80-30-905
Наталія,Макаренко,nataliya.makarenko7@student.org,1968,6,1,XSA-17,49.39,38(063)52-74-765
Валентина,Іваненко,valentyna.ivanenko3@student.org,1973,1,1,FIC-58,28.11,38(099)85-30-582
Анна,Іваненко,anna.ivanenko3@student.org,1961,11,28,BRS-73,94.55,38(095)29-92-296
Лілія,Руденко,liliya.rudenko7@student.org,1987,8,27,GCF-93,43.35,38(098)40-26-504
Богдан,Лисенко,bohdan.lysenko2@student.org,1962,1,31,EZU-87,73.95,38(097)51-50-433
Людмила,Павленко,lyudmyla.pavlenko6@student.org,2004,10,30,IJI-69,39.82,38(099)97-86-416
Олександр,Гайдук,oleksandr.hayduk6@student.org,1995,6,2,KQQ-67,64.58,38(067)21-49-160
Анна,Білоус,anna.bilous11@student.org,1979,2,8,FQJ-88,87.6,38(095)77-69-341
Людмила,Петренко,lyudmyla.petrenko2@student.org,1988,10,26,XLL-44,53.73,38(068)75-38-296
Олеся,Марченко,olesya.marchenko4@student.org,1964,1,1,QIX-38,31.78,38(068)69-98-101
Ганна,Авраменко,hanna.avramenko4@student.org,2003,10,9,USJ-99,20.71,38(098)78-88-746
Лілія,Козлов,liliya.kozlov3@student.org,1992,6,19,WMA-83,58.61,38(099)99-74-682
Роман,Михайленко,roman.mykhaylenko8@student.org,1988,3,18,XGP-48,76.8,38(066)37-70-843
Петро,Поліщук,petro.polishchuk1@student.org,2003,5,29,GYX-84,5.4,38(073)42-52-310
Павло,Ткаченко,pavlo.tkachenko9@student.org,2010,4,6,YFX-15,59.86,38(073)32-49-283
Лариса,Омельченко,larysa.omelchenko1@student.org,1955,4,18,NWJ-27,2.53,38(097)72-28-847
Оксана,Поліщук,oksana.polishchuk4@student.org,1965,12,18,BWH-21,93.8,38(050)43-34-709
Артем,Никоненко,artem.nykonenko5@student.org,1988,11,13,HEM-27,22.8,38(093)49-41-776
Інна,Стельмах,inna.stelmakh3@student.org,1976,4,12,VZL-52,18.93,38(096)81-50-143
Андрій,Мельник,andriy.melnyk2@student.org,1952,3,1,XQO-19,64.29,38(098)61-14-104
Андрій,Гладко,andriy.hladko4@student.org,1962,11,16,BYT-25,52.17,38(067)68-34-857
Юлія,Білоус,yuliya.bilous2@student.org,1983,2,26,GLP-85,91.63,38(099)36-39-877
Вера,Шаповал,vera.shapoval9@student.org,1966,11,3,HTN-89,60.98,38(093)52-50-445
Лариса,Стельмах,larysa.stelmakh4@student.org,1974,3,10,YWM-96,15.91,38(093)44-87-649
Костянтин,Марченко,kostyantyn.marchenko2@student.org,1996,7,30,QIP-62,15.15,38(096)46-41-680
Світлана,Шевчук,svitlana.shevchuk2@student.org,1993,2,16,JYG-63,6.94,38(068)60-17-501
Юрій,Никоненко,yuriy.nykonenko3@student.org,1983,10,25,GNM-37,41.52,38(066)37-97-459
Тетяна,Макаренко,tetyana.makarenko3@student.org,2010,11,29,EHZ-91,37.87,38(067)92-64-240
Григорій,Марченко,hryhoriy.marchenko1@student.org,1977,1,19,ELP-11,60.8,38(099)93-94-510
Вера,Омельченко,vera.omelchenko1@student.org,1965,5,28,WMG-49,82.05,38(067)70-88-411
Алла,Бойко,alla.boyko6@student.org,1961,12,22,EUM-27,90.24,38(099)72-66-282
Петро,Скрипка,petro.skrypka3@student.org,2006,10,7,YBJ-70,86.76,38(063)50-68-677
Лариса,Шаповал,larysa.shapoval9@student.org,1996,5,7,VVB-34,11.76,38(050)37-66-501
Сергій,Панченко,serhiy.panchenko4@student.org,1985,9,25,JNM-47,50.1,38(073)37-17-714
Оксана,Лисенко,oksana.lysenko3@student.org,1971,10,19,NWC-21,7.07,38(095)86-47-543
Ігор,Руденко,ihor.rudenko4@student.org,2007,7,30,CEO-52,52.23,38(097)31-50-836
Валентина,Романенко,valentyna.romanenko5@student.org,1986,6,9,WWU-13,86.78,38(096)54-23-455
Григорій,Руденко,hryhoriy.rudenko5@student.org,1983,12,14,REC-53,65.95,38(073)38-35-558
Денис,Гордієнко,denys.hordiyenko5@student.org,1983,12,19,PGD-98,40.25,38(067)15-34-220
Олександр,Гайдук,oleksandr.hayduk7@student.org,1971,2,7,PRA-79,19.21,38(068)60-46-630
Григорій,Шевчук,hryhoriy.shevchuk1@student.org,1959,12,17,EZL-13,7.98,38(097)86-47-319
Галина,Іваненко,halyna.ivanenko6@student.org,1984,9,20,CLX-45,51.13,38(067)70-63-544
Катерина,Стельмах,kateryna.stelmakh2@student.org,1960,8,7,PDP-47,10.75,38(096)81-52-457
Раїса,Шевченко,rayisa.shevchenko5@student.org,2003,12,5,XSA-17,91.61,38(095)46-78-614
Надія,Білоус,nadiya.bilous3@student.org,1992,1,20,BXV-10,21.74,38(067)11-13-415
Богдан,Коваленко,bohdan.kovalenko2@student.org,1981,9,15,GXY-94,89.45,38(097)94-38-456
Сергій,Король,serhiy.korol3@student.org,1976,8,29,OAG-24,53.85,38(063)84-61-454
Лариса,Бойко,larysa.boyko6@student.org,2005,3,19,RGG-24,97.24,38(063)41-90-434
Лариса,Іваненко,larysa.ivanenko2@student.org,1956,6,5,CTK-13,67.12,38(099)69-86-732
Євгенія,Авраменко,yevheniya.avramenko6@student.org,2006,3,1,XTR-34,18.02,38(097)65-71-276
Інна,Савченко,inna.savchenko5@student.org,2006,11,24,VYU-77,30.47,38(063)43-20-270
Наталія,Новік,nataliya.novik3@student.org,1969,3,8,FQA-61,96.07,38(098)70-19-515
Денис,Коваль,denys.koval5@student.org,1963,3,15,OKU-80,29.77,38(098)57-18-307
Михайло,Гайдук,mykhaylo.hayduk6@student.org,1955,4,20,MHV-86,58.92,38(093)16-20-414
Олеся,Зайцев,olesya.zaytsev1@student.org,1977,2,23,HMS-89,10.08,38(063)38-19-241
Юлія,Кузьменко,yuliya.kuzmenko6@student.org,1986,1,26,GOZ-17,43.15,38(050)66-13-379
Вікторія,Поліщук,viktoriya.polishchuk4@student.org,1960,12,21,CQD-73,19.82,38(099)38-31-850
Надія,Никоненко,nadiya.nykonenko1@student.org,1995,1,26,JMK-30,63.98,38(099)33-98-772
Віктор,Мельник,viktor.melnyk1@student.org,1964,12,29,TOS-69,5.02,38(063)62-51-328
Василь,Ковальчук,vasyl.kovalchuk4@student.org,1999,5,2,CTR-92,75.65,38(066)15-70-708
Павло,Коваленко,pavlo.kovalenko6@student.org,1960,2,3,AQP-93,50.53,38(068)21-26-915
Андрій,Король,andriy.korol5@student.org,1950,5,31,BYD-52,48.46,38(066)36-74-191
Ганна,Панченко,hanna.panchenko5@student.org,1953,8,15,VSC-21,3.68,38(073)78-62-806
Олександр,Новік,oleksandr.novik2@student.org,1980,3,2,JJH-90,67.01,38(050)97-97-858
Максим,Козлов,maksym.kozlov2@student.org,1960,8,20,TTE-46,15.31,38(073)89-74-540
Ігор,Козлов,ihor.kozlov3@student.org,1961,12,22,RFI-24,84.4,38(068)18-75-438
Лілія,Левченко,liliya.levchenko3@student.org,1990,8,9,GZL-41,0.34,38(095)21-52-748
Марія,Михайленко,mariya.mykhaylenko4@student.org,1973,6,26,VDX-53,74.42,38(097)53-24-464
Віталій,Коваленко,vitaliy.kovalenko7@student.org,1998,4,24,YZY-43,47.66,38(096)22-28-834
Ярослав,Никоненко,yaroslav.nykonenko4@student.org,1989,8,31,PXE-68,11.8,38(073)97-18-256
Михайло,Поліщук,mykhaylo.polishchuk3@student.org,2000,2,4,DNF-32,56.38,38(067)56-42-959
Вікторія,Панченко,viktoriya.panchenko5@student.org,2000,12,14,DZM-24,99.3,38(099)95-75-534
Світлана,Костенко,svitlana.kostenko3@student.org,1960,10,31,WWG-37,20.55,38(050)11-46-393
Григорій,Гайдук,hryhoriy.hayduk5@student.org,1963,8,9,GDE-26,37.21,38(066)22-82-414
Валентина,Лисенко,valentyna.lysenko4@student.org,1997,8,29,YHS-66,14.74,38(066)89-85-672
Дмитро,Руденко,dmytro.rudenko4@student.org,1971,11,10,VGF-50,33.35,38(066)25-68-266
Надія,Романенко,nadiya.romanenko4@student.org,1987,2,8,IJO-65,20.96,38(050)92-87-203
Вікторія,Левченко,viktoriya.levchenko5@student.org,1973,3,24,QPH-87,55.11,38(095)54-89-738
Євгенія,Ткаченко,yevheniya.tkachenko1@student.org,1957,5,16,THS-70,23.75,38(066)28-96-299
Олеся,Цимбал,olesya.tsymbal3@student.org,1997,11,26,HNP-10,57.33,38(050)55-46-864
Світлана,Гладко,svitlana.hladko2@student.org,2006,7,14,WYK-90,80.17,38(063)65-84-307
Світлана,Гладко,svitlana.hladko3@student.org,1961,7,4,FRL-14,92.58,38(093)88-88-836
Ігор,Авраменко,ihor.avramenko5@student.org,1964,9,13,BXV-10,28.66,38(050)59-82-547
Іван,Король,ivan.korol3@student.org,1979,11,21,IAX-64,53.81,38(073)92-87-998
Дмитро,Іваненко,dmytro.ivanenko2@student.org,1989,3,24,VMY-44,83.97,38(073)86-46-324
Костянтин,Левченко,kostyantyn.levchenko6@student.org,2005,6,11,MSL-99,48.3,38(068)31-24-171
Алла,Гордієнко,alla.hordiyenko3@student.org,1951,4,16,EZU-87,95.47,38(098)60-92-788
Костянтин,Білоус,kostyantyn.bilous6@student.org,1951,5,15,WXX-91,92.07,38(097)66-79-597
Раїса,Кузьменко,rayisa.kuzmenko1@student.org,1954,4,19,ABY-41,7.86,38(098)94-79-189
Станіслав,Білоус,stanislav.bilous7@student.org,1987,5,26,GTH-89,88.96,38(098)51-52-124
Євгенія,Руденко,yevheniya.rudenko2@student.org,1951,10,13,MCS-42,38.52,38(067)49-83-841
Катерина,Іваненко,kateryna.ivanenko5@student.org,1990,6,4,CLS-23,64.99,38(066)88-97-535
Федір,Левченко,fedir.levchenko6@student.org,1980,11,16,YJB-57,73.48,38(096)58-22-163
Раїса,Костенко,rayisa.kostenko3@student.org,1977,6,9,WCO-96,65.01,38(068)96-14-268
Катерина,Руденко,kateryna.rudenko3@student.org,1976,12,13,YDC-75,16.76,38(068)62-29-808
Анна,Михайленко,anna.mykhaylenko3@student.org,1954,7,6,KSP-30,10.39,38(095)68-32-728
Григорій,Романенко,hryhoriy.romanenko2@student.org,1968,2,13,SGN-84,53.95,38(067)20-33-256
Віталій,Коваленко,vitaliy.kovalenko8@student.org,1977,11,9,ELD-14,63.19,38(050)13-77-166
Юрій,Гриценко,yuriy.hrytsenko3@student.org,1950,7,28,QIM-69,15.38,38(097)65-85-733
Сергій,Цимбал,serhiy.tsymbal1@student.org,1978,10,13,KPT-93,66.16,38(093)71-83-224
Олеся,Кравченко,olesya.kravchenko5@student.org,2005,3,31,GQE-13,50.19,38(098)83-11-340
Інна,Кравченко,inna.kravchenko2@student.org,2000,9,27,HDA-31,77.53,38(099)86-47-641
Алла,Скрипка,alla.skrypka2@student.org,1964,12,28,MYC-51,48.28,38(073)38-14-683
Павло,Гордієнко,pavlo.hordiyenko3@student.org,2004,10,12,VVK-45,6.44,38(098)71-43-737
Ігор,Макаренко,ihor.makarenko2@student.org,1991,12,31,UXV-39,31.76,38(099)25-93-285
Артем,Гриценко,artem.hrytsenko3@student.org,1965,12,2,DOQ-19,81.75,38(098)81-10-285
Вікторія,Михайленко,viktoriya.mykhaylenko4@student.org,1966,4,13,OMJ-33,4.01,38(097)70-21-575
Оксана,Василенко,oksana.vasylenko5@student.org,1975,12,3,KVM-65,35.96,38(063)25-36-904
Ганна,Костенко,hanna.kostenko1@student.org,1986,4,8,XGC-67,52.65,38(063)23-83-268
Оксана,Шевчук,oksana.shevchuk3@student.org,1955,9,5,NMG-31,26.73,38(063)31-70-613
Галина,Шевчук,halyna.shevchuk5@student.org,1963,9,12,FKK-11,49.74,38(073)27-73-506
Людмила,Іваненко,lyudmyla.ivanenko5@student.org,1987,10,23,UIQ-41,46.35,38(098)58-72-224
Олександр,Поліщук,oleksandr.polishchuk4@student.org,1969,1,25,NCX-34,14.38,38(067)39-14-529
Тарас,Захарченко,taras.zakharchenko3@student.org,1982,5,3,EXH-86,1.37,38(050)66-62-543
Роман,Гордієнко,roman.hordiyenko9@student.org,1968,5,7,XLU-63,14.5,38(098)69-77-707
Петро,Руденко,petro.rudenko5@student.org,2003,10,1,XMH-63,2.37,38(095)72-23-553
Дмитро,Скрипка,dmytro.skrypka3@student.org,1980,7,28,TPL-54,25.29,38(098)49-35-776
Роман,Гладко,roman.hladko6@student.org,2006,2,25,REU-86,25.51,38(096)12-72-144
Сергій,Кузьменко,serhiy.kuzmenko7@student.org,2010,11,20,BWH-21,48.25,38(066)22-47-279
Галина,Костенко,halyna.kostenko5@student.org,1964,7,16,FHA-98,65.05,38(099)14-96-541
Богдан,Петренко,bohdan.petrenko5@student.org,1977,4,20,UKA-25,5.47,38(099)44-46-522
Віталій,Рибак,vitaliy.rybak@student.org,2001,5,23,TLO-90,71.38,38(067)88-79-861
Андрій,Панченко,andriy.panchenko1@student.org,1990,5,3,USX-62,37.31,38(066)28-75-321
Наталія,Кравченко,nataliya.kravchenko3@student.org,2002,9,4,QFF-24,49.92,38(099)89-93-517
Наталія,Ковальчук,nataliya.kovalchuk5@student.org,1984,6,19,IQK-66,31.59,38(067)97-33-390
Юрій,Новік,yuriy.novik5@student.org,1976,11,1,HYH-15,24.59,38(093)67-18-593
Ігор,Поліщук,ihor.polishchuk3@student.org,1977,6,14,JFL-39,43.78,38(067)17-10-468
Інна,Шаповал,inna.shapoval1@student.org,1987,7,21,GCU-67,42.1,38(068)16-87-680
Денис,Скрипка,denys.skrypka3@student.org,1959,4,20,RUA-99,68.35,38(096)34-80-501
Анна,Стельмах,anna.stelmakh6@student.org,1977,10,7,EHL-32,26.39,38(097)39-60-557
Дмитро,Омельченко,dmytro.omelchenko4@student.org,1981,6,3,BSK-24,65.07,38(063)23-31-631
Інна,Іваненко,inna.ivanenko6@student.org,1992,11,27,AOQ-79,15.28,38(095)68-59-436
Вікторія,Омельченко,viktoriya.omelchenko5@student.org,2000,10,31,OEZ-68,85.25,38(050)21-37-226
Людмила,Марченко,lyudmyla.marchenko2@student.org,1979,12,13,IHU-98,35.78,38(097)87-33-505
Андрій,Ткаченко,andriy.tkachenko5@student.org,1960,9,19,CIA-25,46.97,38(097)26-90-314
Світлана,Костенко,svitlana.kostenko4@student.org,1979,5,10,EHZ-91,14.76,38(093)33-39-613
Григорій,Демченко,hryhoriy.demchenko1@student.org,1995,6,2,XNG-77,94.31,38(097)60-85-136
Валентина,Лисенко,valentyna.lysenko5@student.org,1971,1,5,CHH-90,2.21,38(073)23-97-177
Наталія,Павленко,nataliya.pavlenko7@student.org,2006,11,15,IDE-20,80.89,38(050)79-85-981
Ганна,Руденко,hanna.rudenko2@student.org,1951,11,22,MXS-53,84.32,38(099)37-81-226
Алла,Михайленко,alla.mykhaylenko5@student.org,2004,6,15,BLK-38,73.26,38(098)65-20-710
Роман,Захарченко,roman.zakharchenko5@student.org,1983,6,6,LFF-89,29.52,38(066)57-74-799
Дмитро,Василенко,dmytro.vasylenko5@student.org,1996,8,31,XGP-48,81.59,38(093)22-27-774
Денис,Новік,denys.novik1@student.org,1986,1,9,FDF-77,9.89,38(068)67-10-504
Віктор,Савченко,viktor.savchenko1@student.org,1968,3,26,GVM-62,83.09,38(098)85-49-672
Денис,Гончаренко,denys.honcharenko6@student.org,1990,1,20,FKP-80,15.1,38(096)31-32-477
Ганна,Поліщук,hanna.polishchuk3@student.org,2005,4,11,XON-85,16.16,38(066)82-42-717
Оксана,Демченко,oksana.demchenko2@student.org,1954,9,2,HTP-18,83.57,38(096)58-64-207
Ігор,Захарченко,ihor.zakharchenko3@student.org,1961,2,10,ROJ-32,40.06,38(067)42-97-167
Любов,Гончаренко,lyubov.honcharenko3@student.org,1989,11,18,HGB-68,47.14,38(050)14-88-496
Галина,Білоус,halyna.bilous3@student.org,1953,10,12,WFH-68,56.17,38(098)81-29-629
Віталій,Король,vitaliy.korol4@student.org,1981,10,26,VLK-27,21.65,38(093)29-35-821
Олександр,Костенко,oleksandr.kostenko3@student.org,1999,6,26,VQU-12,24.14,38(093)93-91-851
Оксана,Левченко,oksana.levchenko2@student.org,1976,7,5,WBI-63,83.72,38(067)45-69-343
Лілія,Шаповал,liliya.shapoval4@student.org,1956,12,9,QMD-35,99.81,38(096)51-31-837
Ярослав,Захарченко,yaroslav.zakharchenko1@student.org,2010,4,17,YLL-24,36.38,38(099)92-45-730
Надія,Никоненко,nadiya.nykonenko2@student.org,1995,8,9,YXX-79,9.82,38(050)72-55-473
Любов,Гончаренко,lyubov.honcharenko4@student.org,1983,7,2,ZME-55,53.96,38(067)55-50-967
Григорій,Марченко,hryhoriy.marchenko2@student.org,1962,6,12,PXJ-30,66.5,38(099)82-28-760
Володимир,Гончаренко,volodymyr.honcharenko3@student.org,2010,11,20,UAU-76,60.79,38(073)60-55-236
Ярослав,Лисенко,yaroslav.lysenko5@student.org,1965,2,7,GLF-75,89.62,38(073)28-77-947
Катерина,Шевченко,kateryna.shevchenko2@student.org,1956,8,5,LUU-10,87.86,38(068)77-97-706
Ганна,Дорошенко,hanna.doroshenko2@student.org,1968,11,14,XML-35,33.34,38(073)49-80-511
Вікторія,Панченко,viktoriya.panchenko6@student.org,1976,7,6,XML-10,21.23,38(073)27-39-103
Любов,Козлов,lyubov.kozlov2@student.org,1990,7,24,MHV-86,29.93,38(095)88-40-952
Вера,Стельмах,vera.stelmakh4@student.org,1955,8,22,ECJ-35,61.5,38(098)77-40-568
Тарас,Михайленко,taras.mykhaylenko1@student.org,1983,3,11,DUU-99,44.35,38(063)10-64-646
Раїса,Костенко,rayisa.kostenko4@student.org,2009,4,18,UOU-42,98.18,38(067)44-95-323
Вікторія,Костенко,viktoriya.kostenko3@student.org,1967,8,11,NOY-47,98.66,38(068)35-43-843
Оксана,Савченко,oksana.savchenko6@student.org,1962,8,5,AIZ-80,27.25,38(073)13-69-258
Григорій,Козлов,hryhoriy.kozlov5@student.org,1991,5,12,VYC-70,85.46,38(068)99-58-631
Олександр,Левченко,oleksandr.levchenko1@student.org,1992,4,5,AVW-76,97.93,38(050)22-41-355
Андрій,Василенко,andriy.vasylenko4@student.org,1969,9,14,UQW-56,8.88,38(095)25-48-629
Олександр,Коваль,oleksandr.koval3@student.org,1962,1,16,MHF-65,49.46,38(095)76-61-764
Олеся,Гриценко,olesya.hrytsenko2@student.org,1993,8,2,XHT-86,64.74,38(073)93-91-464
Ярослав,Білоус,yaroslav.bilous3@student.org,1973,12,20,QAV-23,90.12,38(063)31-10-883
Костянтин,Ковальчук,kostyantyn.kovalchuk9@student.org,1991,12,20,TMM-37,81.82,38(099)68-68-304
Остап,Новік,ostap.novik2@student.org,1994,1,12,BPB-17,59.24,38(050)36-38-633
Дмитро,Бойко,dmytro.boyko3@student.org,1980,7,4,FQJ-88,19.78,38(096)31-36-229
Максим,Козлов,maksym.kozlov3@student.org,1978,7,6,CJO-50,28.47,38(050)65-86-696
Вікторія,Козлов,viktoriya.kozlov@student.org,1985,4,25,UUU-50,31.79,38(063)85-66-461
Олеся,Авраменко,olesya.avramenko2@student.org,1998,6,18,CDS-58,4.52,38(096)50-48-980
Наталія,Гайдук,nataliya.hayduk2@student.org,1982,8,22,FIR-31,42.93,38(073)46-72-635
Костянтин,Лисенко,kostyantyn.lysenko5@student.org,1973,6,18,AEX-52,98.09,38(097)43-64-112
Роман,Гриценко,roman.hrytsenko7@student.org,1992,11,2,UCL-59,29.18,38(050)63-41-179
Людмила,Петренко,lyudmyla.petrenko3@student.org,1978,8,3,TIQ-40,19.07,38(095)30-23-528
Оксана,Поліщук,oksana.polishchuk5@student.org,2005,10,27,XLG-22,84.5,38(097)42-33-920
Тарас,Лебедь,taras.lebed2@student.org,1982,2,2,FCI-21,86.47,38(097)49-59-806
Федір,Демченко,fedir.demchenko5@student.org,1955,6,18,OSQ-22,99.28,38(050)59-97-229
Артем,Поліщук,artem.polishchuk6@student.org,1964,12,24,IOJ-94,65.61,38(098)18-65-653
Анна,Кузьменко,anna.kuzmenko2@student.org,1990,5,2,KSD-19,37.04,38(066)16-11-566
Остап,Захарченко,ostap.zakharchenko5@student.org,1958,1,11,BCO-87,61.65,38(050)33-81-742
Роман,Цимбал,roman.tsymbal9@student.org,2001,5,11,SMK-44,79.17,38(099)12-51-664
Богдан,Савченко,bohdan.savchenko1@student.org,1988,6,10,TSW-22,13.04,38(097)73-29-290
Павло,Поліщук,pavlo.polishchuk5@student.org,1957,5,24,XEJ-78,6.5,38(073)63-60-119
Алла,Мельник,alla.melnyk2@student.org,1998,1,8,GHI-47,69.52,38(095)45-25-626
Валентина,Білоус,valentyna.bilous2@student.org,1970,12,26,ISW-24,7.68,38(073)71-61-438
Світлана,Шевчук,svitlana.shevchuk3@student.org,1986,1,23,HMU-74,70.1,38(099)98-98-433
Остап,Шевчук,ostap.shevchuk3@student.org,1974,10,17,AMQ-21,5.2,38(066)76-67-907
Вера,Костенко,vera.kostenko3@student.org,1973,11,25,EFF-17,61.7,38(098)11-30-886
Анна,Ковальчук,anna.kovalchuk6@student.org,2010,8,15,QIU-95,79.78,38(096)81-94-576
Станіслав,Ковальчук,stanislav.kovalchuk5@student.org,2003,10,27,RTW-75,60.01,38(098)10-18-989
Василь,Поліщук,vasyl.polishchuk5@student.org,1952,4,22,SJO-82,1.38,38(098)70-28-631
Вера,Поліщук,vera.polishchuk3@student.org,1977,6,8,QIO-66,84.38,38(066)76-74-848
Інна,Петренко,inna.petrenko3@student.org,1974,2,18,TGV-52,19.95,38(095)97-33-783
Федір,Павленко,fedir.pavlenko2@student.org,1991,6,18,MVK-98,58.82,38(095)43-98-576
Володимир,Білоус,volodymyr.bilous3@student.org,1978,9,11,MUT-21,37.75,38(066)82-57-330
Євгенія,Гриценко,yevheniya.hrytsenko6@student.org,1959,9,6,RPZ-15,81.17,38(097)27-59-287
Віктор,Панченко,viktor.panchenko9@student.org,1981,6,8,GCF-93,53.76,38(096)71-25-168
Олександр,Гриценко,oleksandr.hrytsenko2@student.org,1976,3,20,JLL-44,68.69,38(099)78-73-157
Василь,Гончаренко,vasyl.honcharenko3@student.org,1967,10,16,XBU-48,13.45,38(096)43-51-138
Вера,Макаренко,vera.makarenko3@student.org,1961,11,22,EPC-10,75.57,38(093)80-36-222
Олена,Іваненко,olena.ivanenko4@student.org,1995,6,16,RWB-77,67.9,38(050)71-26-957
Іван,Макаренко,ivan.makarenko2@student.org,1958,8,2,MVL-42,37.7,38(067)26-75-376
Тетяна,Петренко,tetyana.petrenko3@student.org,1972,5,19,SKM-45,5.29,38(073)78-68-796
Юлія,Литвин,yuliya.lytvyn7@student.org,1980,2,8,JPR-40,12.6,38(097)54-89-777
Денис,Савченко,denys.savchenko4@student.org,2002,11,25,EGB-60,75.68,38(068)53-36-583
Денис,Ткаченко,denys.tkachenko3@student.org,1953,10,30,BYU-90,86.44,38(095)35-76-733
Оксана,Литвин,oksana.lytvyn3@student.org,2003,4,24,FCQ-32,72.66,38(067)49-54-378
Артем,Романенко,artem.romanenko5@student.org,1958,9,13,XXU-15,33.16,38(098)73-79-635
Лілія,Кузьменко,liliya.kuzmenko5@student.org,1953,2,14,ZGN-26,55.51,38(099)36-72-307
Максим,Левченко,maksym.levchenko4@student.org,1988,5,28,YRX-72,94.12,38(066)36-62-907
Артем,Коваленко,artem.kovalenko2@student.org,1982,11,22,QPU-55,67.28,38(050)14-69-602
Дмитро,Білоус,dmytro.bilous1@student.org,2002,4,14,SOT-76,77.76,38(095)38-98-299
Оксана,Романенко,oksana.romanenko1@student.org,1967,9,13,RVO-12,19.24,38(095)14-89-229
Вера,Литвин,vera.lytvyn3@student.org,1993,12,26,JAP-98,17.03,38(095)70-63-697
Юлія,Ковальчук,yuliya.kovalchuk3@student.org,1969,10,30,POA-41,47.36,38(068)14-18-228
Ігор,Мельник,ihor.melnyk4@student.org,1978,10,2,WHO-39,4.0,38(066)35-64-571
Остап,Гончаренко,ostap.honcharenko3@student.org,1956,1,25,AKJ-64,3.03,38(093)83-51-980
Дмитро,Ковальчук,dmytro.kovalchuk3@student.org,1981,8,10,CMA-76,20.79,38(073)28-63-755
Дмитро,Гайдук,dmytro.hayduk1@student.org,1979,1,25,TMW-90,34.98,38(050)33-83-643
Наталія,Іваненко,nataliya.ivanenko2@student.org,2007,11,18,YAB-88,75.56,38(098)48-94-454
Анна,Козлов,anna.kozlov3@student.org,1954,3,26,QLR-17,93.49,38(096)23-32-267
Галина,Стельмах,halyna.stelmakh1@student.org,1950,3,15,NXN-56,62.43,38(096)50-58-837
Раїса,Бойко,rayisa.boyko4@student.org,2001,9,5,OBJ-94,47.97,38(066)37-65-489
Інна,Романенко,inna.romanenko3@student.org,1955,10,18,LVU-20,54.3,38(068)54-71-700
Ігор,Костенко,ihor.kostenko4@student.org,1976,10,9,JXR-21,12.18,38(067)52-16-203
Анна,Марченко,anna.marchenko@student.org,1991,8,6,AEC-17,52.3,38(093)57-46-606
Юлія,Гончаренко,yuliya.honcharenko4@student.org,1979,5,2,IRY-41,19.04,38(096)37-37-558
Михайло,Романенко,mykhaylo.romanenko2@student.org,1957,8,1,QMD-35,94.56,38(050)67-26-225
Євгенія,Михайленко,yevheniya.mykhaylenko9@student.org,1966,3,10,YGX-80,16.77,38(098)57-80-930
Роман,Стельмах,roman.stelmakh7@student.org,1984,6,19,HUM-25,34.83,38(068)57-53-167
Григорій,Михайленко,hryhoriy.mykhaylenko5@student.org,1967,7,28,MMS-77,57.82,38(096)54-67-746
Марія,Макаренко,mariya.makarenko1@student.org,2009,12,23,QPA-45,82.15,38(066)55-82-577
Віталій,Авраменко,vitaliy.avramenko4@student.org,1963,3,11,ZMI-70,58.15,38(095)28-64-427
Григорій,Поліщук,hryhoriy.polishchuk6@student.org,1999,5,14,TMZ-53,98.86,38(098)82-38-813
Ігор,Гончаренко,ihor.honcharenko4@student.org,1974,8,4,JZN-53,3.04,38(067)72-62-849
Василь,Романенко,vasyl.romanenko3@student.org,1962,2,13,MNN-42,52.69,38(066)80-19-476
Ярослав,Лебедь,yaroslav.lebed2@student.org,2010,9,15,NBS-98,2.05,38(098)35-73-427
Петро,Демченко,petro.demchenko2@student.org,2008,6,2,UXJ-81,69.24,38(073)66-40-121
Олеся,Іваненко,olesya.ivanenko3@student.org,1987,4,20,LAA-97,42.73,38(095)48-65-726
Роман,Гриценко,roman.hrytsenko8@student.org,1977,8,25,KGO-96,4.76,38(098)19-79-374
Роман,Ткаченко,roman.tkachenko10@student.org,2008,8,31,EKG-26,91.93,38(068)21-99-591
Юлія,Шаповал,yuliya.shapoval3@student.org,1998,10,8,GJS-42,39.73,38(073)48-14-887
Володимир,Ткаченко,volodymyr.tkachenko@student.org,1966,3,24,PLJ-22,36.47,38(066)95-29-521
Віталій,Лисенко,vitaliy.lysenko4@student.org,1997,2,13,NSZ-73,35.25,38(097)35-30-634
Ярослав,Зайцев,yaroslav.zaytsev4@student.org,1975,6,6,FWV-39,84.1,38(063)44-98-383
Максим,Стельмах,maksym.stelmakh2@student.org,1977,2,22,FNW-40,22.91,38(050)39-79-204
Наталія,Стельмах,nataliya.stelmakh1@student.org,1953,11,24,QEO-71,93.52,38(098)95-26-472
Лариса,Шаповал,larysa.shapoval10@student.org,2006,4,21,EBR-36,52.42,38(067)98-96-221
Віталій,Гладко,vitaliy.hladko8@student.org,1954,5,5,NDU-34,66.75,38(099)30-97-137
Костянтин,Костенко,kostyantyn.kostenko3@student.org,1984,8,14,PWJ-53,33.78,38(066)36-25-207
Петро,Шаповал,petro.shapoval3@student.org,1957,12,8,BEL-44,71.01,38(067)40-46-217
Павло,Ткаченко,pavlo.tkachenko10@student.org,1997,1,24,BVU-10,78.6,38(097)75-80-374
Ганна,Захарченко,hanna.zakharchenko2@student.org,2008,4,21,LOK-74,1.54,38(066)21-26-617
Марія,Новік,mariya.novik3@student.org,1988,7,25,LUU-10,65.68,38(098)23-57-287
Іван,Зайцев,ivan.zaytsev1@student.org,1996,1,1,RNW-85,1.49,38(067)46-14-621
Федір,Ковальчук,fedir.kovalchuk3@student.org,1977,10,21,ZTV-62,59.68,38(096)63-19-856
Павло,Бойко,pavlo.boyko2@student.org,1993,3,22,GDS-92,78.01,38(096)27-29-913
Дмитро,Коваленко,dmytro.kovalenko3@student.org,1985,12,20,GYV-19,59.8,38(063)51-15-720
Олеся,Василенко,olesya.vasylenko1@student.org,1988,9,16,LRN-17,27.53,38(063)83-60-310
Сергій,Захарченко,serhiy.zakharchenko5@student.org,1951,12,24,IAX-64,57.08,38(073)12-16-533
Анна,Король,anna.korol3@student.org,1985,12,23,FZL-46,62.55,38(066)27-62-767
Світлана,Гладко,svitlana.hladko4@student.org,1987,3,1,KTO-68,19.97,38(095)90-15-539
Вера,Козлов,vera.kozlov6@student.org,1990,7,2,RIG-89,60.37,38(067)18-76-127
Ірина,Савченко,iryna.savchenko2@student.org,2002,9,14,TBA-46,99.23,38(050)23-28-884
Світлана,Бойко,svitlana.boyko5@student.org,1953,1,16,FBM-40,93.23,38(067)23-30-255
Наталія,Кравченко,nataliya.kravchenko4@student.org,2008,5,1,HPM-29,80.01,38(093)96-70-303
Наталія,Зайцев,nataliya.zaytsev3@student.org,1978,12,4,KTG-37,99.66,38(099)16-14-350
Остап,Іваненко,ostap.ivanenko1@student.org,1977,4,16,VQM-71,22.51,38(073)27-65-659
Олена,Савченко,olena.savchenko4@student.org,1978,9,13,ZYX-81,13.88,38(073)90-57-271
Раїса,Лисенко,rayisa.lysenko4@student.org,1984,5,30,NDY-98,17.82,38(063)62-67-916
Тарас,Савченко,taras.savchenko2@student.org,1954,3,21,NWJ-27,81.63,38(068)70-98-327
Марія,Лебедь,mariya.lebed3@student.org,1982,4,28,XEO-41,53.81,38(063)68-94-913
Сергій,Литвин,serhiy.lytvyn3@student.org,1995,12,16,UEM-41,1.2,38(073)47-65-513
Денис,Макаренко,denys.makarenko8@student.org,1993,2,10,YSS-92,63.96,38(067)22-49-358
Сергій,Захарченко,serhiy.zakharchenko6@student.org,1994,10,6,FLZ-67,75.0,38(066)49-14-393
Михайло,Савченко,mykhaylo.savchenko4@student.org,1957,7,15,UXY-32,62.9,38(066)80-98-418
Павло,Марченко,pavlo.marchenko6@student.org,1990,4,10,OJC-25,3.24,38(066)48-45-264
Вера,Литвин,vera.lytvyn4@student.org,1956,5,1,LAA-92,92.78,38(097)17-53-942
Сергій,Демченко,serhiy.demchenko4@student.org,2000,12,5,COP-35,89.41,38(093)15-26-116
Лариса,Коваленко,larysa.kovalenko4@student.org,1952,11,17,WDW-94,3.78,38(063)49-23-154
Роман,Дорошенко,roman.doroshenko9@student.org,1975,4,10,IRD-23,64.0,38(098)74-99-782
Лілія,Захарченко,liliya.zakharchenko3@student.org,1971,4,22,IRA-71,25.86,38(067)30-47-646
Інна,Гайдук,inna.hayduk6@student.org,1968,6,16,GSS-31,40.71,38(068)62-33-216
Юлія,Бойко,yuliya.boyko1@student.org,1973,3,31,CYR-32,67.86,38(067)69-12-853
Андрій,Лисенко,andriy.lysenko4@student.org,1980,9,30,ASX-54,33.69,38(098)33-87-816
Світлана,Костенко,svitlana.kostenko5@student.org,1952,12,20,NTI-68,56.18,38(050)40-96-530
Юрій,Гордієнко,yuriy.hordiyenko1@student.org,1979,6,20,IKX-12,65.87,38(099)44-20-780
Роман,Макаренко,roman.makarenko12@student.org,2003,11,22,AQW-53,70.92,38(095)65-82-642
Вера,Романенко,vera.romanenko5@student.org,1968,3,15,PHN-70,62.62,38(067)73-52-281
Надія,Шаповал,nadiya.shapoval1@student.org,1978,9,1,FIC-58,40.87,38(063)71-72-287
Андрій,Марченко,andriy.marchenko4@student.org,1984,6,3,UGJ-20,31.63,38(063)69-60-514
Надія,Лисенко,nadiya.lysenko2@student.org,1977,5,18,ARJ-88,37.65,38(066)16-62-565
Ганна,Романенко,hanna.romanenko1@student.org,1957,9,12,RDK-66,22.75,38(068)65-26-241
Оксана,Павленко,oksana.pavlenko2@student.org,1994,11,1,WYY-78,51.12,38(073)50-47-216
Лілія,Зайцев,liliya.zaytsev5@student.org,1972,6,25,KZC-19,1.09,38(099)25-26-416
Роман,Рибак,roman.rybak12@student.org,1980,8,15,GXM-49,36.27,38(063)71-59-640
Ірина,Ткаченко,iryna.tkachenko7@student.org,1981,5,16,TAX-35,63.1,38(099)18-95-330
Тарас,Стельмах,taras.stelmakh5@student.org,1997,7,30,FCT-16,97.79,38(095)72-19-827
Артем,Гончаренко,artem.honcharenko4@student.org,1950,10,3,WWO-20,69.76,38(099)96-54-993
Ігор,Цимбал,ihor.tsymbal4@student.org,1950,5,6,WTU-82,58.6,38(067)25-26-178
Максим,Ткаченко,maksym.tkachenko6@student.org,1965,9,27,KJV-15,45.11,38(050)59-80-839
Павло,Василенко,pavlo.vasylenko2@student.org,2009,10,2,OCB-38,43.07,38(066)94-79-233
Наталія,Гайдук,nataliya.hayduk3@student.org,1968,4,24,ROX-78,74.91,38(093)75-26-612
Ярослав,Шевченко,yaroslav.shevchenko6@student.org,1985,11,9,USN-47,71.85,38(068)71-18-557
Михайло,Шевчук,mykhaylo.shevchuk5@student.org,1978,9,26,CZC-63,46.07,38(099)52-85-838
Ірина,Павленко,iryna.pavlenko7@student.org,1993,10,8,QOJ-17,64.13,38(063)91-28-188
Дмитро,Павленко,dmytro.pavlenko4@student.org,1962,8,24,CPL-35,20.14,38(063)67-47-101
Лілія,Гончаренко,liliya.honcharenko3@student.org,1970,4,19,VQE-86,27.56,38(097)10-74-967
Максим,Омельченко,maksym.omelchenko3@student.org,1997,1,19,FNL-46,77.68,38(066)68-51-282
Ганна,Гайдук,hanna.hayduk4@student.org,1980,7,23,ZAA-80,44.32,38(063)73-18-430
Андрій,Панченко,andriy.panchenko2@student.org,2004,4,22,UKA-25,49.96,38(063)34-46-647
Світлана,Левченко,svitlana.levchenko4@student.org,1981,10,21,FYW-80,85.96,38(063)69-73-147
Петро,Левченко,petro.levchenko3@student.org,1974,9,3,XVY-85,13.83,38(097)68-68-342
Остап,Іваненко,ostap.ivanenko2@student.org,1983,8,11,FXH-61,42.82,38(093)12-61-214
Вера,Скрипка,vera.skrypka3@student.org,2005,8,11,BRS-73,53.43,38(068)42-93-495
Ірина,Павленко,iryna.pavlenko8@student.org,1982,10,8,TDT-16,33.21,38(093)51-75-548
Костянтин,Новік,kostyantyn.novik2@student.org,1958,7,7,CHY-96,26.8,38(095)97-96-411
Наталія,Гордієнко,nataliya.hordiyenko7@student.org,1964,10,30,OBJ-92,10.92,38(073)53-45-595
Богдан,Король,bohdan.korol5@student.org,1976,9,12,UPB-76,77.61,38(099)25-54-799
Остап,Новік,ostap.novik3@student.org,1985,10,23,RRC-63,62.78,38(098)53-73-281
Петро,Кравченко,petro.kravchenko3@student.org,1998,9,18,TDI-82,8.19,38(066)18-77-117
Інна,Марченко,inna.marchenko6@student.org,2003,2,9,CJF-92,57.69,38(093)24-99-223
Катерина,Бойко,kateryna.boyko2@student.org,1986,3,28,UUV-28,32.81,38(095)58-15-706
Олександр,Павленко,oleksandr.pavlenko5@student.org,2005,8,14,YGH-28,44.59,38(099)19-35-851
Раїса,Руденко,rayisa.rudenko2@student.org,1979,7,22,IEO-95,83.56,38(066)23-28-769
Любов,Гайдук,lyubov.hayduk7@student.org,1994,7,21,BAZ-73,80.07,38(050)13-18-198
Любов,Шевчук,lyubov.shevchuk5@student.org,2003,10,17,OFO-14,51.37,38(096)18-92-568
Олеся,Руденко,olesya.rudenko3@student.org,1983,7,7,POE-56,21.33,38(096)76-56-100
Лариса,Кузьменко,larysa.kuzmenko5@student.org,1950,11,1,PKC-90,32.0,38(050)36-95-853
Вера,Ковальчук,vera.kovalchuk4@student.org,1997,5,2,XCU-20,84.84,38(097)51-76-371
Раїса,Левченко,rayisa.levchenko6@student.org,1996,12,4,DCH-51,40.44,38(073)73-61-712
Світлана,Дорошенко,svitlana.doroshenko5@student.org,1980,12,9,HKW-35,74.93,38(099)20-94-762
Любов,Білоус,lyubov.bilous1@student.org,2001,4,9,DBF-72,20.9,38(097)66-15-683
Інна,Коваленко,inna.kovalenko4@student.org,2006,12,27,QCT-80,74.31,38(099)59-72-472
Галина,Кравченко,halyna.kravchenko4@student.org,1995,12,23,KFF-44,89.85,38(099)40-44-714
Євгенія,Кравченко,yevheniya.kravchenko6@student.org,2004,10,10,EOF-14,53.7,38(067)25-60-948
Вікторія,Поліщук,viktoriya.polishchuk5@student.org,1998,10,18,BHH-22,41.42,38(068)26-70-851
Олеся,Цимбал,olesya.tsymbal4@student.org,1978,4,21,IPH-66,88.97,38(095)94-79-411
Олеся,Гриценко,olesya.hrytsenko3@student.org,1973,10,2,MDE-59,64.64,38(063)48-82-686
Ганна,Литвин,hanna.lytvyn2@student.org,2000,4,26,ZVG-31,16.02,38(066)32-26-272
Валентина,Шевчук,valentyna.shevchuk4@student.org,2008,10,7,LSG-94,35.62,38(068)99-67-209
Василь,Кравченко,vasyl.kravchenko5@student.org,1970,2,10,ZVG-31,20.57,38(093)32-54-627
Денис,Іваненко,denys.ivanenko6@student.org,2002,1,24,GAY-11,63.49,38(097)30-95-486
Юрій,Ткаченко,yuriy.tkachenko2@student.org,2002,10,9,WQK-52,15.57,38(073)35-69-986
Костянтин,Левченко,kostyantyn.levchenko7@student.org,2005,6,2,YRF-84,5.63,38(066)69-33-518
Іван,Поліщук,ivan.polishchuk3@student.org,1985,2,17,RHT-52,49.59,38(063)84-86-934
Максим,Омельченко,maksym.omelchenko4@student.org,1982,8,28,LAA-92,84.29,38(073)89-56-423
Василь,Лебедь,vasyl.lebed7@student.org,1982,5,20,ZZL-26,86.62,38(098)66-13-576
Раїса,Савченко,rayisa.savchenko6@student.org,2010,11,27,TSG-56,40.29,38(068)28-74-626
Роман,Поліщук,roman.polishchuk9@student.org,1963,3,6,TYD-92,33.2,38(068)23-27-461
Максим,Зайцев,maksym.zaytsev4@student.org,1996,4,25,GUB-39,19.51,38(096)36-73-801
Любов,Павленко,lyubov.pavlenko2@student.org,1973,10,24,AEG-31,20.73,38(050)61-84-756
Сергій,Макаренко,serhiy.makarenko4@student.org,1995,7,17,MQJ-84,87.82,38(063)82-63-919
Віктор,Гончаренко,viktor.honcharenko1@student.org,2010,10,5,VTI-41,84.18,38(097)48-50-918
Денис,Михайленко,denys.mykhaylenko3@student.org,1956,3,31,QKC-73,22.79,38(067)81-45-403
Михайло,Рибак,mykhaylo.rybak6@student.org,1966,10,7,LIW-45,92.38,38(050)54-39-750
Петро,Павленко,petro.pavlenko3@student.org,1991,4,23,FWR-21,13.54,38(068)67-97-846
Юлія,Козлов,yuliya.kozlov4@student.org,1987,4,7,RCU-48,65.73,38(095)30-56-989
Михайло,Скрипка,mykhaylo.skrypka2@student.org,2004,1,24,KIQ-96,96.18,38(093)65-86-948
Володимир,Петренко,volodymyr.petrenko5@student.org,1969,4,30,BPF-99,83.76,38(099)22-60-545
Сергій,Шевченко,serhiy.shevchenko3@student.org,1981,6,30,JJZ-86,99.26,38(097)99-77-108
Людмила,Михайленко,lyudmyla.mykhaylenko3@student.org,1988,1,23,HNQ-75,32.36,38(050)45-90-689
Олеся,Кравченко,olesya.kravchenko6@student.org,1992,12,14,YLV-97,51.5,38(050)90-17-586
Костянтин,Мельник,kostyantyn.melnyk2@student.org,1954,8,26,QUE-39,49.83,38(068)21-23-733
Тетяна,Савченко,tetyana.savchenko2@student.org,1954,4,14,AAG-99,21.44,38(063)60-64-714
Дмитро,Коваленко,dmytro.kovalenko4@student.org,2010,9,1,VTD-10,0.89,38(095)14-57-322
Володимир,Марченко,volodymyr.marchenko3@student.org,1956,7,2,AEC-17,26.49,38(093)39-87-711
Роман,Гриценко,roman.hrytsenko9@student.org,1982,6,30,IGA-50,32.46,38(050)44-54-152
Станіслав,Павленко,stanislav.pavlenko2@student.org,1996,3,10,AKZ-49,46.03,38(063)34-61-220
Лариса,Новік,larysa.novik6@student.org,1975,1,30,DPD-77,50.49,38(093)44-24-916
Остап,Захарченко,ostap.zakharchenko6@student.org,2003,9,13,RQG-63,37.28,38(098)39-19-462
Анна,Захарченко,anna.zakharchenko6@student.org,1969,12,31,KZR-58,20.03,38(093)13-16-339
Вікторія,Омельченко,viktoriya.omelchenko6@student.org,1979,6,1,IQK-66,56.4,38(068)69-97-580
Ярослав,Шевченко,yaroslav.shevchenko7@student.org,1974,1,27,BQN-15,39.9,38(096)94-10-235
Валентина,Марченко,valentyna.marchenko4@student.org,1997,1,26,QDB-56,25.23,38(066)93-59-224
Володимир,Рибак,volodymyr.rybak3@student.org,1990,9,3,BAZ-73,63.66,38(068)96-80-734
Вера,Іваненко,vera.ivanenko7@student.org,1984,7,7,IAK-13,22.44,38(063)91-72-650
Лариса,Дорошенко,larysa.doroshenko6@student.org,1972,12,17,ISW-32,49.29,38(063)39-72-368
Артем,Макаренко,artem.makarenko1@student.org,1994,3,28,IEP-22,59.89,38(097)95-95-490
Артем,Захарченко,artem.zakharchenko6@student.org,2008,1,29,SPL-62,80.21,38(099)20-80-341
Світлана,Шаповал,svitlana.shapoval4@student.org,1995,2,17,IWI-20,17.37,38(095)11-53-611
Андрій,Гладко,andriy.hladko5@student.org,1952,1,13,EGK-32,60.13,38(066)86-49-597
Катерина,Панченко,kateryna.panchenko4@student.org,1994,1,28,CVZ-48,18.24,38(068)83-21-883
Роман,Коваленко,roman.kovalenko7@student.org,1998,5,22,PBA-98,9.88,38(093)30-65-756
Остап,Скрипка,ostap.skrypka1@student.org,1956,9,3,PYP-89,28.13,38(099)10-54-846
Світлана,Руденко,svitlana.rudenko2@student.org,1983,3,25,KJS-78,95.61,38(050)31-83-494
Галина,Гайдук,halyna.hayduk1@student.org,1959,8,11,TPZ-52,63.66,38(067)93-90-242
Максим,Костенко,maksym.kostenko4@student.org,1968,9,3,IYC-80,59.36,38(098)46-58-778
Світлана,Цимбал,svitlana.tsymbal5@student.org,2008,6,27,EHV-35,76.18,38(097)29-95-406
Григорій,Романенко,hryhoriy.romanenko3@student.org,1984,5,5,OCB-38,67.38,38(096)39-71-727
Вера,Гриценко,vera.hrytsenko5@student.org,1981,10,24,XLT-28,15.53,38(097)47-33-850
Денис,Гордієнко,denys.hordiyenko6@student.org,1997,7,8,FNE-32,20.21,38(099)31-29-354
Валентина,Гриценко,valentyna.hrytsenko4@student.org,1983,10,17,IAP-12,56.8,38(099)49-42-311
Михайло,Король,mykhaylo.korol@student.org,1991,3,23,SAA-30,43.49,38(096)98-63-755
Ярослав,Савченко,yaroslav.savchenko4@student.org,1967,4,16,EKY-48,89.93,38(066)54-92-149
Артем,Левченко,artem.levchenko3@student.org,1968,5,4,PMS-38,58.05,38(073)20-26-605
Тарас,Панченко,taras.panchenko11@student.org,1995,9,2,UEG-86,20.57,38(098)85-25-865
Наталія,Гриценко,nataliya.hrytsenko4@student.org,1987,8,12,ACX-46,59.45,38(098)27-33-608
Анна,Ткаченко,anna.tkachenko2@student.org,1972,10,18,VRJ-77,24.31,38(068)54-97-892
Володимир,Бойко,volodymyr.boyko2@student.org,1987,2,26,UHN-97,81.36,38(096)65-66-444
Петро,Ковальчук,petro.kovalchuk3@student.org,1953,6,12,QKC-73,41.79,38(098)16-47-333
Максим,Бойко,maksym.boyko2@student.org,1999,2,5,OAA-49,91.15,38(098)54-54-657
Федір,Дорошенко,fedir.doroshenko2@student.org,1974,7,6,QNL-32,5.24,38(073)96-91-472
Вера,Демченко,vera.demchenko5@student.org,1995,4,18,CQV-82,58.28,38(095)65-73-287
Алла,Дорошенко,alla.doroshenko3@student.org,1975,6,17,EMW-13,66.7,38(098)87-71-837
Лілія,Ковальчук,liliya.kovalchuk5@student.org,1961,9,7,IRV-99,61.19,38(096)34-44-427
Павло,Ткаченко,pavlo.tkachenko11@student.org,1999,1,20,UYV-51,13.27,38(067)41-50-504
Станіслав,Шевченко,stanislav.shevchenko2@student.org,1974,4,18,BUL-27,42.6,38(096)55-39-127
Василь,Шевчук,vasyl.shevchuk7@student.org,1957,2,1,DDU-91,62.44,38(098)33-51-830
Михайло,Білоус,mykhaylo.bilous3@student.org,1951,5,18,WCY-53,46.97,38(063)32-72-435
Віталій,Кузьменко,vitaliy.kuzmenko4@student.org,1968,6,10,VOX-27,35.71,38(097)89-23-167
Олеся,Кузьменко,olesya.kuzmenko3@student.org,1988,11,3,QZG-88,15.83,38(067)95-80-591
Володимир,Гайдук,volodymyr.hayduk6@student.org,1959,8,11,ZSJ-70,66.13,38(095)51-39-230
Костянтин,Кузьменко,kostyantyn.kuzmenko4@student.org,1956,11,17,ZNN-96,72.16,38(093)80-57-914
Петро,Іваненко,petro.ivanenko3@student.org,1987,7,1,HLU-75,72.21,38(066)82-36-501
Лілія,Новік,liliya.novik3@student.org,1973,10,28,MWN-70,38.45,38(097)20-96-168
Ірина,Макаренко,iryna.makarenko1@student.org,1980,2,26,UTH-26,25.51,38(066)46-86-129
Остап,Левченко,ostap.levchenko2@student.org,1984,9,15,WUH-91,24.17,38(050)21-26-112
Ірина,Марченко,iryna.marchenko1@student.org,2009,9,20,GFX-51,65.36,38(095)69-38-359
Григорій,Дорошенко,hryhoriy.doroshenko2@student.org,1971,1,31,RHF-73,23.92,38(093)50-20-185
Богдан,Король,bohdan.korol6@student.org,1966,12,21,YCP-32,59.71,38(096)30-53-538
Оксана,Михайленко,oksana.mykhaylenko2@student.org,1966,7,20,OIO-66,4.4,38(050)20-66-858
Анна,Василенко,anna.vasylenko2@student.org,1950,1,8,IMS-77,35.59,38(073)45-64-836
Роман,Литвин,roman.lytvyn7@student.org,2001,8,26,WMO-78,10.67,38(073)15-22-703
Ігор,Гладко,ihor.hladko6@student.org,1993,11,24,PAK-57,21.88,38(098)74-81-119
Роман,Лебедь,roman.lebed6@student.org,1980,10,19,IOW-35,43.56,38(099)85-46-925
Юрій,Литвин,yuriy.lytvyn3@student.org,1961,12,18,ORK-53,14.78,38(063)62-39-919
Григорій,Білоус,hryhoriy.bilous3@student.org,1995,4,11,GAS-34,4.21,38(067)52-97-633
Ірина,Рибак,iryna.rybak6@student.org,1976,11,7,EXU-68,28.27,38(050)52-53-108
Остап,Демченко,ostap.demchenko2@student.org,1977,11,28,IXW-16,91.4,38(068)27-77-341
Петро,Василенко,petro.vasylenko2@student.org,1965,9,14,BZK-49,1.83,38(063)19-85-888
Максим,Василенко,maksym.vasylenko3@student.org,1965,10,1,SCB-13,40.8,38(098)12-62-143
Інна,Рибак,inna.rybak2@student.org,1954,12,23,UAO-12,51.28,38(066)50-66-689
Станіслав,Никоненко,stanislav.nykonenko3@student.org,1951,6,25,QIQ-86,44.24,38(093)44-90-164
Олександр,Коваль,oleksandr.koval4@student.org,1991,7,21,SFU-16,6.59,38(093)96-83-463
Костянтин,Шевченко,kostyantyn.shevchenko3@student.org,2007,5,13,WBI-63,63.54,38(068)65-40-397
Максим,Литвин,maksym.lytvyn2@student.org,1993,8,7,FWO-86,58.75,38(097)53-67-914
Денис,Коваленко,denys.kovalenko4@student.org,1970,10,19,AQP-93,23.64,38(096)45-22-727
Роман,Омельченко,roman.omelchenko9@student.org,1982,7,24,FBC-33,90.44,38(098)80-41-115
Максим,Лисенко,maksym.lysenko6@student.org,1957,9,11,QMF-40,20.44,38(099)92-94-632
Лілія,Ткаченко,liliya.tkachenko1@student.org,1953,6,30,TGI-36,45.18,38(098)47-39-659
Раїса,Білоус,rayisa.bilous3@student.org,2006,4,20,JCM-58,38.4,38(099)27-42-651
Артем,Іваненко,artem.ivanenko5@student.org,1974,7,7,RGA-68,60.72,38(093)68-15-662
Іван,Панченко,ivan.panchenko4@student.org,1959,8,19,WLT-47,73.47,38(063)43-67-877
Артем,Коваленко,artem.kovalenko3@student.org,1986,5,25,WFE-82,17.31,38(098)83-94-833
Богдан,Бойко,bohdan.boyko3@student.org,1989,9,18,WCA-36,2.41,38(095)60-99-134
Костянтин,Рибак,kostyantyn.rybak2@student.org,1988,1,9,LAA-92,83.36,38(050)26-82-893
Галина,Рибак,halyna.rybak1@student.org,1950,1,4,XAU-61,88.09,38(095)66-66-590
Іван,Панченко,ivan.panchenko5@student.org,2009,1,29,SZT-11,51.88,38(050)97-68-264
Валентина,Поліщук,valentyna.polishchuk5@student.org,1970,10,7,KLQ-94,14.52,38(066)21-48-642
Віталій,Левченко,vitaliy.levchenko2@student.org,1988,1,20,LJP-88,9.41,38(099)20-48-985
Ігор,Лебедь,ihor.lebed2@student.org,1987,10,12,OVL-88,64.17,38(050)58-15-298
Євгенія,Шевченко,yevheniya.shevchenko1@student.org,1983,10,19,OXM-94,93.2,38(063)95-96-956
Максим,Король,maksym.korol3@student.org,1976,7,18,ITI-56,56.17,38(063)46-10-318
Оксана,Левченко,oksana.levchenko3@student.org,2001,6,5,BXF-92,21.93,38(073)12-32-970
Артем,Зайцев,artem.zaytsev7@student.org,1992,1,6,OUX-85,32.52,38(050)74-12-991
Олена,Новік,olena.novik6@student.org,1976,11,19,COP-35,31.14,38(063)48-53-755
Галина,Козлов,halyna.kozlov4@student.org,1986,7,19,DMW-46,49.95,38(066)80-16-129
Григорій,Михайленко,hryhoriy.mykhaylenko6@student.org,2004,9,20,FMB-22,23.9,38(097)49-97-200
Людмила,Гончаренко,lyudmyla.honcharenko@student.org,1990,5,4,GTR-88,42.05,38(097)23-21-914
Любов,Захарченко,lyubov.zakharchenko3@student.org,1991,6,8,OMQ-10,8.69,38(050)71-53-435
Іван,Поліщук,ivan.polishchuk4@student.org,1993,1,8,EDM-79,23.7,38(098)27-17-843
Павло,Марченко,pavlo.marchenko7@student.org,1971,10,25,HFU-53,43.28,38(097)47-21-394
Роман,Литвин,roman.lytvyn8@student.org,1968,4,18,QLZ-84,34.64,38(067)49-39-446
Раїса,Ковальчук,rayisa.kovalchuk3@student.org,2002,10,26,DLP-60,96.5,38(096)26-49-587
Павло,Новік,pavlo.novik4@student.org,1951,8,28,VTT-82,75.12,38(063)59-65-166
Ігор,Коваль,ihor.koval5@student.org,1993,12,13,CVJ-85,19.3,38(068)83-66-525
Олена,Костенко,olena.kostenko1@student.org,1990,1,8,ZUK-89,57.79,38(097)96-45-517
Петро,Шевченко,petro.shevchenko4@student.org,1952,2,20,YCI-56,39.41,38(050)35-29-629
Катерина,Шевченко,kateryna.shevchenko3@student.org,1963,1,27,QWC-36,23.63,38(050)87-25-976
Василь,Захарченко,vasyl.zakharchenko4@student.org,1954,12,9,HQD-15,8.97,38(098)12-75-263
Михайло,Іваненко,mykhaylo.ivanenko2@student.org,2004,11,10,IAM-51,49.92,38(068)69-88-249
Костянтин,Панченко,kostyantyn.panchenko6@student.org,1977,10,16,NVR-96,18.87,38(067)47-28-193
Максим,Василенко,maksym.vasylenko4@student.org,1968,11,10,DWJ-41,22.26,38(099)70-14-340
Катерина,Петренко,kateryna.petrenko5@student.org,1950,9,15,YDE-50,70.99,38(066)99-34-284
Вікторія,Бойко,viktoriya.boyko5@student.org,1982,6,23,OCH-78,99.94,38(073)96-99-799
Максим,Гладко,maksym.hladko5@student.org,1965,5,29,CGO-91,77.64,38(073)90-33-991
Вікторія,Дорошенко,viktoriya.doroshenko7@student.org,1980,5,7,SJF-89,56.37,38(098)24-53-252
Катерина,Стельмах,kateryna.stelmakh3@student.org,1967,2,22,NYU-91,49.44,38(063)50-84-482
Артем,Коваль,artem.koval7@student.org,1967,1,29,TSG-56,71.09,38(063)73-18-753
Вікторія,Павленко,viktoriya.pavlenko1@student.org,1953,12,23,XZW-68,42.51,38(050)22-86-966
Григорій,Цимбал,hryhoriy.tsymbal6@student.org,1994,4,30,GAY-11,66.42,38(099)89-80-309
Раїса,Іваненко,rayisa.ivanenko1@student.org,1985,1,15,MRE-16,84.29,38(068)66-48-904
Алла,Омельченко,alla.omelchenko7@student.org,2002,7,1,EQV-12,60.18,38(073)17-74-559
Федір,Демченко,fedir.demchenko6@student.org,1972,11,25,DMV-47,5.93,38(093)78-68-573
Вера,Новік,vera.novik3@student.org,1955,3,27,RBH-55,18.29,38(050)25-76-491
Марія,Панченко,mariya.panchenko2@student.org,1960,11,14,RVW-54,62.91,38(098)62-95-821
Володимир,Левченко,volodymyr.levchenko5@student.org,1976,2,3,BFQ-81,32.98,38(093)18-26-244
Галина,Никоненко,halyna.nykonenko3@student.org,1964,4,1,XNG-54,91.5,38(097)71-52-150
Роман,Захарченко,roman.zakharchenko6@student.org,1952,9,11,REE-12,61.3,38(097)10-46-820
Григорій,Гайдук,hryhoriy.hayduk6@student.org,2004,11,9,WRI-62,83.18,38(096)90-48-830
Валентина,Лебедь,valentyna.lebed2@student.org,1991,7,23,VSB-27,64.77,38(096)12-63-633
Вікторія,Козлов,viktoriya.kozlov1@student.org,1985,9,26,FBD-35,17.53,38(096)36-39-420
Олена,Савченко,olena.savchenko5@student.org,1995,2,13,ZCV-16,71.02,38(068)70-86-699
Олена,Шевчук,olena.shevchuk5@student.org,1952,6,20,HOO-32,43.71,38(066)75-64-688
Ганна,Гладко,hanna.hladko3@student.org,1967,1,28,DBR-74,25.19,38(050)82-88-116
Павло,Шевченко,pavlo.shevchenko8@student.org,1965,2,20,PNL-77,58.14,38(067)91-49-292
Марія,Козлов,mariya.kozlov1@student.org,1985,11,18,XTR-34,46.45,38(050)79-86-624
Остап,Коваль,ostap.koval3@student.org,1997,4,20,QLH-54,93.02,38(098)64-97-570
Остап,Ковальчук,ostap.kovalchuk5@student.org,1971,3,21,HZY-69,19.64,38(050)91-47-642
Тарас,Кузьменко,taras.kuzmenko3@student.org,2007,6,26,MAY-67,18.43,38(067)16-90-468
Сергій,Авраменко,serhiy.avramenko1@student.org,1964,9,13,GPQ-92,13.9,38(097)58-73-764
Костянтин,Василенко,kostyantyn.vasylenko2@student.org,1992,9,21,PKJ-92,2.66,38(098)77-56-721
Ганна,Михайленко,hanna.mykhaylenko7@student.org,1991,2,4,NIW-62,0.05,38(050)23-60-492
Галина,Бойко,halyna.boyko4@student.org,1989,12,21,ZFK-10,3.04,38(093)45-19-958
Василь,Литвин,vasyl.lytvyn4@student.org,2006,7,20,EXP-55,39.43,38(068)10-71-910
Володимир,Гончаренко,volodymyr.honcharenko4@student.org,1959,10,15,UMH-94,58.4,38(063)78-36-424
Григорій,Гайдук,hryhoriy.hayduk7@student.org,2000,8,2,DUY-12,95.58,38(073)86-48-276
Роман,Михайленко,roman.mykhaylenko9@student.org,2005,3,13,RIB-13,65.68,38(097)33-21-114
Ганна,Новік,hanna.novik8@student.org,1995,8,25,TEY-59,25.45,38(068)64-97-179
Анна,Омельченко,anna.omelchenko5@student.org,1950,3,12,QFF-13,40.22,38(050)85-79-926
Павло,Омельченко,pavlo.omelchenko2@student.org,1986,10,14,LMA-21,27.94,38(095)36-69-932
Юлія,Козлов,yuliya.kozlov5@student.org,1977,6,19,UEH-88,18.02,38(068)22-70-208
Станіслав,Новік,stanislav.novik3@student.org,1988,3,19,RVP-22,66.41,38(050)10-81-868
Олена,Поліщук,olena.polishchuk6@student.org,1972,3,31,VYL-23,61.66,38(096)91-67-997
Дмитро,Цимбал,dmytro.tsymbal5@student.org,1989,6,2,SCO-24,89.37,38(066)36-10-487
Любов,Кузьменко,lyubov.kuzmenko4@student.org,2000,7,1,ZVA-10,21.37,38(093)20-50-543
Раїса,Білоус,rayisa.bilous4@student.org,1972,7,3,IIA-79,66.94,38(068)42-44-861
Костянтин,Коваль,kostyantyn.koval2@student.org,1991,7,6,JWE-36,62.59,38(096)17-35-818
Остап,Павленко,ostap.pavlenko3@student.org,1994,8,15,TAQ-70,95.16,38(098)18-56-538
Лілія,Макаренко,liliya.makarenko5@student.org,1998,3,28,QDH-14,71.38,38(073)76-62-545
Любов,Литвин,lyubov.lytvyn3@student.org,1997,3,10,SBT-22,13.77,38(099)74-61-725
Марія,Михайленко,mariya.mykhaylenko5@student.org,1965,11,2,XKK-45,48.8,38(095)51-74-861
Світлана,Гриценко,svitlana.hrytsenko6@student.org,1952,5,11,KZR-75,59.74,38(096)60-74-533
Віктор,Козлов,viktor.kozlov3@student.org,1963,2,21,NML-73,77.32,38(066)88-64-833
Вікторія,Стельмах,viktoriya.stelmakh2@student.org,1977,3,28,SXG-84,64.16,38(073)84-12-832
Михайло,Романенко,mykhaylo.romanenko3@student.org,1997,2,10,BPF-99,67.59,38(097)59-48-272
Денис,Макаренко,denys.makarenko9@student.org,1978,7,13,RWQ-46,61.04,38(050)12-72-979
Ірина,Козлов,iryna.kozlov6@student.org,1968,2,22,FKA-38,1.7,38(098)31-86-835
Олеся,Козлов,olesya.kozlov2@student.org,1982,6,15,TWY-17,12.19,38(096)97-92-606
Володимир,Авраменко,volodymyr.avramenko2@student.org,1962,5,21,OGW-26,73.46,38(099)79-77-146
Віктор,Марченко,viktor.marchenko4@student.org,1989,3,12,HKI-76,17.11,38(093)60-97-181
Володимир,Мельник,volodymyr.melnyk3@student.org,1957,7,19,VEK-46,4.88,38(068)34-76-319
Ганна,Цимбал,hanna.tsymbal7@student.org,1960,8,6,QLR-17,63.39,38(095)96-43-146
Раїса,Костенко,rayisa.kostenko5@student.org,1959,7,20,VAP-36,69.56,38(098)13-32-131
Любов,Ковальчук,lyubov.kovalchuk1@student.org,2004,6,22,NDH-84,59.84,38(096)54-48-801
Раїса,Кравченко,rayisa.kravchenko4@student.org,1970,6,27,LPD-56,84.51,38(067)58-13-974
Галина,Цимбал,halyna.tsymbal3@student.org,1954,6,10,WBQ-25,90.46,38(066)57-24-767
Лілія,Литвин,liliya.lytvyn@student.org,1976,12,17,RTX-70,15.3,38(066)24-77-885
Остап,Костенко,ostap.kostenko2@student.org,1961,10,13,IDF-74,94.07,38(098)45-78-700
Станіслав,Шаповал,stanislav.shapoval2@student.org,1950,11,19,GFN-99,83.9,38(066)51-31-368
Любов,Коваленко,lyubov.kovalenko5@student.org,1965,2,11,AEG-31,51.3,38(050)27-61-886
Вікторія,Стельмах,viktoriya.stelmakh3@student.org,2007,1,7,WCR-11,5.17,38(066)35-71-721
Тарас,Шаповал,taras.shapoval2@student.org,1956,7,20,TPZ-52,11.37,38(095)47-82-741
Костянтин,Дорошенко,kostyantyn.doroshenko4@student.org,1964,12,14,CUP-62,85.81,38(068)43-28-390
Роман,Романенко,roman.romanenko9@student.org,1982,10,10,BLG-29,88.86,38(098)56-11-855
Марія,Демченко,mariya.demchenko7@student.org,1998,4,17,EFL-51,11.06,38(097)35-80-264
Наталія,Зайцев,nataliya.zaytsev4@student.org,1997,8,8,RZG-31,47.82,38(068)55-81-105
Станіслав,Костенко,stanislav.kostenko4@student.org,1958,7,10,ZMK-51,89.59,38(073)48-62-636
Сергій,Лисенко,serhiy.lysenko4@student.org,1973,1,23,NOA-52,6.96,38(050)64-80-732
Іван,Гладко,ivan.hladko7@student.org,1970,9,24,VRJ-77,15.36,38(096)59-18-141
Максим,Гончаренко,maksym.honcharenko2@student.org,1977,3,25,ZMJ-20,43.18,38(099)56-27-413
Петро,Демченко,petro.demchenko3@student.org,2008,12,29,BVS-40,29.89,38(096)37-21-273
Надія,Савченко,nadiya.savchenko4@student.org,2004,1,22,RMB-63,32.43,38(098)15-57-343
Володимир,Шевчук,volodymyr.shevchuk2@student.org,1987,7,2,OBJ-92,93.76,38(097)86-59-590
Роман,Зайцев,roman.zaytsev10@student.org,1988,10,24,XLT-28,9.91,38(096)77-35-984
Вікторія,Новік,viktoriya.novik9@student.org,2003,3,3,OGT-98,95.18,38(066)82-74-518
Анна,Шевчук,anna.shevchuk3@student.org,2007,8,14,ABY-41,46.14,38(073)63-24-319
Ярослав,Козлов,yaroslav.kozlov3@student.org,1962,7,7,HOX-73,95.17,38(050)39-35-220
Тетяна,Білоус,tetyana.bilous1@student.org,1999,6,17,QZG-88,16.91,38(067)28-35-327
Анна,Шевчук,anna.shevchuk4@student.org,1974,2,22,MQW-29,56.95,38(096)43-69-919
Денис,Литвин,denys.lytvyn4@student.org,1996,11,11,NTK-95,72.25,38(098)91-77-786
Галина,Король,halyna.korol6@student.org,1996,4,10,FNW-40,98.92,38(097)35-28-877
Алла,Козлов,alla.kozlov3@student.org,1996,7,20,HYH-48,34.41,38(073)73-58-955
Оксана,Коваль,oksana.koval3@student.org,1977,12,14,RTX-70,38.62,38(098)93-25-162
Наталія,Левченко,nataliya.levchenko5@student.org,1953,11,10,VJV-26,1.14,38(068)62-28-670
Вера,Іваненко,vera.ivanenko8@student.org,1952,6,27,PCD-39,40.81,38(097)42-51-194
Петро,Ковальчук,petro.kovalchuk4@student.org,1969,4,4,BHE-94,41.44,38(067)13-10-530
Сергій,Коваль,serhiy.koval3@student.org,1959,11,24,HBX-33,78.44,38(095)37-25-272
Алла,Костенко,alla.kostenko2@student.org,1991,11,29,CUG-74,98.47,38(073)78-26-955
Людмила,Павленко,lyudmyla.pavlenko7@student.org,1954,3,4,SSD-26,37.67,38(050)38-78-215
Лілія,Поліщук,liliya.polishchuk5@student.org,1981,12,26,STE-30,49.78,38(066)56-15-617
Ганна,Козлов,hanna.kozlov4@student.org,1983,2,9,IYV-43,47.16,38(066)49-54-689
Богдан,Демченко,bohdan.demchenko4@student.org,1992,5,11,QOI-12,34.39,38(098)67-47-331
Олеся,Захарченко,olesya.zakharchenko4@student.org,1985,10,20,GNZ-23,56.87,38(066)20-88-959
Лілія,Гайдук,liliya.hayduk3@student.org,1969,9,29,TON-41,59.18,38(050)32-43-253
Юлія,Скрипка,yuliya.skrypka@student.org,1972,9,19,CJZ-26,47.21,38(068)54-20-482
Віктор,Козлов,viktor.kozlov4@student.org,1987,6,2,EEV-38,10.52,38(095)13-15-825
Петро,Дорошенко,petro.doroshenko5@student.org,2004,4,6,NZA-50,43.94,38(073)62-81-957
Тетяна,Никоненко,tetyana.nykonenko3@student.org,1959,6,21,OMJ-33,25.24,38(066)84-19-977
Надія,Шевчук,nadiya.shevchuk2@student.org,1951,6,16,FEV-47,45.25,38(050)63-39-568
Роман,Цимбал,roman.tsymbal10@student.org,1973,12,5,MMS-77,99.69,38(050)36-75-926
Олена,Демченко,olena.demchenko6@student.org,1957,3,12,VCJ-17,79.7,38(063)98-10-672
Валентина,Шаповал,valentyna.shapoval5@student.org,1973,7,18,TYO-56,10.73,38(099)37-96-575
Олеся,Шевчук,olesya.shevchuk3@student.org,1958,7,21,WQR-42,51.8,38(068)36-67-891
Юлія,Левченко,yuliya.levchenko4@student.org,1970,12,8,EZK-31,84.97,38(067)58-72-872
Василь,Гончаренко,vasyl.honcharenko4@student.org,1997,7,14,EGV-74,87.83,38(050)67-89-883
Тетяна,Панченко,tetyana.panchenko5@student.org,1967,3,13,GFG-58,97.7,38(098)52-26-280
Ярослав,Коваль,yaroslav.koval2@student.org,2008,8,4,VJS-86,71.07,38(098)98-22-123
Сергій,Стельмах,serhiy.stelmakh5@student.org,1967,12,5,XEJ-78,9.89,38(093)21-64-106
Олеся,Шевчук,olesya.shevchuk4@student.org,1966,8,6,RDF-13,86.5,38(050)71-21-356
Лілія,Авраменко,liliya.avramenko2@student.org,2008,10,4,CXV-57,93.66,38(093)66-57-649
Олександр,Павленко,oleksandr.pavlenko6@student.org,1996,8,11,QLL-46,88.29,38(050)80-44-929
Ігор,Василенко,ihor.vasylenko@student.org,2002,3,13,ARH-17,68.37,38(068)88-73-787
Інна,Петренко,inna.petrenko4@student.org,2001,11,15,VVC-95,36.6,38(095)22-32-357
Оксана,Захарченко,oksana.zakharchenko5@student.org,1992,10,9,CTR-92,65.93,38(066)24-99-916
Анна,Король,anna.korol4@student.org,1970,9,7,NGD-30,54.84,38(066)61-76-669
Алла,Ковальчук,alla.kovalchuk4@student.org,1955,4,16,GXV-71,54.71,38(050)41-45-103
Володимир,Марченко,volodymyr.marchenko4@student.org,1960,10,22,VYC-70,19.79,38(050)54-12-168
Валентина,Гладко,valentyna.hladko6@student.org,1995,6,19,TEF-91,61.64,38(067)48-17-838
Олеся,Лисенко,olesya.lysenko4@student.org,1990,8,22,BEL-44,88.98,38(095)82-91-175
Тарас,Гриценко,taras.hrytsenko5@student.org,2003,2,27,ZVG-31,43.16,38(097)18-25-859
Людмила,Коваленко,lyudmyla.kovalenko2@student.org,1957,9,23,XLG-22,99.84,38(063)91-13-434
Людмила,Рибак,lyudmyla.rybak2@student.org,1953,5,27,PZC-90,14.28,38(097)25-79-248
Віталій,Костенко,vitaliy.kostenko3@student.org,1991,5,2,OEL-19,37.07,38(095)18-31-504
Григорій,Новік,hryhoriy.novik2@student.org,1984,4,9,MUW-51,46.42,38(050)61-60-331
Максим,Коваленко,maksym.kovalenko2@student.org,1964,9,21,LPR-28,92.43,38(099)97-42-633
Роман,Шаповал,roman.shapoval8@student.org,2010,12,13,RZG-31,82.23,38(097)37-96-318
Станіслав,Шевчук,stanislav.shevchuk3@student.org,1963,6,5,JWS-45,82.73,38(097)39-79-664
Оксана,Гончаренко,oksana.honcharenko8@student.org,1991,12,16,UPR-38,83.93,38(068)30-83-746
Олеся,Шевчук,olesya.shevchuk5@student.org,2002,2,9,SPL-62,59.21,38(050)98-63-190
Володимир,Гладко,volodymyr.hladko@student.org,2000,7,19,DJV-58,32.15,38(050)42-62-869
Андрій,Демченко,andriy.demchenko5@student.org,1983,5,20,CZC-63,8.03,38(068)73-94-324
Євгенія,Коваленко,yevheniya.kovalenko1@student.org,1952,2,10,GWY-95,49.91,38(073)96-33-871
Вера,Гриценко,vera.hrytsenko6@student.org,1956,4,26,ZSJ-62,28.53,38(097)70-94-476
Василь,Стельмах,vasyl.stelmakh3@student.org,1982,9,13,FHR-78,46.57,38(097)12-62-344
Людмила,Козлов,lyudmyla.kozlov4@student.org,1973,2,9,JLD-92,39.82,38(067)19-52-883
Катерина,Білоус,kateryna.bilous2@student.org,1968,5,6,ORS-10,53.34,38(050)16-26-683
Ігор,Мельник,ihor.melnyk5@student.org,2008,10,14,PRZ-76,87.61,38(067)61-77-902
Інна,Михайленко,inna.mykhaylenko5@student.org,1974,2,5,RWZ-83,35.82,38(093)61-62-287
Олена,Панченко,olena.panchenko4@student.org,1950,6,7,WCR-11,25.91,38(098)55-45-947
Петро,Гайдук,petro.hayduk3@student.org,1962,11,16,ZGN-26,93.85,38(095)72-54-110
Остап,Стельмах,ostap.stelmakh6@student.org,1966,2,23,TTQ-61,57.19,38(073)29-49-817
Лілія,Кузьменко,liliya.kuzmenko6@student.org,1964,2,14,WJF-17,26.75,38(096)32-68-653
Ірина,Макаренко,iryna.makarenko2@student.org,1957,8,16,KVM-41,85.71,38(066)18-77-780
Василь,Шевченко,vasyl.shevchenko7@student.org,2000,10,2,YPQ-73,55.15,38(073)67-52-119
Денис,Гайдук,denys.hayduk6@student.org,1981,5,14,EQG-67,82.36,38(099)68-66-122
Валентина,Кузьменко,valentyna.kuzmenko3@student.org,1952,10,20,PCB-63,61.79,38(097)54-37-739
Катерина,Демченко,kateryna.demchenko6@student.org,1985,2,6,LRT-55,36.57,38(096)62-58-538
Федір,Новік,fedir.novik4@student.org,1965,6,14,UVH-18,34.38,38(097)57-47-262
Лілія,Панченко,liliya.panchenko3@student.org,1962,7,13,GOO-70,73.27,38(093)95-71-840
Вера,Гайдук,vera.hayduk2@student.org,1974,1,30,ZPE-39,47.7,38(050)53-22-152
Богдан,Лебедь,bohdan.lebed2@student.org,1958,11,29,VEU-61,64.36,38(093)42-50-438
Оксана,Дорошенко,oksana.doroshenko1@student.org,1964,8,12,UDA-50,96.14,38(066)75-21-158
Тетяна,Руденко,tetyana.rudenko4@student.org,1965,7,6,WLO-28,66.43,38(096)42-25-737
Богдан,Макаренко,bohdan.makarenko4@student.org,2010,3,27,FCQ-32,49.05,38(098)18-38-292
Ганна,Коваль,hanna.koval@student.org,2008,12,31,DDZ-24,95.64,38(050)64-18-217
Анна,Козлов,anna.kozlov4@student.org,2006,3,22,NWJ-27,91.35,38(067)21-42-755
Катерина,Стельмах,kateryna.stelmakh4@student.org,1976,6,13,POZ-58,44.44,38(067)15-16-573
Денис,Мельник,denys.melnyk4@student.org,2000,8,4,ITH-31,88.46,38(099)97-96-665
Василь,Поліщук,vasyl.polishchuk6@student.org,1950,6,1,JUN-56,21.94,38(099)39-64-124
Сергій,Омельченко,serhiy.omelchenko1@student.org,1962,10,13,KFS-31,29.5,38(050)22-69-586
Світлана,Стельмах,svitlana.stelmakh5@student.org,1996,10,7,PGX-58,54.45,38(063)68-13-834
Тарас,Марченко,taras.marchenko2@student.org,2006,11,9,QHU-23,0.03,38(095)66-97-425
Людмила,Стельмах,lyudmyla.stelmakh3@student.org,1983,7,11,PLV-48,76.01,38(099)32-74-421
Володимир,Кравченко,volodymyr.kravchenko2@student.org,1961,12,11,WLA-91,0.23,38(066)90-77-159
Остап,Руденко,ostap.rudenko5@student.org,1998,8,23,WBI-63,16.8,38(098)18-72-608
Юрій,Демченко,yuriy.demchenko5@student.org,1993,5,7,LAM-32,2.6,38(067)23-67-518
Любов,Новік,lyubov.novik9@student.org,1989,12,22,OGT-98,14.43,38(095)48-94-302
Артем,Зайцев,artem.zaytsev8@student.org,1950,8,31,SFZ-68,59.01,38(098)27-49-607
Олена,Гайдук,olena.hayduk4@student.org,1962,2,15,OZY-52,68.74,38(099)86-78-690
Світлана,Омельченко,svitlana.omelchenko4@student.org,1959,4,6,HNV-49,99.33,38(068)53-15-188
Олеся,Козлов,olesya.kozlov3@student.org,1962,8,30,OPH-12,79.04,38(066)11-76-679
Станіслав,Марченко,stanislav.marchenko6@student.org,1998,4,20,XQU-70,18.82,38(050)59-31-528
Ярослав,Зайцев,yaroslav.zaytsev5@student.org,1990,6,9,ZPE-39,46.4,38(095)10-94-733
Дмитро,Руденко,dmytro.rudenko5@student.org,2001,5,22,WVH-86,85.95,38(067)12-22-493
Раїса,Дорошенко,rayisa.doroshenko4@student.org,1972,3,12,AIK-11,82.57,38(093)90-16-834
Володимир,Стельмах,volodymyr.stelmakh3@student.org,1971,5,19,SMT-11,1.36,38(093)77-52-732
Ігор,Марченко,ihor.marchenko6@student.org,1955,9,11,AWJ-64,96.09,38(066)92-82-685
Артем,Бойко,artem.boyko4@student.org,1986,2,4,AAG-99,89.29,38(097)53-54-784
Євгенія,Шевченко,yevheniya.shevchenko2@student.org,1968,2,28,UVH-92,60.68,38(067)67-36-558
Інна,Новік,inna.novik2@student.org,1958,7,23,JKA-80,58.2,38(067)70-75-857
Марія,Павленко,mariya.pavlenko4@student.org,1993,5,16,ZZL-26,80.3,38(073)48-27-151
Любов,Петренко,lyubov.petrenko4@student.org,1951,10,30,BQX-91,36.59,38(098)45-44-177
Петро,Костенко,petro.kostenko6@student.org,1950,8,28,EVC-88,36.98,38(066)88-89-821
Олеся,Савченко,olesya.savchenko4@student.org,1988,12,10,QPN-10,55.03,38(050)26-13-624
Артем,Кравченко,artem.kravchenko4@student.org,1952,7,5,OAG-24,89.54,38(063)59-80-527
Остап,Шаповал,ostap.shapoval2@student.org,1964,8,15,YXU-80,92.42,38(050)59-36-600
Надія,Панченко,nadiya.panchenko9@student.org,2007,1,20,KPI-76,29.43,38(097)83-33-449
Василь,Ковальчук,vasyl.kovalchuk5@student.org,1975,10,11,XYL-63,2.91,38(068)92-99-973
Іван,Скрипка,ivan.skrypka3@student.org,1978,10,4,ZKX-53,52.77,38(097)36-12-515
Світлана,Левченко,svitlana.levchenko5@student.org,1993,6,29,YOW-45,97.87,38(099)27-65-185
Віктор,Гончаренко,viktor.honcharenko2@student.org,1992,3,27,LLN-57,11.27,38(097)84-95-866
Роман,Романенко,roman.romanenko10@student.org,1976,5,29,XKQ-72,29.53,38(063)76-63-397
Павло,Гладко,pavlo.hladko4@student.org,1964,3,28,UQF-26,29.31,38(095)52-39-657
Світлана,Авраменко,svitlana.avramenko2@student.org,2000,4,14,AEV-87,17.68,38(067)49-12-646
Надія,Кузьменко,nadiya.kuzmenko2@student.org,1993,6,4,SAM-83,88.6,38(067)85-80-602
Олександр,Шаповал,oleksandr.shapoval2@student.org,2001,10,28,UZN-67,1.58,38(096)67-97-452
Михайло,Лисенко,mykhaylo.lysenko6@student.org,2007,6,27,OAV-20,5.25,38(050)61-98-459
Максим,Марченко,maksym.marchenko3@student.org,1955,10,7,TLO-90,57.72,38(099)12-53-544
Сергій,Петренко,serhiy.petrenko1@student.org,1973,5,6,QSA-67,96.29,38(068)37-41-585
Павло,Шаповал,pavlo.shapoval5@student.org,2004,11,7,CVV-69,68.9,38(095)99-66-511
Валентина,Гладко,valentyna.hladko7@student.org,1968,2,12,VZL-84,79.19,38(093)26-49-556
Ігор,Іваненко,ihor.ivanenko1@student.org,1958,4,21,JBK-13,55.25,38(073)61-67-607
Юрій,Гончаренко,yuriy.honcharenko2@student.org,1950,2,18,OAA-49,66.8,38(063)30-28-115
Ігор,Авраменко,ihor.avramenko6@student.org,1961,10,17,ZHO-79,73.05,38(073)57-18-959
Тетяна,Гриценко,tetyana.hrytsenko3@student.org,1984,6,2,EXH-47,82.61,38(097)45-25-627
Федір,Стельмах,fedir.stelmakh4@student.org,1998,6,24,VOX-27,30.76,38(050)69-38-503
Вера,Авраменко,vera.avramenko5@student.org,1995,11,21,NOB-60,57.62,38(095)86-88-163
Валентина,Костенко,valentyna.kostenko3@student.org,2007,12,22,SKB-62,81.32,38(067)22-59-784
Ігор,Ткаченко,ihor.tkachenko5@student.org,2008,1,23,UKE-75,79.43,38(099)82-89-284
Григорій,Петренко,hryhoriy.petrenko@student.org,2003,10,24,VZL-84,70.64,38(063)35-75-238
Світлана,Мельник,svitlana.melnyk2@student.org,1981,8,14,VYG-81,4.88,38(067)27-27-160
Оксана,Василенко,oksana.vasylenko6@student.org,1999,10,16,BPF-99,79.12,38(093)57-33-858
Костянтин,Демченко,kostyantyn.demchenko3@student.org,1952,2,18,KGU-90,40.11,38(098)30-47-112
Ігор,Козлов,ihor.kozlov4@student.org,1963,8,7,IKW-21,66.49,38(096)44-47-497
Віталій,Мельник,vitaliy.melnyk4@student.org,1974,2,8,NQU-81,70.85,38(099)38-57-234
Любов,Король,lyubov.korol7@student.org,1951,1,12,XGK-58,36.19,38(097)67-29-120
Юрій,Авраменко,yuriy.avramenko10@student.org,1963,1,11,EOF-14,78.33,38(095)17-43-834
Віталій,Петренко,vitaliy.petrenko3@student.org,2003,4,17,LAA-92,75.92,38(098)28-89-989
Любов,Зайцев,lyubov.zaytsev1@student.org,1986,2,12,PBA-98,44.62,38(066)58-62-492
Богдан,Литвин,bohdan.lytvyn4@student.org,1980,6,6,BDU-11,63.63,38(095)79-22-659
Ірина,Ткаченко,iryna.tkachenko8@student.org,2008,4,17,QDF-55,8.6,38(097)62-96-711
Вера,Петренко,vera.petrenko3@student.org,1957,10,10,SDE-69,27.98,38(098)73-79-355
Юрій,Костенко,yuriy.kostenko4@student.org,2009,12,24,XNQ-49,1.86,38(073)43-77-692
Ярослав,Омельченко,yaroslav.omelchenko5@student.org,1964,10,31,LQV-82,64.63,38(066)57-55-868
Любов,Іваненко,lyubov.ivanenko4@student.org,1981,2,4,QSJ-77,74.93,38(098)23-49-703
Тарас,Мельник,taras.melnyk4@student.org,1965,10,14,EAU-58,79.53,38(097)92-29-859
Марія,Петренко,mariya.petrenko7@student.org,1973,9,14,UXC-57,31.3,38(067)78-43-196
Петро,Ковальчук,petro.kovalchuk5@student.org,1972,12,3,COD-54,13.93,38(095)32-29-496
Володимир,Новік,volodymyr.novik1@student.org,1961,3,10,ROX-78,56.97,38(066)70-34-704
Лариса,Новік,larysa.novik7@student.org,1951,3,10,XBW-93,10.99,38(066)78-49-141
Лариса,Дорошенко,larysa.doroshenko7@student.org,1983,6,18,TEY-59,41.8,38(098)51-73-414
Дмитро,Цимбал,dmytro.tsymbal6@student.org,1985,12,7,XDK-20,31.47,38(050)50-27-327
Вікторія,Бойко,viktoriya.boyko6@student.org,1958,9,10,XAU-61,91.13,38(098)69-70-121
Роман,Авраменко,roman.avramenko13@student.org,1986,7,12,XTL-68,95.8,38(063)58-51-763
Артем,Ткаченко,artem.tkachenko2@student.org,1957,9,20,TSG-56,13.85,38(098)16-82-473
Галина,Петренко,halyna.petrenko2@student.org,1983,11,13,BSK-24,23.41,38(097)96-16-423
Ярослав,Поліщук,yaroslav.polishchuk4@student.org,1958,12,30,QEU-60,9.34,38(098)93-78-623
Тетяна,Поліщук,tetyana.polishchuk4@student.org,1983,9,11,WLO-28,93.41,38(097)60-43-404
Максим,Стельмах,maksym.stelmakh3@student.org,1972,8,25,WQK-52,58.55,38(098)50-49-937
Роман,Шевчук,roman.shevchuk6@student.org,1962,2,17,RWI-89,27.69,38(093)43-40-775
Михайло,Гладко,mykhaylo.hladko3@student.org,1999,11,27,QGZ-10,33.56,38(096)56-95-242
Максим,Козлов,maksym.kozlov4@student.org,1957,1,26,WPJ-81,19.2,38(066)72-51-510
Наталія,Никоненко,nataliya.nykonenko3@student.org,1998,6,20,AKJ-64,66.07,38(095)65-11-175
Максим,Кузьменко,maksym.kuzmenko5@student.org,1953,11,26,ITJ-98,88.43,38(063)50-17-194
Вера,Омельченко,vera.omelchenko2@student.org,1995,6,7,RSF-66,50.29,38(099)79-12-681
Богдан,Цимбал,bohdan.tsymbal3@student.org,1964,4,18,NWW-68,5.91,38(063)70-34-921
Василь,Захарченко,vasyl.zakharchenko5@student.org,1956,9,17,QYZ-31,19.51,38(073)27-44-805
Марія,Гончаренко,mariya.honcharenko2@student.org,1974,10,7,QMF-40,76.72,38(098)18-21-471
Федір,Бойко,fedir.boyko2@student.org,1991,4,19,KFC-39,71.49,38(098)56-38-855
Ігор,Шаповал,ihor.shapoval4@student.org,1994,4,18,VOM-38,83.71,38(050)57-35-401
Євгенія,Бойко,yevheniya.boyko3@student.org,2001,3,7,HFU-53,24.9,38(093)42-33-871
Вікторія,Дорошенко,viktoriya.doroshenko8@student.org,1978,3,12,JJV-83,62.77,38(073)27-30-556
Максим,Захарченко,maksym.zakharchenko4@student.org,1989,1,28,GFG-99,9.65,38(073)24-42-656
Станіслав,Гайдук,stanislav.hayduk4@student.org,1995,3,5,BPF-99,24.7,38(068)97-55-661
Алла,Левченко,alla.levchenko4@student.org,1984,7,3,XWJ-48,47.98,38(099)76-87-943